Jobname: geom
Scratch directory: server_2025-09-17-13.09.03/job_1/scr
Random number seed: 1649691776

XYZ coordinates server_2025-09-17-13.09.03/job_1/geom.rst7
Amber prmtop file server_2025-09-17-13.09.03/job_1/parameters.prmtop
QM index file server_2025-09-17-13.09.03/job_1/region.qm
Molden File Output: server_2025-09-17-13.09.03/job_1/scr/geom.molden
Using basis set: 6-31gs
dmrgstart not found
Spin multiplicity: 1
DIIS will use up to 10 vectors.
Condition number limit for the DIIS overlap matrix is            0
WF convergence threshold: 3.00e-05
Using DIIS algorithm to converge WF
Maximum number of SCF iterations: 100
Incremental fock with rebuild every 8 iterations
Will switch to conventional Fock if diffuse functions are detected
X-matrix tolerance: 1.00e-04
PRECISION: DOUBLE
DFT Functional requested: b3lyp1
Method: B3LYP 
  Hartree-Fock exact exchange:          0.20 
  Slater exchange functional:           0.80 
  Becke 1988 exchange functional:       0.72 
  Lee-Yang-Parr correlation functional: 0.81 
  VWN(I) correlation functional:        0.19 
Wavefunction: RESTRICTED
DFT grid type: 1
Using dynamic DFT grids.
Initial guess generated by maximum overlap

Using OpenMM. QM/MM is enabled.
The energies and gradients will have MM components, but this will be computed by OpenMM.

********************************************
**** SINGLE POINT GRADIENT CALCULATIONS ****
********************************************
SCF:   Initial guess is taken from previous step
CIS:   Initial guess is taken from previous step
Z-vec: Initial guess is taken from previous step
*************WARNING***************
Unrecognized or unnecessary keywords:
These are being ignored.
   genscrdata false
***********************************
REMARK  Using OpenMM platform CPU
Made it passed OpenMM system construction
Number of MM atoms: 1170
Number of QM atoms:   42 (including 0 link atoms)
Number of MM atoms:   1170



Basis set:       6-31gs
Total atoms:     42
Total charge:    0
Total electrons: 158 (79-alpha, 79-beta)
Number electrons modeled by ECPs: 0
Total orbitals:  357
Total AO shells: 168 (105 S-shells; 42 P-shells; 21 D-shells; 0 F-shells; 0 G-shells)
Spin multiplicity: 1
Nuclear repulsion energy (QM atoms): 1871.442673575171 a.u.

Total charge from MM point charges: 0.00e

Henry: MM Charge: -0.8200000000, xyz (Ang): -3.3539998000  -0.1780000000  2.8019998000
Henry: MM Charge: 0.4100000000, xyz (Ang): -2.3469998000  -0.2310000000  2.6519998000
Henry: MM Charge: 0.4100000000, xyz (Ang): -3.4879998000  0.3840000000  3.6639998000
Henry: MM Charge: -0.8200000000, xyz (Ang): 7.4379995000  -10.6729993000  3.9539997000
Henry: MM Charge: 0.4100000000, xyz (Ang): 7.8019995000  -11.3989992000  4.5369997000
Henry: MM Charge: 0.4100000000, xyz (Ang): 8.2549995000  -10.2989993000  3.4669998000
Henry: MM Charge: -0.8200000000, xyz (Ang): -1.2359999000  6.7029996000  -11.3919992000
Henry: MM Charge: 0.4100000000, xyz (Ang): -0.9189999000  7.1299995000  -12.2939992000
Henry: MM Charge: 0.4100000000, xyz (Ang): -2.2229999000  6.2729996000  -11.5169992000
Henry: MM Charge: -0.8200000000, xyz (Ang): -10.4669993000  0.0510000000  0.9779999000
Henry: MM Charge: 0.4100000000, xyz (Ang): -10.1879993000  -0.7619999000  0.4150000000
Henry: MM Charge: 0.4100000000, xyz (Ang): -10.4389993000  -0.2870000000  1.9379999000
Henry: MM Charge: -0.8200000000, xyz (Ang): 2.0119999000  -7.1459995000  11.0609993000
Henry: MM Charge: 0.4100000000, xyz (Ang): 2.0299999000  -6.4379996000  11.8299992000
Henry: MM Charge: 0.4100000000, xyz (Ang): 2.0719999000  -6.5939996000  10.1509993000
Henry: MM Charge: -0.8200000000, xyz (Ang): 2.4089998000  1.2409999000  -5.6529996000
Henry: MM Charge: 0.4100000000, xyz (Ang): 2.9949998000  1.6179999000  -4.8829997000
Henry: MM Charge: 0.4100000000, xyz (Ang): 2.3799998000  0.2090000000  -5.6159996000
Henry: MM Charge: -0.8200000000, xyz (Ang): 9.2349994000  -4.0679997000  9.9009993000
Henry: MM Charge: 0.4100000000, xyz (Ang): 8.4209994000  -3.9259997000  9.3249994000
Henry: MM Charge: 0.4100000000, xyz (Ang): 10.0029993000  -3.3999998000  9.6059994000
Henry: MM Charge: -0.8200000000, xyz (Ang): 3.7359998000  -5.8219996000  -9.0359994000
Henry: MM Charge: 0.4100000000, xyz (Ang): 3.6309998000  -6.4149996000  -8.2489995000
Henry: MM Charge: 0.4100000000, xyz (Ang): 4.2899997000  -4.9649997000  -8.8399994000
Henry: MM Charge: -0.8200000000, xyz (Ang): -5.5129996000  13.4679991000  -2.3109998000
Henry: MM Charge: 0.4100000000, xyz (Ang): -5.8159996000  12.7079992000  -1.6699999000
Henry: MM Charge: 0.4100000000, xyz (Ang): -6.2819996000  14.0489991000  -2.5249998000
Henry: MM Charge: -0.8200000000, xyz (Ang): 8.6659994000  -3.4559998000  6.5739996000
Henry: MM Charge: 0.4100000000, xyz (Ang): 9.2209994000  -2.6209998000  6.5099996000
Henry: MM Charge: 0.4100000000, xyz (Ang): 8.6299994000  -3.7869998000  5.6179996000
Henry: MM Charge: -0.8200000000, xyz (Ang): 5.9579996000  6.1159996000  -10.4529993000
Henry: MM Charge: 0.4100000000, xyz (Ang): 6.7389996000  6.0399996000  -11.1309993000
Henry: MM Charge: 0.4100000000, xyz (Ang): 5.1329997000  5.5289996000  -10.6179993000
Henry: MM Charge: -0.8200000000, xyz (Ang): -1.2379999000  -9.9239993000  -8.3809994000
Henry: MM Charge: 0.4100000000, xyz (Ang): -0.8869999000  -9.0959994000  -8.8889994000
Henry: MM Charge: 0.4100000000, xyz (Ang): -1.7639999000  -9.6289994000  -7.5389995000
Henry: MM Charge: -0.8200000000, xyz (Ang): 5.1649997000  9.6169994000  -7.2949995000
Henry: MM Charge: 0.4100000000, xyz (Ang): 5.8029996000  9.6879994000  -6.5179996000
Henry: MM Charge: 0.4100000000, xyz (Ang): 4.5079997000  8.7819994000  -7.0589995000
Henry: MM Charge: -0.8200000000, xyz (Ang): 11.7929992000  4.1959997000  -4.0889997000
Henry: MM Charge: 0.4100000000, xyz (Ang): 11.0359993000  4.8369997000  -3.8179997000
Henry: MM Charge: 0.4100000000, xyz (Ang): 11.8199992000  3.4529998000  -3.3869998000
Henry: MM Charge: -0.8200000000, xyz (Ang): -4.1999997000  2.6079998000  -1.1599999000
Henry: MM Charge: 0.4100000000, xyz (Ang): -4.3299997000  1.8519999000  -0.4710000000
Henry: MM Charge: 0.4100000000, xyz (Ang): -4.1649997000  3.5299998000  -0.6930000000
Henry: MM Charge: -0.8200000000, xyz (Ang): -5.8189996000  7.2179995000  0.1880000000
Henry: MM Charge: 0.4100000000, xyz (Ang): -6.5069996000  6.7269996000  -0.4020000000
Henry: MM Charge: 0.4100000000, xyz (Ang): -6.3289996000  7.7509995000  0.8489999000
Henry: MM Charge: -0.8200000000, xyz (Ang): 6.8459995000  6.2409996000  -3.2599998000
Henry: MM Charge: 0.4100000000, xyz (Ang): 6.7189996000  5.5919996000  -2.4669998000
Henry: MM Charge: 0.4100000000, xyz (Ang): 6.3449996000  7.0259995000  -2.8619998000
Henry: MM Charge: -0.8200000000, xyz (Ang): -5.6689996000  11.7039992000  -0.3080000000
Henry: MM Charge: 0.4100000000, xyz (Ang): -6.4469996000  11.0909993000  -0.4270000000
Henry: MM Charge: 0.4100000000, xyz (Ang): -5.7569996000  12.0929992000  0.6160000000
Henry: MM Charge: -0.8200000000, xyz (Ang): 0.9699999000  -2.3449998000  -11.1749993000
Henry: MM Charge: 0.4100000000, xyz (Ang): 0.3330000000  -2.9799998000  -10.6849993000
Henry: MM Charge: 0.4100000000, xyz (Ang): 1.5129999000  -1.7769999000  -10.5459993000
Henry: MM Charge: -0.8200000000, xyz (Ang): -13.1679991000  0.2610000000  1.1269999000
Henry: MM Charge: 0.4100000000, xyz (Ang): -13.2409991000  1.0389999000  0.4580000000
Henry: MM Charge: 0.4100000000, xyz (Ang): -12.2269992000  -0.0930000000  1.0169999000
Henry: MM Charge: -0.8200000000, xyz (Ang): -1.1939999000  14.5009990000  0.8619999000
Henry: MM Charge: 0.4100000000, xyz (Ang): -2.1599999000  14.2319991000  0.5180000000
Henry: MM Charge: 0.4100000000, xyz (Ang): -0.9719999000  15.3459990000  0.4110000000
Henry: MM Charge: -0.8200000000, xyz (Ang): -9.0879994000  -5.8299996000  4.3169997000
Henry: MM Charge: 0.4100000000, xyz (Ang): -8.8039994000  -4.9999997000  3.7879998000
Henry: MM Charge: 0.4100000000, xyz (Ang): -8.2799995000  -6.4869996000  4.2659997000
Henry: MM Charge: -0.8200000000, xyz (Ang): -7.3879995000  8.9049994000  -2.4589998000
Henry: MM Charge: 0.4100000000, xyz (Ang): -7.8579995000  8.1089995000  -2.9489998000
Henry: MM Charge: 0.4100000000, xyz (Ang): -6.4439996000  8.7049994000  -2.1519999000
Henry: MM Charge: -0.8200000000, xyz (Ang): 3.4339998000  10.8889993000  5.2009997000
Henry: MM Charge: 0.4100000000, xyz (Ang): 3.0879998000  11.5029992000  4.4489997000
Henry: MM Charge: 0.4100000000, xyz (Ang): 2.7419998000  10.4019993000  5.7499996000
Henry: MM Charge: -0.8200000000, xyz (Ang): 7.2159995000  10.0679993000  -3.2559998000
Henry: MM Charge: 0.4100000000, xyz (Ang): 6.3919996000  9.6609994000  -2.8579998000
Henry: MM Charge: 0.4100000000, xyz (Ang): 8.0369995000  9.9969993000  -2.6539998000
Henry: MM Charge: -0.8200000000, xyz (Ang): 0.6120000000  2.2149999000  4.1029997000
Henry: MM Charge: 0.4100000000, xyz (Ang): 1.5409999000  1.9579999000  3.7409998000
Henry: MM Charge: 0.4100000000, xyz (Ang): 0.6840000000  2.3779998000  5.1149997000
Henry: MM Charge: -0.8200000000, xyz (Ang): -7.2619995000  -3.8789997000  9.6159994000
Henry: MM Charge: 0.4100000000, xyz (Ang): -6.9189995000  -4.8189997000  9.9119993000
Henry: MM Charge: 0.4100000000, xyz (Ang): -7.5359995000  -3.9679997000  8.6389994000
Henry: MM Charge: -0.8200000000, xyz (Ang): 0.9999999000  -10.1189993000  -4.6029997000
Henry: MM Charge: 0.4100000000, xyz (Ang): 0.8239999000  -11.0569993000  -4.1479997000
Henry: MM Charge: 0.4100000000, xyz (Ang): 0.8839999000  -9.4119994000  -3.8519997000
Henry: MM Charge: -0.8200000000, xyz (Ang): -2.0299999000  5.9369996000  4.6889997000
Henry: MM Charge: 0.4100000000, xyz (Ang): -2.5389998000  5.9319996000  3.8209997000
Henry: MM Charge: 0.4100000000, xyz (Ang): -2.4509998000  6.6329996000  5.2769997000
Henry: MM Charge: -0.8200000000, xyz (Ang): -11.0729993000  -8.1649995000  -0.7250000000
Henry: MM Charge: 0.4100000000, xyz (Ang): -11.2649993000  -9.1449994000  -0.4760000000
Henry: MM Charge: 0.4100000000, xyz (Ang): -10.2909993000  -7.9639995000  -0.0850000000
Henry: MM Charge: -0.8200000000, xyz (Ang): -7.1929995000  9.1009994000  2.2449999000
Henry: MM Charge: 0.4100000000, xyz (Ang): -6.9399995000  9.6689994000  3.0479998000
Henry: MM Charge: 0.4100000000, xyz (Ang): -7.3879995000  9.6189994000  1.3749999000
Henry: MM Charge: -0.8200000000, xyz (Ang): 4.2219997000  -11.7399992000  -0.3840000000
Henry: MM Charge: 0.4100000000, xyz (Ang): 3.4389998000  -11.2919993000  0.1520000000
Henry: MM Charge: 0.4100000000, xyz (Ang): 5.1219997000  -11.8689992000  0.1140000000
Henry: MM Charge: -0.8200000000, xyz (Ang): 5.5559996000  -10.7399993000  -2.5489998000
Henry: MM Charge: 0.4100000000, xyz (Ang): 5.3219996000  -10.9749993000  -1.6189999000
Henry: MM Charge: 0.4100000000, xyz (Ang): 5.1459997000  -11.4509992000  -3.1639998000
Henry: MM Charge: -0.8200000000, xyz (Ang): -7.5629995000  2.5089998000  -8.2139995000
Henry: MM Charge: 0.4100000000, xyz (Ang): -7.4139995000  1.9969999000  -7.3139995000
Henry: MM Charge: 0.4100000000, xyz (Ang): -7.4219995000  3.5669998000  -8.0799995000
Henry: MM Charge: -0.8200000000, xyz (Ang): -0.2080000000  11.7369992000  0.9079999000
Henry: MM Charge: 0.4100000000, xyz (Ang): -0.8049999000  11.5689992000  0.1000000000
Henry: MM Charge: 0.4100000000, xyz (Ang): -0.5680000000  12.6319992000  1.2519999000
Henry: MM Charge: -0.8200000000, xyz (Ang): 7.2129995000  -8.0849995000  -5.3149996000
Henry: MM Charge: 0.4100000000, xyz (Ang): 7.8039995000  -8.5709994000  -6.0249996000
Henry: MM Charge: 0.4100000000, xyz (Ang): 7.2279995000  -7.0859995000  -5.4579996000
Henry: MM Charge: -0.8200000000, xyz (Ang): -6.2099996000  0.6700000000  -3.6739998000
Henry: MM Charge: 0.4100000000, xyz (Ang): -5.7569996000  1.5989999000  -3.6869998000
Henry: MM Charge: 0.4100000000, xyz (Ang): -6.7099996000  0.5850000000  -4.5749997000
Henry: MM Charge: -0.8200000000, xyz (Ang): -9.4119994000  -3.0219998000  10.9539993000
Henry: MM Charge: 0.4100000000, xyz (Ang): -9.9359993000  -2.2209999000  10.5609993000
Henry: MM Charge: 0.4100000000, xyz (Ang): -8.7549994000  -3.4419998000  10.2519993000
Henry: MM Charge: -0.8200000000, xyz (Ang): -6.2769996000  -1.5029999000  -10.5689993000
Henry: MM Charge: 0.4100000000, xyz (Ang): -5.9299996000  -1.3829999000  -11.5859992000
Henry: MM Charge: 0.4100000000, xyz (Ang): -6.6719996000  -2.4429998000  -10.4659993000
Henry: MM Charge: -0.8200000000, xyz (Ang): 2.7149998000  -7.7039995000  0.7070000000
Henry: MM Charge: 0.4100000000, xyz (Ang): 3.0299998000  -7.6899995000  -0.2790000000
Henry: MM Charge: 0.4100000000, xyz (Ang): 2.1429999000  -6.8559995000  0.8209999000
Henry: MM Charge: -0.8200000000, xyz (Ang): 4.2189997000  -2.3019998000  13.4259991000
Henry: MM Charge: 0.4100000000, xyz (Ang): 3.1769998000  -2.3159998000  13.3289991000
Henry: MM Charge: 0.4100000000, xyz (Ang): 4.5799997000  -1.9899999000  12.5299992000
Henry: MM Charge: -0.8200000000, xyz (Ang): -5.5619996000  -5.5829996000  12.8609992000
Henry: MM Charge: 0.4100000000, xyz (Ang): -5.8149996000  -5.9139996000  11.8919992000
Henry: MM Charge: 0.4100000000, xyz (Ang): -5.2669997000  -4.5959997000  12.7289992000
Henry: MM Charge: -0.8200000000, xyz (Ang): 8.3089995000  8.1609995000  -0.4790000000
Henry: MM Charge: 0.4100000000, xyz (Ang): 8.7849994000  7.4209995000  0.0690000000
Henry: MM Charge: 0.4100000000, xyz (Ang): 9.0389994000  8.4439994000  -1.2059999000
Henry: MM Charge: -0.8200000000, xyz (Ang): -6.2429996000  -8.4249994000  -4.3159997000
Henry: MM Charge: 0.4100000000, xyz (Ang): -7.1469995000  -8.1989995000  -3.8889997000
Henry: MM Charge: 0.4100000000, xyz (Ang): -6.3319996000  -9.3959994000  -4.6419997000
Henry: MM Charge: -0.8200000000, xyz (Ang): -5.2769997000  6.7939996000  -7.9299995000
Henry: MM Charge: 0.4100000000, xyz (Ang): -4.5209997000  7.4669995000  -8.0119995000
Henry: MM Charge: 0.4100000000, xyz (Ang): -5.6559996000  7.0629995000  -7.0059995000
Henry: MM Charge: -0.8200000000, xyz (Ang): -5.1369997000  5.0559997000  6.9529995000
Henry: MM Charge: 0.4100000000, xyz (Ang): -4.5759997000  4.4349997000  6.3399996000
Henry: MM Charge: 0.4100000000, xyz (Ang): -6.1099996000  5.0449997000  6.7959996000
Henry: MM Charge: -0.8200000000, xyz (Ang): 10.5099993000  -3.6739998000  0.5590000000
Henry: MM Charge: 0.4100000000, xyz (Ang): 11.2639993000  -4.3849997000  0.2690000000
Henry: MM Charge: 0.4100000000, xyz (Ang): 9.5079994000  -3.9019997000  0.5700000000
Henry: MM Charge: -0.8200000000, xyz (Ang): -2.7719998000  -4.3819997000  10.2579993000
Henry: MM Charge: 0.4100000000, xyz (Ang): -3.6119998000  -4.4639997000  10.8029993000
Henry: MM Charge: 0.4100000000, xyz (Ang): -1.9929999000  -4.3339997000  10.9599993000
Henry: MM Charge: -0.8200000000, xyz (Ang): -0.0030000000  -11.7369992000  5.8939996000
Henry: MM Charge: 0.4100000000, xyz (Ang): -0.5980000000  -12.0259992000  5.1669997000
Henry: MM Charge: 0.4100000000, xyz (Ang): -0.4860000000  -11.0979993000  6.5779996000
Henry: MM Charge: -0.8200000000, xyz (Ang): -7.0909995000  8.0669995000  7.8659995000
Henry: MM Charge: 0.4100000000, xyz (Ang): -6.5739996000  7.3599995000  8.3959994000
Henry: MM Charge: 0.4100000000, xyz (Ang): -7.2529995000  7.6699995000  6.9669995000
Henry: MM Charge: -0.8200000000, xyz (Ang): 5.0459997000  -0.2630000000  -11.5479992000
Henry: MM Charge: 0.4100000000, xyz (Ang): 5.0369997000  0.0900000000  -10.6029993000
Henry: MM Charge: 0.4100000000, xyz (Ang): 4.1349997000  -0.1670000000  -11.8749992000
Henry: MM Charge: -0.8200000000, xyz (Ang): 7.0389995000  -5.1179997000  -4.3319997000
Henry: MM Charge: 0.4100000000, xyz (Ang): 7.8009995000  -5.0489997000  -4.9929997000
Henry: MM Charge: 0.4100000000, xyz (Ang): 7.2389995000  -4.3929997000  -3.6609998000
Henry: MM Charge: -0.8200000000, xyz (Ang): -8.9069994000  3.3939998000  2.1839999000
Henry: MM Charge: 0.4100000000, xyz (Ang): -9.4199994000  3.3059998000  1.2919999000
Henry: MM Charge: 0.4100000000, xyz (Ang): -9.6489994000  2.9629998000  2.7849998000
Henry: MM Charge: -0.8200000000, xyz (Ang): 3.7429998000  6.7819996000  -0.4020000000
Henry: MM Charge: 0.4100000000, xyz (Ang): 3.9889997000  5.8539996000  -0.0410000000
Henry: MM Charge: 0.4100000000, xyz (Ang): 4.5099997000  7.4579995000  -0.2290000000
Henry: MM Charge: -0.8200000000, xyz (Ang): 13.1569991000  -4.3599997000  3.8599997000
Henry: MM Charge: 0.4100000000, xyz (Ang): 12.2329992000  -3.9339997000  3.5269998000
Henry: MM Charge: 0.4100000000, xyz (Ang): 13.3439991000  -4.0979997000  4.7719997000
Henry: MM Charge: -0.8200000000, xyz (Ang): 8.1579995000  1.0699999000  5.1829997000
Henry: MM Charge: 0.4100000000, xyz (Ang): 8.3949994000  1.9949999000  5.5829996000
Henry: MM Charge: 0.4100000000, xyz (Ang): 8.9939994000  0.6480000000  4.7549997000
Henry: MM Charge: -0.8200000000, xyz (Ang): 4.3209997000  4.1309997000  0.7350000000
Henry: MM Charge: 0.4100000000, xyz (Ang): 4.3059997000  3.1049998000  0.7200000000
Henry: MM Charge: 0.4100000000, xyz (Ang): 4.0749997000  4.4389997000  1.6869999000
Henry: MM Charge: -0.8200000000, xyz (Ang): -0.9069999000  5.5009996000  -8.8869994000
Henry: MM Charge: 0.4100000000, xyz (Ang): -1.1519999000  6.0939996000  -9.7119994000
Henry: MM Charge: 0.4100000000, xyz (Ang): -1.7709999000  5.1669997000  -8.4279994000
Henry: MM Charge: -0.8200000000, xyz (Ang): 0.7300000000  -11.6279992000  -7.0139995000
Henry: MM Charge: 0.4100000000, xyz (Ang): 0.2750000000  -11.0189993000  -7.6979995000
Henry: MM Charge: 0.4100000000, xyz (Ang): 0.9689999000  -10.9909993000  -6.2799996000
Henry: MM Charge: -0.8200000000, xyz (Ang): -1.3219999000  5.7019996000  9.2149994000
Henry: MM Charge: 0.4100000000, xyz (Ang): -1.4629999000  6.6189996000  8.7969994000
Henry: MM Charge: 0.4100000000, xyz (Ang): -2.1139999000  5.0939997000  8.8739994000
Henry: MM Charge: -0.8200000000, xyz (Ang): -10.3469993000  -0.9279999000  -2.5569998000
Henry: MM Charge: 0.4100000000, xyz (Ang): -11.0529993000  -0.1750000000  -2.3469998000
Henry: MM Charge: 0.4100000000, xyz (Ang): -10.2319993000  -1.5329999000  -1.7019999000
Henry: MM Charge: -0.8200000000, xyz (Ang): -3.1159998000  -0.6690000000  8.6659994000
Henry: MM Charge: 0.4100000000, xyz (Ang): -3.8659997000  -0.6480000000  7.9429995000
Henry: MM Charge: 0.4100000000, xyz (Ang): -2.3759998000  0.0300000000  8.4189994000
Henry: MM Charge: -0.8200000000, xyz (Ang): -1.3969999000  0.8079999000  7.0109995000
Henry: MM Charge: 0.4100000000, xyz (Ang): -0.9739999000  -0.1400000000  6.9239995000
Henry: MM Charge: 0.4100000000, xyz (Ang): -0.6080000000  1.4699999000  7.0259995000
Henry: MM Charge: -0.8200000000, xyz (Ang): 2.7579998000  12.4489992000  0.6200000000
Henry: MM Charge: 0.4100000000, xyz (Ang): 1.8039999000  12.0819992000  0.5310000000
Henry: MM Charge: 0.4100000000, xyz (Ang): 2.7189998000  13.4419991000  0.5490000000
Henry: MM Charge: -0.8200000000, xyz (Ang): 1.4709999000  -5.1799997000  0.7350000000
Henry: MM Charge: 0.4100000000, xyz (Ang): 1.9789999000  -5.1519997000  1.6439999000
Henry: MM Charge: 0.4100000000, xyz (Ang): 1.9139999000  -4.4979997000  0.1020000000
Henry: MM Charge: -0.8200000000, xyz (Ang): 1.7189999000  0.3530000000  -9.9279993000
Henry: MM Charge: 0.4100000000, xyz (Ang): 1.6329999000  1.2229999000  -10.4729993000
Henry: MM Charge: 0.4100000000, xyz (Ang): 2.5579998000  0.3390000000  -9.3089994000
Henry: MM Charge: -0.8200000000, xyz (Ang): -6.8519995000  4.8389997000  1.5429999000
Henry: MM Charge: 0.4100000000, xyz (Ang): -7.7639995000  4.4269997000  1.7679999000
Henry: MM Charge: 0.4100000000, xyz (Ang): -6.8339995000  5.0499997000  0.5360000000
Henry: MM Charge: -0.8200000000, xyz (Ang): 5.4559996000  9.0609994000  4.9709997000
Henry: MM Charge: 0.4100000000, xyz (Ang): 4.6499997000  9.7309994000  4.9499997000
Henry: MM Charge: 0.4100000000, xyz (Ang): 5.9639996000  8.9279994000  4.1069997000
Henry: MM Charge: -0.8200000000, xyz (Ang): -2.2119999000  -7.6909995000  0.4660000000
Henry: MM Charge: 0.4100000000, xyz (Ang): -1.9059999000  -7.4959995000  -0.4940000000
Henry: MM Charge: 0.4100000000, xyz (Ang): -1.6909999000  -7.0719995000  1.1059999000
Henry: MM Charge: -0.8200000000, xyz (Ang): -2.0909999000  -4.8629997000  5.7289996000
Henry: MM Charge: 0.4100000000, xyz (Ang): -3.0189998000  -5.2009997000  5.4319996000
Henry: MM Charge: 0.4100000000, xyz (Ang): -2.2199999000  -4.2189997000  6.5349996000
Henry: MM Charge: -0.8200000000, xyz (Ang): -2.0959999000  -10.5759993000  -0.0380000000
Henry: MM Charge: 0.4100000000, xyz (Ang): -2.3259998000  -9.7599994000  0.5080000000
Henry: MM Charge: 0.4100000000, xyz (Ang): -1.0569999000  -10.5429993000  -0.0300000000
Henry: MM Charge: -0.8200000000, xyz (Ang): 4.4489997000  13.4289991000  -2.6539998000
Henry: MM Charge: 0.4100000000, xyz (Ang): 4.7179997000  12.5529992000  -2.2089999000
Henry: MM Charge: 0.4100000000, xyz (Ang): 4.1239997000  13.3009991000  -3.6269998000
Henry: MM Charge: -0.8200000000, xyz (Ang): 8.2259995000  -4.7039997000  3.9419997000
Henry: MM Charge: 0.4100000000, xyz (Ang): 8.8529994000  -5.3939996000  3.5089998000
Henry: MM Charge: 0.4100000000, xyz (Ang): 7.3319995000  -4.9139997000  3.4899998000
Henry: MM Charge: -0.8200000000, xyz (Ang): 2.5739998000  -1.6839999000  6.2769996000
Henry: MM Charge: 0.4100000000, xyz (Ang): 2.4949998000  -0.6890000000  6.5529996000
Henry: MM Charge: 0.4100000000, xyz (Ang): 3.4869998000  -1.7949999000  5.8089996000
Henry: MM Charge: -0.8200000000, xyz (Ang): -3.9279997000  -9.1639994000  2.2399999000
Henry: MM Charge: 0.4100000000, xyz (Ang): -3.0209998000  -9.5879994000  2.5869998000
Henry: MM Charge: 0.4100000000, xyz (Ang): -3.7479998000  -8.4649994000  1.4849999000
Henry: MM Charge: -0.8200000000, xyz (Ang): 1.4869999000  -6.1779996000  -10.4319993000
Henry: MM Charge: 0.4100000000, xyz (Ang): 2.2969998000  -6.0219996000  -9.7269994000
Henry: MM Charge: 0.4100000000, xyz (Ang): 0.8809999000  -5.3309996000  -10.3889993000
Henry: MM Charge: -0.8200000000, xyz (Ang): 4.8929997000  8.2439995000  -3.1539998000
Henry: MM Charge: 0.4100000000, xyz (Ang): 4.4619997000  7.9889995000  -2.2369999000
Henry: MM Charge: 0.4100000000, xyz (Ang): 4.2449997000  8.7649994000  -3.6919998000
Henry: MM Charge: -0.8200000000, xyz (Ang): -1.4519999000  2.9019998000  11.2459993000
Henry: MM Charge: 0.4100000000, xyz (Ang): -0.6270000000  3.4809998000  10.9449993000
Henry: MM Charge: 0.4100000000, xyz (Ang): -2.1729999000  2.6729998000  10.4989993000
Henry: MM Charge: -0.8200000000, xyz (Ang): -4.5959997000  -2.5789998000  3.3089998000
Henry: MM Charge: 0.4100000000, xyz (Ang): -4.1389997000  -1.6809999000  3.0799998000
Henry: MM Charge: 0.4100000000, xyz (Ang): -4.1039997000  -3.3499998000  2.8379998000
Henry: MM Charge: -0.8200000000, xyz (Ang): -6.1239996000  2.7239998000  5.6079996000
Henry: MM Charge: 0.4100000000, xyz (Ang): -5.7929996000  3.5489998000  5.0439997000
Henry: MM Charge: 0.4100000000, xyz (Ang): -7.1309995000  2.8039998000  5.8799996000
Henry: MM Charge: -0.8200000000, xyz (Ang): 9.8759993000  9.6839994000  -2.0819999000
Henry: MM Charge: 0.4100000000, xyz (Ang): 10.0699993000  9.9259993000  -3.0679998000
Henry: MM Charge: 0.4100000000, xyz (Ang): 10.7349993000  9.6649994000  -1.5059999000
Henry: MM Charge: -0.8200000000, xyz (Ang): -9.8899993000  2.7519998000  -3.1679998000
Henry: MM Charge: 0.4100000000, xyz (Ang): -10.2999993000  2.1579999000  -3.9339997000
Henry: MM Charge: 0.4100000000, xyz (Ang): -8.9179994000  2.9289998000  -3.2349998000
Henry: MM Charge: -0.8200000000, xyz (Ang): 6.7519996000  11.9499992000  1.1329999000
Henry: MM Charge: 0.4100000000, xyz (Ang): 7.5519995000  11.9469992000  0.4990000000
Henry: MM Charge: 0.4100000000, xyz (Ang): 6.7079996000  12.9769991000  1.3489999000
Henry: MM Charge: -0.8200000000, xyz (Ang): 0.1140000000  9.0919994000  1.8739999000
Henry: MM Charge: 0.4100000000, xyz (Ang): 0.0080000000  10.0889993000  1.6279999000
Henry: MM Charge: 0.4100000000, xyz (Ang): 0.6750000000  8.6839994000  1.0969999000
Henry: MM Charge: -0.8200000000, xyz (Ang): 6.9479995000  -6.4039996000  9.8139994000
Henry: MM Charge: 0.4100000000, xyz (Ang): 7.8369995000  -6.7569996000  10.1749993000
Henry: MM Charge: 0.4100000000, xyz (Ang): 6.5369996000  -6.0099996000  10.7009993000
Henry: MM Charge: -0.8200000000, xyz (Ang): -3.0929998000  12.6009992000  -8.1949995000
Henry: MM Charge: 0.4100000000, xyz (Ang): -2.2929998000  12.1049992000  -8.7239994000
Henry: MM Charge: 0.4100000000, xyz (Ang): -3.7749998000  11.9009992000  -7.7629995000
Henry: MM Charge: -0.8200000000, xyz (Ang): 7.9129995000  -1.8639999000  3.4379998000
Henry: MM Charge: 0.4100000000, xyz (Ang): 8.7549994000  -1.4709999000  3.8279997000
Henry: MM Charge: 0.4100000000, xyz (Ang): 7.9479995000  -2.9149998000  3.6659998000
Henry: MM Charge: -0.8200000000, xyz (Ang): 6.1679996000  8.3539994000  7.5899995000
Henry: MM Charge: 0.4100000000, xyz (Ang): 5.7979996000  8.5349994000  6.6439996000
Henry: MM Charge: 0.4100000000, xyz (Ang): 7.2419995000  8.4569994000  7.6009995000
Henry: MM Charge: -0.8200000000, xyz (Ang): 2.9959998000  7.5069995000  -6.8849995000
Henry: MM Charge: 0.4100000000, xyz (Ang): 2.4299998000  8.1789995000  -7.4149995000
Henry: MM Charge: 0.4100000000, xyz (Ang): 3.1429998000  6.6079996000  -7.3979995000
Henry: MM Charge: -0.8200000000, xyz (Ang): 8.2469995000  -9.0309994000  8.8569994000
Henry: MM Charge: 0.4100000000, xyz (Ang): 7.7629995000  -8.8499994000  7.9559995000
Henry: MM Charge: 0.4100000000, xyz (Ang): 7.9739995000  -9.8379994000  9.3949994000
Henry: MM Charge: -0.8200000000, xyz (Ang): -6.1729996000  -1.1539999000  9.2889994000
Henry: MM Charge: 0.4100000000, xyz (Ang): -7.0549995000  -0.6360000000  9.1019994000
Henry: MM Charge: 0.4100000000, xyz (Ang): -6.3819996000  -2.1409999000  9.5459994000
Henry: MM Charge: -0.8200000000, xyz (Ang): 6.4639996000  -2.9279998000  8.1239995000
Henry: MM Charge: 0.4100000000, xyz (Ang): 6.2969996000  -1.9069999000  7.9359995000
Henry: MM Charge: 0.4100000000, xyz (Ang): 7.1829995000  -3.1159998000  7.4759995000
Henry: MM Charge: -0.8200000000, xyz (Ang): 4.9199997000  -3.3979998000  -8.8729994000
Henry: MM Charge: 0.4100000000, xyz (Ang): 5.6699996000  -2.8079998000  -8.5529994000
Henry: MM Charge: 0.4100000000, xyz (Ang): 4.8089997000  -3.1409998000  -9.8889993000
Henry: MM Charge: -0.8200000000, xyz (Ang): 5.2389997000  -8.0779995000  -8.4959994000
Henry: MM Charge: 0.4100000000, xyz (Ang): 5.2999997000  -7.5959995000  -9.4479994000
Henry: MM Charge: 0.4100000000, xyz (Ang): 6.2039996000  -8.0559995000  -8.2079995000
Henry: MM Charge: -0.8200000000, xyz (Ang): -2.7459998000  10.0529993000  5.8319996000
Henry: MM Charge: 0.4100000000, xyz (Ang): -3.1139998000  9.0799994000  5.7679996000
Henry: MM Charge: 0.4100000000, xyz (Ang): -1.8429999000  10.0799993000  5.4219996000
Henry: MM Charge: -0.8200000000, xyz (Ang): -4.8239997000  10.8169993000  -7.3229995000
Henry: MM Charge: 0.4100000000, xyz (Ang): -5.4619996000  10.6979993000  -6.5129996000
Henry: MM Charge: 0.4100000000, xyz (Ang): -4.3429997000  9.9189993000  -7.5179995000
Henry: MM Charge: -0.8200000000, xyz (Ang): -1.8979999000  -0.7100000000  13.0939991000
Henry: MM Charge: 0.4100000000, xyz (Ang): -1.8319999000  -1.6879999000  13.5269991000
Henry: MM Charge: 0.4100000000, xyz (Ang): -1.6309999000  0.1810000000  13.6619991000
Henry: MM Charge: -0.8200000000, xyz (Ang): 4.6489997000  11.1099993000  -0.6240000000
Henry: MM Charge: 0.4100000000, xyz (Ang): 3.7269998000  11.4599992000  -0.2830000000
Henry: MM Charge: 0.4100000000, xyz (Ang): 5.1839997000  11.4249992000  0.1780000000
Henry: MM Charge: -0.8200000000, xyz (Ang): -2.3289998000  -9.1089994000  -5.9809996000
Henry: MM Charge: 0.4100000000, xyz (Ang): -3.1009998000  -8.9159994000  -5.3199996000
Henry: MM Charge: 0.4100000000, xyz (Ang): -1.5299999000  -8.5499994000  -5.6209996000
Henry: MM Charge: -0.8200000000, xyz (Ang): -9.6329994000  -6.8919995000  7.6919995000
Henry: MM Charge: 0.4100000000, xyz (Ang): -9.3889994000  -7.5569995000  6.9639995000
Henry: MM Charge: 0.4100000000, xyz (Ang): -10.6549993000  -6.8169996000  7.7639995000
Henry: MM Charge: -0.8200000000, xyz (Ang): 2.4079998000  -11.6689992000  6.0319996000
Henry: MM Charge: 0.4100000000, xyz (Ang): 1.3939999000  -11.6849992000  6.0949996000
Henry: MM Charge: 0.4100000000, xyz (Ang): 2.7709998000  -12.6289992000  6.1129996000
Henry: MM Charge: -0.8200000000, xyz (Ang): 3.2729998000  4.5129997000  3.4329998000
Henry: MM Charge: 0.4100000000, xyz (Ang): 3.1069998000  3.4959998000  3.4049998000
Henry: MM Charge: 0.4100000000, xyz (Ang): 2.3569998000  5.0009997000  3.4589998000
Henry: MM Charge: -0.8200000000, xyz (Ang): -1.7029999000  7.2459995000  0.7500000000
Henry: MM Charge: 0.4100000000, xyz (Ang): -1.0999999000  7.8829995000  1.2899999000
Henry: MM Charge: 0.4100000000, xyz (Ang): -2.0249999000  6.4759996000  1.3489999000
Henry: MM Charge: -0.8200000000, xyz (Ang): -7.8699995000  7.1219995000  -9.2509994000
Henry: MM Charge: 0.4100000000, xyz (Ang): -6.8799995000  7.1259995000  -9.0069994000
Henry: MM Charge: 0.4100000000, xyz (Ang): -8.2569995000  6.2869996000  -8.7619994000
Henry: MM Charge: -0.8200000000, xyz (Ang): -5.1089997000  8.2619995000  4.5399997000
Henry: MM Charge: 0.4100000000, xyz (Ang): -4.5709997000  8.3839994000  3.6349998000
Henry: MM Charge: 0.4100000000, xyz (Ang): -4.5009997000  7.8389995000  5.2819997000
Henry: MM Charge: -0.8200000000, xyz (Ang): 7.6659995000  -1.6929999000  -5.6029996000
Henry: MM Charge: 0.4100000000, xyz (Ang): 8.4639994000  -2.2689999000  -5.2149997000
Henry: MM Charge: 0.4100000000, xyz (Ang): 6.9589995000  -1.8319999000  -4.8909997000
Henry: MM Charge: -0.8200000000, xyz (Ang): -9.7959994000  6.3699996000  -2.2079999000
Henry: MM Charge: 0.4100000000, xyz (Ang): -10.0839993000  7.2659995000  -1.9939999000
Henry: MM Charge: 0.4100000000, xyz (Ang): -10.4459993000  5.6149996000  -1.7939999000
Henry: MM Charge: -0.8200000000, xyz (Ang): 10.7009993000  -4.9499997000  -3.0349998000
Henry: MM Charge: 0.4100000000, xyz (Ang): 11.0219993000  -5.3339996000  -3.9129997000
Henry: MM Charge: 0.4100000000, xyz (Ang): 11.5509992000  -4.7849997000  -2.4709998000
Henry: MM Charge: -0.8200000000, xyz (Ang): -6.3059996000  -6.4309996000  10.2349993000
Henry: MM Charge: 0.4100000000, xyz (Ang): -5.6109996000  -6.9109995000  9.6729994000
Henry: MM Charge: 0.4100000000, xyz (Ang): -7.2449995000  -6.8849995000  10.1499993000
Henry: MM Charge: -0.8200000000, xyz (Ang): 8.4089994000  -6.6839996000  -1.6179999000
Henry: MM Charge: 0.4100000000, xyz (Ang): 7.9739995000  -6.0759996000  -2.3099998000
Henry: MM Charge: 0.4100000000, xyz (Ang): 9.4349994000  -6.6689996000  -1.7029999000
Henry: MM Charge: -0.8200000000, xyz (Ang): -5.4069996000  4.6119997000  3.7379998000
Henry: MM Charge: 0.4100000000, xyz (Ang): -4.4869997000  4.5629997000  3.3159998000
Henry: MM Charge: 0.4100000000, xyz (Ang): -6.0109996000  4.7339997000  2.9089998000
Henry: MM Charge: -0.8200000000, xyz (Ang): 10.8579993000  -3.2639998000  3.0709998000
Henry: MM Charge: 0.4100000000, xyz (Ang): 10.7289993000  -3.1979998000  2.0559999000
Henry: MM Charge: 0.4100000000, xyz (Ang): 10.2949993000  -2.6269998000  3.6019998000
Henry: MM Charge: -0.8200000000, xyz (Ang): -4.5509997000  0.3300000000  0.3820000000
Henry: MM Charge: 0.4100000000, xyz (Ang): -3.9689997000  0.2120000000  1.2269999000
Henry: MM Charge: 0.4100000000, xyz (Ang): -5.4549996000  -0.0850000000  0.6650000000
Henry: MM Charge: -0.8200000000, xyz (Ang): -3.5359998000  -10.6339993000  8.3079995000
Henry: MM Charge: 0.4100000000, xyz (Ang): -3.6039998000  -11.6319992000  8.0279995000
Henry: MM Charge: 0.4100000000, xyz (Ang): -4.5169997000  -10.4029993000  8.1529995000
Henry: MM Charge: -0.8200000000, xyz (Ang): 4.9009997000  -4.7349997000  5.3929996000
Henry: MM Charge: 0.4100000000, xyz (Ang): 4.9919997000  -3.7399998000  5.5999996000
Henry: MM Charge: 0.4100000000, xyz (Ang): 5.5119996000  -5.2929997000  5.9709996000
Henry: MM Charge: -0.8200000000, xyz (Ang): -3.4619998000  -10.4649993000  -10.4139993000
Henry: MM Charge: 0.4100000000, xyz (Ang): -2.8009998000  -10.3189993000  -9.6859994000
Henry: MM Charge: 0.4100000000, xyz (Ang): -4.4669997000  -10.1339993000  -10.1929993000
Henry: MM Charge: -0.8200000000, xyz (Ang): 8.6259994000  3.5179998000  6.2809996000
Henry: MM Charge: 0.4100000000, xyz (Ang): 8.2489995000  4.2919997000  5.6929996000
Henry: MM Charge: 0.4100000000, xyz (Ang): 8.3739994000  3.8079997000  7.2109995000
Henry: MM Charge: -0.8200000000, xyz (Ang): 12.4169992000  0.2690000000  2.8559998000
Henry: MM Charge: 0.4100000000, xyz (Ang): 12.0199992000  -0.2730000000  2.0179999000
Henry: MM Charge: 0.4100000000, xyz (Ang): 12.3219992000  1.2489999000  2.6449998000
Henry: MM Charge: -0.8200000000, xyz (Ang): 7.2359995000  0.8269999000  -0.5140000000
Henry: MM Charge: 0.4100000000, xyz (Ang): 8.2779995000  0.7240000000  -0.4470000000
Henry: MM Charge: 0.4100000000, xyz (Ang): 6.9179995000  0.0200000000  0.0780000000
Henry: MM Charge: -0.8200000000, xyz (Ang): 2.3129998000  -3.0309998000  -7.5679995000
Henry: MM Charge: 0.4100000000, xyz (Ang): 3.2189998000  -3.3909998000  -7.7859995000
Henry: MM Charge: 0.4100000000, xyz (Ang): 1.5939999000  -3.4849998000  -8.1089995000
Henry: MM Charge: -0.8200000000, xyz (Ang): 2.8159998000  2.7399998000  -7.9159995000
Henry: MM Charge: 0.4100000000, xyz (Ang): 2.8919998000  2.2729999000  -6.9909995000
Henry: MM Charge: 0.4100000000, xyz (Ang): 3.7739998000  2.6129998000  -8.2289995000
Henry: MM Charge: -0.8200000000, xyz (Ang): -8.0719995000  -4.2209997000  7.0539995000
Henry: MM Charge: 0.4100000000, xyz (Ang): -7.3089995000  -4.1439997000  6.2529996000
Henry: MM Charge: 0.4100000000, xyz (Ang): -8.5869994000  -5.1259997000  6.7779996000
Henry: MM Charge: -0.8200000000, xyz (Ang): -3.4569998000  7.2959995000  6.4699996000
Henry: MM Charge: 0.4100000000, xyz (Ang): -3.2179998000  7.7109995000  7.3679995000
Henry: MM Charge: 0.4100000000, xyz (Ang): -4.0179997000  6.4769996000  6.7499996000
Henry: MM Charge: -0.8200000000, xyz (Ang): 3.5709998000  -7.5219995000  7.0859995000
Henry: MM Charge: 0.4100000000, xyz (Ang): 3.2899998000  -7.9089995000  6.1939996000
Henry: MM Charge: 0.4100000000, xyz (Ang): 4.5289997000  -7.3509995000  7.0619995000
Henry: MM Charge: -0.8200000000, xyz (Ang): 2.6269998000  15.6369990000  -2.6849998000
Henry: MM Charge: 0.4100000000, xyz (Ang): 3.1479998000  14.7759990000  -2.4629998000
Henry: MM Charge: 0.4100000000, xyz (Ang): 3.2549998000  16.2009989000  -3.3019998000
Henry: MM Charge: -0.8200000000, xyz (Ang): 1.7129999000  -6.0139996000  8.6049994000
Henry: MM Charge: 0.4100000000, xyz (Ang): 1.9229999000  -5.0099997000  8.5459994000
Henry: MM Charge: 0.4100000000, xyz (Ang): 2.4729998000  -6.4459996000  8.0169995000
Henry: MM Charge: -0.8200000000, xyz (Ang): 7.5959995000  -8.4919994000  6.2269996000
Henry: MM Charge: 0.4100000000, xyz (Ang): 8.4949994000  -8.3949994000  5.7489996000
Henry: MM Charge: 0.4100000000, xyz (Ang): 7.1189995000  -9.3089994000  5.8169996000
Henry: MM Charge: -0.8200000000, xyz (Ang): -6.5399996000  -3.2079998000  5.0139997000
Henry: MM Charge: 0.4100000000, xyz (Ang): -5.6769996000  -2.8989998000  4.4979997000
Henry: MM Charge: 0.4100000000, xyz (Ang): -7.3279995000  -2.8239998000  4.4839997000
Henry: MM Charge: -0.8200000000, xyz (Ang): -10.5049993000  0.6630000000  -5.0159997000
Henry: MM Charge: 0.4100000000, xyz (Ang): -10.5219993000  0.1830000000  -4.0399997000
Henry: MM Charge: 0.4100000000, xyz (Ang): -11.2439993000  0.2860000000  -5.5649996000
Henry: MM Charge: -0.8200000000, xyz (Ang): 4.9859997000  -10.9599993000  7.0719995000
Henry: MM Charge: 0.4100000000, xyz (Ang): 4.3959997000  -10.9899993000  6.2459996000
Henry: MM Charge: 0.4100000000, xyz (Ang): 4.3869997000  -10.4329993000  7.7689995000
Henry: MM Charge: -0.8200000000, xyz (Ang): -1.8819999000  2.8309998000  3.1919998000
Henry: MM Charge: 0.4100000000, xyz (Ang): -0.8899999000  2.6669998000  3.4529998000
Henry: MM Charge: 0.4100000000, xyz (Ang): -2.4479998000  2.3859998000  3.9309997000
Henry: MM Charge: -0.8200000000, xyz (Ang): 10.6849993000  3.7339998000  4.4349997000
Henry: MM Charge: 0.4100000000, xyz (Ang): 10.1749993000  3.4769998000  5.2859997000
Henry: MM Charge: 0.4100000000, xyz (Ang): 10.1749993000  3.2879998000  3.6809998000
Henry: MM Charge: -0.8200000000, xyz (Ang): -1.7479999000  -10.9739993000  -2.7089998000
Henry: MM Charge: 0.4100000000, xyz (Ang): -1.8259999000  -11.0999993000  -1.7019999000
Henry: MM Charge: 0.4100000000, xyz (Ang): -1.6039999000  -10.0009993000  -2.8589998000
Henry: MM Charge: -0.8200000000, xyz (Ang): 6.2069996000  1.3419999000  -3.0579998000
Henry: MM Charge: 0.4100000000, xyz (Ang): 6.9299995000  1.8419999000  -3.5999998000
Henry: MM Charge: 0.4100000000, xyz (Ang): 6.5349996000  1.1869999000  -2.0879999000
Henry: MM Charge: -0.8200000000, xyz (Ang): -6.7149996000  -7.3119995000  3.8329997000
Henry: MM Charge: 0.4100000000, xyz (Ang): -6.4119996000  -7.1189995000  2.8859998000
Henry: MM Charge: 0.4100000000, xyz (Ang): -6.9799995000  -8.2939995000  4.0109997000
Henry: MM Charge: -0.8200000000, xyz (Ang): 9.6619994000  -10.0799993000  -0.4890000000
Henry: MM Charge: 0.4100000000, xyz (Ang): 9.7289994000  -10.7599993000  -1.2449999000
Henry: MM Charge: 0.4100000000, xyz (Ang): 9.0559994000  -9.3479994000  -0.8439999000
Henry: MM Charge: -0.8200000000, xyz (Ang): -6.0749996000  -9.9889993000  -10.1049993000
Henry: MM Charge: 0.4100000000, xyz (Ang): -6.5869996000  -10.8729993000  -9.9959993000
Henry: MM Charge: 0.4100000000, xyz (Ang): -6.2619996000  -9.4639994000  -9.2319994000
Henry: MM Charge: -0.8200000000, xyz (Ang): 6.2769996000  5.0019997000  -7.7879995000
Henry: MM Charge: 0.4100000000, xyz (Ang): 5.9779996000  5.5429996000  -6.9629995000
Henry: MM Charge: 0.4100000000, xyz (Ang): 6.0999996000  5.5349996000  -8.6179994000
Henry: MM Charge: -0.8200000000, xyz (Ang): 4.8249997000  9.2719994000  -9.9759993000
Henry: MM Charge: 0.4100000000, xyz (Ang): 4.2099997000  8.5289994000  -10.4239993000
Henry: MM Charge: 0.4100000000, xyz (Ang): 4.3679997000  9.6679994000  -9.1779994000
Henry: MM Charge: -0.8200000000, xyz (Ang): -7.1749995000  3.9569997000  -3.5829998000
Henry: MM Charge: 0.4100000000, xyz (Ang): -6.1689996000  3.6809998000  -3.7429998000
Henry: MM Charge: 0.4100000000, xyz (Ang): -7.6549995000  4.3449997000  -4.4609997000
Henry: MM Charge: -0.8200000000, xyz (Ang): 6.5309996000  9.3589994000  2.4409998000
Henry: MM Charge: 0.4100000000, xyz (Ang): 6.4869996000  10.2579993000  1.9449999000
Henry: MM Charge: 0.4100000000, xyz (Ang): 6.3009996000  8.6139994000  1.7139999000
Henry: MM Charge: -0.8200000000, xyz (Ang): -4.1749997000  0.3530000000  11.2889993000
Henry: MM Charge: 0.4100000000, xyz (Ang): -3.5889998000  -0.3670000000  11.7369992000
Henry: MM Charge: 0.4100000000, xyz (Ang): -4.4619997000  0.0240000000  10.3669993000
Henry: MM Charge: -0.8200000000, xyz (Ang): -0.8379999000  -5.9039996000  2.0629999000
Henry: MM Charge: 0.4100000000, xyz (Ang): -0.4940000000  -6.1249996000  3.0109998000
Henry: MM Charge: 0.4100000000, xyz (Ang): -0.0320000000  -5.5909996000  1.4939999000
Henry: MM Charge: -0.8200000000, xyz (Ang): 5.7499996000  1.1459999000  4.2959997000
Henry: MM Charge: 0.4100000000, xyz (Ang): 6.7369996000  0.9349999000  4.6389997000
Henry: MM Charge: 0.4100000000, xyz (Ang): 5.1849997000  1.5859999000  5.0869997000
Henry: MM Charge: -0.8200000000, xyz (Ang): 3.7819998000  2.3959998000  -3.6399998000
Henry: MM Charge: 0.4100000000, xyz (Ang): 3.3009998000  2.4219998000  -2.7399998000
Henry: MM Charge: 0.4100000000, xyz (Ang): 4.7429997000  2.0389999000  -3.4719998000
Henry: MM Charge: -0.8200000000, xyz (Ang): 2.9859998000  4.7019997000  10.5169993000
Henry: MM Charge: 0.4100000000, xyz (Ang): 3.5859998000  5.3699996000  11.0049993000
Henry: MM Charge: 0.4100000000, xyz (Ang): 2.7809998000  3.8879997000  11.1029993000
Henry: MM Charge: -0.8200000000, xyz (Ang): -0.6190000000  -4.2819997000  -9.8629993000
Henry: MM Charge: 0.4100000000, xyz (Ang): -1.6469999000  -4.2259997000  -9.6909994000
Henry: MM Charge: 0.4100000000, xyz (Ang): -0.1890000000  -4.4579997000  -8.9869994000
Henry: MM Charge: -0.8200000000, xyz (Ang): 10.4449993000  -0.2230000000  -3.5829998000
Henry: MM Charge: 0.4100000000, xyz (Ang): 10.1759993000  0.2780000000  -4.4059997000
Henry: MM Charge: 0.4100000000, xyz (Ang): 10.0769993000  -1.1529999000  -3.4839998000
Henry: MM Charge: -0.8200000000, xyz (Ang): 10.2859993000  -7.7779995000  5.4329996000
Henry: MM Charge: 0.4100000000, xyz (Ang): 10.2439993000  -7.1369995000  4.6249997000
Henry: MM Charge: 0.4100000000, xyz (Ang): 10.2059993000  -7.3429995000  6.3559996000
Henry: MM Charge: -0.8200000000, xyz (Ang): -3.2759998000  8.5979994000  -7.8879995000
Henry: MM Charge: 0.4100000000, xyz (Ang): -2.4479998000  8.7599994000  -7.2609995000
Henry: MM Charge: 0.4100000000, xyz (Ang): -2.9929998000  8.7589994000  -8.8749994000
Henry: MM Charge: -0.8200000000, xyz (Ang): 5.2259997000  -1.8559999000  5.4199996000
Henry: MM Charge: 0.4100000000, xyz (Ang): 5.8239996000  -1.3219999000  6.0629996000
Henry: MM Charge: 0.4100000000, xyz (Ang): 5.5549996000  -1.6489999000  4.4749997000
Henry: MM Charge: -0.8200000000, xyz (Ang): -10.1039993000  2.5429998000  -0.3900000000
Henry: MM Charge: 0.4100000000, xyz (Ang): -9.9659993000  2.4929998000  -1.4489999000
Henry: MM Charge: 0.4100000000, xyz (Ang): -10.2149993000  1.6309999000  0.0380000000
Henry: MM Charge: -0.8200000000, xyz (Ang): 3.5509998000  4.8279997000  -4.9739997000
Henry: MM Charge: 0.4100000000, xyz (Ang): 2.5759998000  5.1429997000  -4.9279997000
Henry: MM Charge: 0.4100000000, xyz (Ang): 3.6699998000  3.9299997000  -4.4859997000
Henry: MM Charge: -0.8200000000, xyz (Ang): -5.3279996000  -7.0869995000  -1.1119999000
Henry: MM Charge: 0.4100000000, xyz (Ang): -6.0259996000  -7.6009995000  -1.6889999000
Henry: MM Charge: 0.4100000000, xyz (Ang): -5.5889996000  -7.0999995000  -0.0790000000
Henry: MM Charge: -0.8200000000, xyz (Ang): 0.8229999000  5.8419996000  3.4659998000
Henry: MM Charge: 0.4100000000, xyz (Ang): 0.8659999000  6.7509996000  3.0099998000
Henry: MM Charge: 0.4100000000, xyz (Ang): -0.0740000000  5.7359996000  3.9479997000
Henry: MM Charge: -0.8200000000, xyz (Ang): -4.4569997000  8.3279995000  -11.4129992000
Henry: MM Charge: 0.4100000000, xyz (Ang): -5.3909996000  8.0779995000  -11.7479992000
Henry: MM Charge: 0.4100000000, xyz (Ang): -4.2459997000  7.6629995000  -10.6359993000
Henry: MM Charge: -0.8200000000, xyz (Ang): -13.2039991000  2.5259998000  -0.5690000000
Henry: MM Charge: 0.4100000000, xyz (Ang): -12.5839992000  3.3419998000  -0.5040000000
Henry: MM Charge: 0.4100000000, xyz (Ang): -14.1729991000  2.8879998000  -0.3830000000
Henry: MM Charge: -0.8200000000, xyz (Ang): -8.7219994000  7.4499995000  -4.5469997000
Henry: MM Charge: 0.4100000000, xyz (Ang): -9.4009994000  7.0929995000  -3.8299997000
Henry: MM Charge: 0.4100000000, xyz (Ang): -9.2109994000  8.2839995000  -4.9669997000
Henry: MM Charge: -0.8200000000, xyz (Ang): 7.3579995000  4.9419997000  1.8859999000
Henry: MM Charge: 0.4100000000, xyz (Ang): 7.4049995000  5.0179997000  2.9249998000
Henry: MM Charge: 0.4100000000, xyz (Ang): 7.3109995000  3.9179997000  1.7829999000
Henry: MM Charge: -0.8200000000, xyz (Ang): 11.0749993000  -1.9109999000  6.8109996000
Henry: MM Charge: 0.4100000000, xyz (Ang): 10.8929993000  -1.8209999000  7.8059995000
Henry: MM Charge: 0.4100000000, xyz (Ang): 12.0399992000  -2.3019998000  6.7079996000
Henry: MM Charge: -0.8200000000, xyz (Ang): -11.2329993000  -6.4499996000  -2.7849998000
Henry: MM Charge: 0.4100000000, xyz (Ang): -10.3399993000  -5.8679996000  -2.7649998000
Henry: MM Charge: 0.4100000000, xyz (Ang): -11.3639993000  -6.8289995000  -1.8129999000
Henry: MM Charge: -0.8200000000, xyz (Ang): -12.6929992000  0.5520000000  -2.4699998000
Henry: MM Charge: 0.4100000000, xyz (Ang): -12.6999992000  1.3279999000  -1.8069999000
Henry: MM Charge: 0.4100000000, xyz (Ang): -13.3849991000  0.7210000000  -3.1979998000
Henry: MM Charge: -0.8200000000, xyz (Ang): -4.5149997000  -6.8529995000  -12.3759992000
Henry: MM Charge: 0.4100000000, xyz (Ang): -5.2159997000  -6.5639996000  -11.6029992000
Henry: MM Charge: 0.4100000000, xyz (Ang): -4.0139997000  -6.0169996000  -12.6589992000
Henry: MM Charge: -0.8200000000, xyz (Ang): -7.4439995000  -9.3239994000  -1.3219999000
Henry: MM Charge: 0.4100000000, xyz (Ang): -7.9929995000  -8.8759994000  -0.5650000000
Henry: MM Charge: 0.4100000000, xyz (Ang): -7.9409995000  -8.9919994000  -2.2379999000
Henry: MM Charge: -0.8200000000, xyz (Ang): -3.3079998000  -4.3299997000  -9.8259994000
Henry: MM Charge: 0.4100000000, xyz (Ang): -3.7489998000  -3.9589997000  -10.6609993000
Henry: MM Charge: 0.4100000000, xyz (Ang): -3.4009998000  -5.3719996000  -9.8169994000
Henry: MM Charge: -0.8200000000, xyz (Ang): 8.2719995000  -7.6159995000  0.8939999000
Henry: MM Charge: 0.4100000000, xyz (Ang): 8.1349995000  -7.3539995000  -0.0900000000
Henry: MM Charge: 0.4100000000, xyz (Ang): 7.7069995000  -8.4189994000  0.9729999000
Henry: MM Charge: -0.8200000000, xyz (Ang): -0.1350000000  0.6020000000  10.8769993000
Henry: MM Charge: 0.4100000000, xyz (Ang): -0.7410000000  1.4029999000  10.6389993000
Henry: MM Charge: 0.4100000000, xyz (Ang): -0.6560000000  -0.0600000000  11.4709992000
Henry: MM Charge: -0.8200000000, xyz (Ang): -0.3320000000  -0.0890000000  -8.0849995000
Henry: MM Charge: 0.4100000000, xyz (Ang): 0.2660000000  -0.1240000000  -8.8909994000
Henry: MM Charge: 0.4100000000, xyz (Ang): -0.3510000000  0.8809999000  -7.7869995000
Henry: MM Charge: -0.8200000000, xyz (Ang): -0.6130000000  -7.3689995000  7.5179995000
Henry: MM Charge: 0.4100000000, xyz (Ang): 0.3180000000  -7.1629995000  7.8529995000
Henry: MM Charge: 0.4100000000, xyz (Ang): -0.7460000000  -6.8509995000  6.6579996000
Henry: MM Charge: -0.8200000000, xyz (Ang): -10.1559993000  -2.5479998000  -0.3120000000
Henry: MM Charge: 0.4100000000, xyz (Ang): -10.6799993000  -3.2709998000  0.2020000000
Henry: MM Charge: 0.4100000000, xyz (Ang): -9.1859994000  -2.7999998000  -0.4920000000
Henry: MM Charge: -0.8200000000, xyz (Ang): 7.0269995000  2.2669999000  1.8209999000
Henry: MM Charge: 0.4100000000, xyz (Ang): 7.0279995000  1.6969999000  0.9369999000
Henry: MM Charge: 0.4100000000, xyz (Ang): 6.3029996000  1.9099999000  2.4769998000
Henry: MM Charge: -0.8200000000, xyz (Ang): -3.5479998000  -4.3399997000  -12.8519992000
Henry: MM Charge: 0.4100000000, xyz (Ang): -3.9659997000  -3.5849998000  -13.4449991000
Henry: MM Charge: 0.4100000000, xyz (Ang): -2.5819998000  -4.1079997000  -12.6359992000
Henry: MM Charge: -0.8200000000, xyz (Ang): 4.4899997000  12.2839992000  -7.7769995000
Henry: MM Charge: 0.4100000000, xyz (Ang): 4.9249997000  11.3369993000  -7.6449995000
Henry: MM Charge: 0.4100000000, xyz (Ang): 5.0929997000  13.1349991000  -7.6999995000
Henry: MM Charge: -0.8200000000, xyz (Ang): 1.5379999000  9.0469994000  -8.7239994000
Henry: MM Charge: 0.4100000000, xyz (Ang): 1.9389999000  8.5539994000  -9.5459994000
Henry: MM Charge: 0.4100000000, xyz (Ang): 1.7639999000  10.0399993000  -8.7849994000
Henry: MM Charge: -0.8200000000, xyz (Ang): -7.2689995000  5.2429997000  -1.2269999000
Henry: MM Charge: 0.4100000000, xyz (Ang): -7.0759995000  4.5899997000  -2.0339999000
Henry: MM Charge: 0.4100000000, xyz (Ang): -7.9099995000  5.9499996000  -1.6259999000
Henry: MM Charge: -0.8200000000, xyz (Ang): 5.3649996000  3.3449998000  9.2029994000
Henry: MM Charge: 0.4100000000, xyz (Ang): 4.5169997000  3.8609997000  9.4789994000
Henry: MM Charge: 0.4100000000, xyz (Ang): 6.2109996000  3.9689997000  9.1349994000
Henry: MM Charge: -0.8200000000, xyz (Ang): -5.9969996000  -2.8829998000  -4.4809997000
Henry: MM Charge: 0.4100000000, xyz (Ang): -5.6789996000  -2.3989998000  -5.3279996000
Henry: MM Charge: 0.4100000000, xyz (Ang): -6.9049995000  -2.4249998000  -4.2279997000
Henry: MM Charge: -0.8200000000, xyz (Ang): 7.6619995000  -4.3879997000  0.4340000000
Henry: MM Charge: 0.4100000000, xyz (Ang): 6.7599996000  -4.1449997000  0.8419999000
Henry: MM Charge: 0.4100000000, xyz (Ang): 7.9539995000  -5.3319996000  0.4130000000
Henry: MM Charge: -0.8200000000, xyz (Ang): 2.0809999000  -3.3629998000  8.2569995000
Henry: MM Charge: 0.4100000000, xyz (Ang): 2.2109999000  -2.6969998000  7.4589995000
Henry: MM Charge: 0.4100000000, xyz (Ang): 3.0199998000  -3.4909998000  8.7269994000
Henry: MM Charge: -0.8200000000, xyz (Ang): 7.1739995000  8.5639994000  -5.5739996000
Henry: MM Charge: 0.4100000000, xyz (Ang): 7.3019995000  9.1089994000  -4.7279997000
Henry: MM Charge: 0.4100000000, xyz (Ang): 6.5809996000  7.7499995000  -5.5679996000
Henry: MM Charge: -0.8200000000, xyz (Ang): 2.8769998000  7.5989995000  -10.6079993000
Henry: MM Charge: 0.4100000000, xyz (Ang): 2.3589998000  7.8849995000  -11.4379992000
Henry: MM Charge: 0.4100000000, xyz (Ang): 3.1849998000  6.6629996000  -10.8659993000
Henry: MM Charge: -0.8200000000, xyz (Ang): -4.0479997000  5.2079997000  -0.3340000000
Henry: MM Charge: 0.4100000000, xyz (Ang): -3.9849997000  5.4779996000  -1.3309999000
Henry: MM Charge: 0.4100000000, xyz (Ang): -4.6739997000  5.9329996000  0.0540000000
Henry: MM Charge: -0.8200000000, xyz (Ang): 8.6469994000  4.8279997000  -6.7459996000
Henry: MM Charge: 0.4100000000, xyz (Ang): 8.9089994000  5.7669996000  -6.4099996000
Henry: MM Charge: 0.4100000000, xyz (Ang): 7.9819995000  4.8009997000  -7.4899995000
Henry: MM Charge: -0.8200000000, xyz (Ang): 0.5310000000  -12.8049992000  -3.5839998000
Henry: MM Charge: 0.4100000000, xyz (Ang): 0.4440000000  -13.8559991000  -3.7559998000
Henry: MM Charge: 0.4100000000, xyz (Ang): -0.3140000000  -12.4859992000  -3.0409998000
Henry: MM Charge: -0.8200000000, xyz (Ang): 5.8069996000  -5.5009996000  3.0789998000
Henry: MM Charge: 0.4100000000, xyz (Ang): 5.5729996000  -6.4429996000  2.7379998000
Henry: MM Charge: 0.4100000000, xyz (Ang): 5.3519996000  -5.1689997000  3.8969997000
Henry: MM Charge: -0.8200000000, xyz (Ang): 2.1249999000  2.7049998000  -11.9389992000
Henry: MM Charge: 0.4100000000, xyz (Ang): 2.6929998000  2.8259998000  -12.7729992000
Henry: MM Charge: 0.4100000000, xyz (Ang): 1.1339999000  3.0439998000  -12.0389992000
Henry: MM Charge: -0.8200000000, xyz (Ang): 4.3949997000  -3.8339997000  9.7419994000
Henry: MM Charge: 0.4100000000, xyz (Ang): 5.0789997000  -3.6459998000  8.9229994000
Henry: MM Charge: 0.4100000000, xyz (Ang): 4.9259997000  -4.0209997000  10.6369993000
Henry: MM Charge: -0.8200000000, xyz (Ang): 6.6119996000  2.7049998000  -9.2239994000
Henry: MM Charge: 0.4100000000, xyz (Ang): 6.4069996000  3.4389998000  -8.5599994000
Henry: MM Charge: 0.4100000000, xyz (Ang): 7.3859995000  3.0209998000  -9.8649993000
Henry: MM Charge: -0.8200000000, xyz (Ang): 6.9369995000  -0.3990000000  7.2369995000
Henry: MM Charge: 0.4100000000, xyz (Ang): 7.4809995000  0.1350000000  6.4999996000
Henry: MM Charge: 0.4100000000, xyz (Ang): 6.8489995000  0.1620000000  8.0569995000
Henry: MM Charge: -0.8200000000, xyz (Ang): -4.4079997000  11.3919992000  -3.8919997000
Henry: MM Charge: 0.4100000000, xyz (Ang): -5.4069996000  11.3549993000  -4.2399997000
Henry: MM Charge: 0.4100000000, xyz (Ang): -4.4799997000  12.0919992000  -3.1699998000
Henry: MM Charge: -0.8200000000, xyz (Ang): -4.6859997000  2.9339998000  -3.7499998000
Henry: MM Charge: 0.4100000000, xyz (Ang): -4.4499997000  2.8929998000  -2.7339998000
Henry: MM Charge: 0.4100000000, xyz (Ang): -3.9559997000  2.3949998000  -4.2459997000
Henry: MM Charge: -0.8200000000, xyz (Ang): 6.8189996000  -1.6429999000  -8.2009995000
Henry: MM Charge: 0.4100000000, xyz (Ang): 6.9639995000  -1.6619999000  -7.1509995000
Henry: MM Charge: 0.4100000000, xyz (Ang): 7.7209995000  -1.6389999000  -8.6999994000
Henry: MM Charge: -0.8200000000, xyz (Ang): -2.8519998000  -6.7779996000  8.9279994000
Henry: MM Charge: 0.4100000000, xyz (Ang): -1.8939999000  -7.0109995000  8.6809994000
Henry: MM Charge: 0.4100000000, xyz (Ang): -2.7179998000  -5.8949996000  9.4159994000
Henry: MM Charge: -0.8200000000, xyz (Ang): -3.5939998000  -5.4689996000  -2.3049998000
Henry: MM Charge: 0.4100000000, xyz (Ang): -4.2439997000  -6.1249996000  -1.8199999000
Henry: MM Charge: 0.4100000000, xyz (Ang): -3.9629997000  -4.5239997000  -2.1089999000
Henry: MM Charge: -0.8200000000, xyz (Ang): 1.6629999000  2.2479999000  11.6909992000
Henry: MM Charge: 0.4100000000, xyz (Ang): 1.4809999000  2.7569998000  12.5549992000
Henry: MM Charge: 0.4100000000, xyz (Ang): 0.9749999000  1.5069999000  11.6769992000
Henry: MM Charge: -0.8200000000, xyz (Ang): 3.0259998000  -9.2449994000  -6.0659996000
Henry: MM Charge: 0.4100000000, xyz (Ang): 2.2429999000  -9.7559994000  -5.6139996000
Henry: MM Charge: 0.4100000000, xyz (Ang): 3.7179998000  -8.8369994000  -5.3849996000
Henry: MM Charge: -0.8200000000, xyz (Ang): -5.8369996000  -9.8779993000  4.4129997000
Henry: MM Charge: 0.4100000000, xyz (Ang): -5.8349996000  -10.8409993000  4.8139997000
Henry: MM Charge: 0.4100000000, xyz (Ang): -5.0349997000  -9.7009994000  3.7929997000
Henry: MM Charge: -0.8200000000, xyz (Ang): -11.9649992000  4.3689997000  -3.6239998000
Henry: MM Charge: 0.4100000000, xyz (Ang): -12.1449992000  5.1789997000  -2.9899998000
Henry: MM Charge: 0.4100000000, xyz (Ang): -11.0789993000  4.0349997000  -3.3289998000
Henry: MM Charge: -0.8200000000, xyz (Ang): -6.5559996000  10.5779993000  4.7089997000
Henry: MM Charge: 0.4100000000, xyz (Ang): -5.8849996000  9.8169994000  4.9019997000
Henry: MM Charge: 0.4100000000, xyz (Ang): -7.2339995000  10.5209993000  5.4819996000
Henry: MM Charge: -0.8200000000, xyz (Ang): -0.3930000000  10.0309993000  4.6369997000
Henry: MM Charge: 0.4100000000, xyz (Ang): -0.2400000000  9.4319994000  3.8039997000
Henry: MM Charge: 0.4100000000, xyz (Ang): 0.1200000000  10.9459993000  4.6699997000
Henry: MM Charge: -0.8200000000, xyz (Ang): -1.7629999000  3.8069997000  6.2959996000
Henry: MM Charge: 0.4100000000, xyz (Ang): -1.6489999000  4.5179997000  5.5949996000
Henry: MM Charge: 0.4100000000, xyz (Ang): -0.8879999000  3.3839998000  6.5689996000
Henry: MM Charge: -0.8200000000, xyz (Ang): -3.6309998000  -11.6989992000  -5.8289996000
Henry: MM Charge: 0.4100000000, xyz (Ang): -3.0479998000  -10.8669993000  -5.9109996000
Henry: MM Charge: 0.4100000000, xyz (Ang): -3.0069998000  -12.3819992000  -5.5609996000
Henry: MM Charge: -0.8200000000, xyz (Ang): -4.5889997000  0.1400000000  -9.4029994000
Henry: MM Charge: 0.4100000000, xyz (Ang): -3.8399997000  -0.4470000000  -9.0849994000
Henry: MM Charge: 0.4100000000, xyz (Ang): -5.2759997000  -0.5120000000  -9.9009993000
Henry: MM Charge: -0.8200000000, xyz (Ang): -8.7579994000  6.7409996000  2.3749998000
Henry: MM Charge: 0.4100000000, xyz (Ang): -8.2289995000  7.5889995000  2.1269999000
Henry: MM Charge: 0.4100000000, xyz (Ang): -8.1209995000  5.9709996000  2.4629998000
Henry: MM Charge: -0.8200000000, xyz (Ang): -1.9859999000  8.4319994000  -1.6529999000
Henry: MM Charge: 0.4100000000, xyz (Ang): -1.8799999000  7.9219995000  -0.7550000000
Henry: MM Charge: 0.4100000000, xyz (Ang): -1.1289999000  8.2719995000  -2.2009999000
Henry: MM Charge: -0.8200000000, xyz (Ang): 5.8099996000  -1.4679999000  -3.3979998000
Henry: MM Charge: 0.4100000000, xyz (Ang): 4.7909997000  -1.6189999000  -3.2999998000
Henry: MM Charge: 0.4100000000, xyz (Ang): 5.9749996000  -0.4500000000  -3.3499998000
Henry: MM Charge: -0.8200000000, xyz (Ang): -8.0439995000  5.1359997000  6.4169996000
Henry: MM Charge: 0.4100000000, xyz (Ang): -7.9609995000  5.8199996000  5.6109996000
Henry: MM Charge: 0.4100000000, xyz (Ang): -8.8809994000  4.5649997000  6.2549996000
Henry: MM Charge: -0.8200000000, xyz (Ang): 2.8249998000  0.1500000000  9.7479994000
Henry: MM Charge: 0.4100000000, xyz (Ang): 2.6549998000  0.9569999000  10.3819993000
Henry: MM Charge: 0.4100000000, xyz (Ang): 3.4759998000  -0.3930000000  10.2809993000
Henry: MM Charge: -0.8200000000, xyz (Ang): 9.2529994000  0.6400000000  -6.0399996000
Henry: MM Charge: 0.4100000000, xyz (Ang): 9.5989994000  0.7949999000  -6.9859995000
Henry: MM Charge: 0.4100000000, xyz (Ang): 8.8079994000  -0.2610000000  -5.8909996000
Henry: MM Charge: -0.8200000000, xyz (Ang): 6.0479996000  -6.4079996000  7.2009995000
Henry: MM Charge: 0.4100000000, xyz (Ang): 6.2999996000  -6.2419996000  8.1869995000
Henry: MM Charge: 0.4100000000, xyz (Ang): 6.7809996000  -6.9739995000  6.7239996000
Henry: MM Charge: -0.8200000000, xyz (Ang): -11.1969993000  5.7849996000  1.9229999000
Henry: MM Charge: 0.4100000000, xyz (Ang): -11.7539992000  6.6879996000  2.0909999000
Henry: MM Charge: 0.4100000000, xyz (Ang): -10.2399993000  6.0789996000  2.0999999000
Henry: MM Charge: -0.8200000000, xyz (Ang): 4.5469997000  5.0159997000  5.8449996000
Henry: MM Charge: 0.4100000000, xyz (Ang): 4.1209997000  4.8859997000  4.8669997000
Henry: MM Charge: 0.4100000000, xyz (Ang): 4.1019997000  5.7179996000  6.4569996000
Henry: MM Charge: -0.8200000000, xyz (Ang): -3.2209998000  -12.5929992000  1.4149999000
Henry: MM Charge: 0.4100000000, xyz (Ang): -3.0269998000  -11.7159992000  0.8369999000
Henry: MM Charge: 0.4100000000, xyz (Ang): -2.9249998000  -12.2399992000  2.3169998000
Henry: MM Charge: -0.8200000000, xyz (Ang): -8.3449994000  4.9249997000  -5.8349996000
Henry: MM Charge: 0.4100000000, xyz (Ang): -9.0359994000  4.7609997000  -6.4739996000
Henry: MM Charge: 0.4100000000, xyz (Ang): -8.4079994000  5.9269996000  -5.6439996000
Henry: MM Charge: -0.8200000000, xyz (Ang): 2.3089998000  9.0959994000  -4.6189997000
Henry: MM Charge: 0.4100000000, xyz (Ang): 2.7439998000  8.7079994000  -5.4459996000
Henry: MM Charge: 0.4100000000, xyz (Ang): 1.8039999000  9.9579993000  -4.8429997000
Henry: MM Charge: -0.8200000000, xyz (Ang): 3.0889998000  -1.6689999000  -3.0309998000
Henry: MM Charge: 0.4100000000, xyz (Ang): 2.8269998000  -0.7849999000  -2.5849998000
Henry: MM Charge: 0.4100000000, xyz (Ang): 2.5769998000  -1.7329999000  -3.9299997000
Henry: MM Charge: -0.8200000000, xyz (Ang): 12.0929992000  1.9799999000  -2.2759998000
Henry: MM Charge: 0.4100000000, xyz (Ang): 13.0019991000  1.8159999000  -1.7619999000
Henry: MM Charge: 0.4100000000, xyz (Ang): 11.8219992000  1.0949999000  -2.6529998000
Henry: MM Charge: -0.8200000000, xyz (Ang): 0.4980000000  -1.9919999000  10.3959993000
Henry: MM Charge: 0.4100000000, xyz (Ang): 0.4890000000  -0.9969999000  10.3809993000
Henry: MM Charge: 0.4100000000, xyz (Ang): 0.8529999000  -2.3699998000  9.5069994000
Henry: MM Charge: -0.8200000000, xyz (Ang): 10.7219993000  4.0279997000  -7.9659995000
Henry: MM Charge: 0.4100000000, xyz (Ang): 9.9979993000  4.2039997000  -7.2169995000
Henry: MM Charge: 0.4100000000, xyz (Ang): 11.6209992000  3.9539997000  -7.5179995000
Henry: MM Charge: -0.8200000000, xyz (Ang): -5.1379997000  -1.0289999000  6.8129996000
Henry: MM Charge: 0.4100000000, xyz (Ang): -5.7619996000  -1.3979999000  6.0299996000
Henry: MM Charge: 0.4100000000, xyz (Ang): -5.4909996000  -1.1399999000  7.7559995000
Henry: MM Charge: -0.8200000000, xyz (Ang): 0.8169999000  -9.9999993000  0.2270000000
Henry: MM Charge: 0.4100000000, xyz (Ang): 1.0549999000  -9.2099994000  0.8099999000
Henry: MM Charge: 0.4100000000, xyz (Ang): 1.2999999000  -10.7989993000  0.7100000000
Henry: MM Charge: -0.8200000000, xyz (Ang): -0.0020000000  -8.7479994000  3.9139997000
Henry: MM Charge: 0.4100000000, xyz (Ang): 1.0289999000  -8.9879994000  4.0069997000
Henry: MM Charge: 0.4100000000, xyz (Ang): -0.1330000000  -7.9049995000  4.4799997000
Henry: MM Charge: -0.8200000000, xyz (Ang): 10.3029993000  -0.8479999000  4.4589997000
Henry: MM Charge: 0.4100000000, xyz (Ang): 11.0509993000  -0.3090000000  4.0179997000
Henry: MM Charge: 0.4100000000, xyz (Ang): 10.6109993000  -1.2269999000  5.3669996000
Henry: MM Charge: -0.8200000000, xyz (Ang): -10.6189993000  2.0369999000  3.8469997000
Henry: MM Charge: 0.4100000000, xyz (Ang): -10.9929993000  1.0589999000  3.9939997000
Henry: MM Charge: 0.4100000000, xyz (Ang): -11.4739992000  2.5209998000  3.6419998000
Henry: MM Charge: -0.8200000000, xyz (Ang): -6.8329995000  -0.6750000000  1.5329999000
Henry: MM Charge: 0.4100000000, xyz (Ang): -7.0479995000  0.1520000000  2.1549999000
Henry: MM Charge: 0.4100000000, xyz (Ang): -7.0329995000  -1.5299999000  2.0199999000
Henry: MM Charge: -0.8200000000, xyz (Ang): -7.4399995000  7.2989995000  5.0989997000
Henry: MM Charge: 0.4100000000, xyz (Ang): -6.4739996000  7.6009995000  4.6389997000
Henry: MM Charge: 0.4100000000, xyz (Ang): -8.0559995000  7.8359995000  4.5279997000
Henry: MM Charge: -0.8200000000, xyz (Ang): 7.2659995000  5.3469996000  4.6379997000
Henry: MM Charge: 0.4100000000, xyz (Ang): 6.3689996000  5.1369997000  5.1179997000
Henry: MM Charge: 0.4100000000, xyz (Ang): 7.3139995000  6.3699996000  4.6859997000
Henry: MM Charge: -0.8200000000, xyz (Ang): 1.5889999000  -6.1649996000  -13.1619991000
Henry: MM Charge: 0.4100000000, xyz (Ang): 1.6019999000  -6.1199996000  -12.0609992000
Henry: MM Charge: 0.4100000000, xyz (Ang): 0.6930000000  -5.9209996000  -13.4899991000
Henry: MM Charge: -0.8200000000, xyz (Ang): 0.5460000000  -5.1859997000  -7.7309995000
Henry: MM Charge: 0.4100000000, xyz (Ang): -0.1290000000  -4.9529997000  -6.9989995000
Henry: MM Charge: 0.4100000000, xyz (Ang): 1.1879999000  -5.8919996000  -7.3199995000
Henry: MM Charge: -0.8200000000, xyz (Ang): -1.0199999000  8.6669994000  -9.5339994000
Henry: MM Charge: 0.4100000000, xyz (Ang): -1.0429999000  8.3389995000  -10.5209993000
Henry: MM Charge: 0.4100000000, xyz (Ang): -0.0810000000  8.5029994000  -9.1289994000
Henry: MM Charge: -0.8200000000, xyz (Ang): 0.7639999000  2.5439998000  6.9189995000
Henry: MM Charge: 0.4100000000, xyz (Ang): 1.5809999000  1.9089999000  6.9769995000
Henry: MM Charge: 0.4100000000, xyz (Ang): 0.9119999000  3.3549998000  7.5599995000
Henry: MM Charge: -0.8200000000, xyz (Ang): -1.0709999000  -9.9989993000  7.5449995000
Henry: MM Charge: 0.4100000000, xyz (Ang): -2.0589999000  -10.0799993000  7.8839995000
Henry: MM Charge: 0.4100000000, xyz (Ang): -0.8969999000  -9.0409994000  7.4479995000
Henry: MM Charge: -0.8200000000, xyz (Ang): 0.8229999000  -10.2399993000  9.2949994000
Henry: MM Charge: 0.4100000000, xyz (Ang): 0.4300000000  -9.8219994000  10.1599993000
Henry: MM Charge: 0.4100000000, xyz (Ang): 0.0590000000  -10.1249993000  8.5559994000
Henry: MM Charge: -0.8200000000, xyz (Ang): -9.5399994000  -3.1449998000  -7.3969995000
Henry: MM Charge: 0.4100000000, xyz (Ang): -9.8359994000  -3.1669998000  -8.3289995000
Henry: MM Charge: 0.4100000000, xyz (Ang): -8.6679994000  -2.6469998000  -7.2669995000
Henry: MM Charge: -0.8200000000, xyz (Ang): -0.3580000000  -8.3129995000  -10.1109993000
Henry: MM Charge: 0.4100000000, xyz (Ang): -0.3610000000  -8.6319994000  -11.0929993000
Henry: MM Charge: 0.4100000000, xyz (Ang): 0.4640000000  -7.7039995000  -9.9509993000
Henry: MM Charge: -0.8200000000, xyz (Ang): 0.4660000000  11.1079993000  -5.5669996000
Henry: MM Charge: 0.4100000000, xyz (Ang): 0.8359999000  12.0799992000  -5.7739996000
Henry: MM Charge: 0.4100000000, xyz (Ang): -0.3260000000  11.2229993000  -5.0069997000
Henry: MM Charge: -0.8200000000, xyz (Ang): 8.7289994000  3.2349998000  -1.8349999000
Henry: MM Charge: 0.4100000000, xyz (Ang): 7.9119995000  3.6549998000  -1.3009999000
Henry: MM Charge: 0.4100000000, xyz (Ang): 8.5969994000  3.0919998000  -2.8159998000
Henry: MM Charge: -0.8200000000, xyz (Ang): -3.6479998000  8.7009994000  2.2939998000
Henry: MM Charge: 0.4100000000, xyz (Ang): -3.6979998000  8.1599995000  1.4209999000
Henry: MM Charge: 0.4100000000, xyz (Ang): -3.8009997000  9.6549994000  2.0159999000
Henry: MM Charge: -0.8200000000, xyz (Ang): -8.1709995000  -1.3729999000  -4.0179997000
Henry: MM Charge: 0.4100000000, xyz (Ang): -9.0739994000  -1.3379999000  -3.5299998000
Henry: MM Charge: 0.4100000000, xyz (Ang): -7.5489995000  -0.8599999000  -3.3879998000
Henry: MM Charge: -0.8200000000, xyz (Ang): 7.2179995000  -3.5229998000  -2.1479999000
Henry: MM Charge: 0.4100000000, xyz (Ang): 7.2189995000  -3.7759998000  -1.1569999000
Henry: MM Charge: 0.4100000000, xyz (Ang): 6.5469996000  -2.7819998000  -2.3879998000
Henry: MM Charge: -0.8200000000, xyz (Ang): -9.0389994000  -2.2189999000  3.8909997000
Henry: MM Charge: 0.4100000000, xyz (Ang): -8.7989994000  -1.5699999000  4.6609997000
Henry: MM Charge: 0.4100000000, xyz (Ang): -9.9469993000  -2.6529998000  4.0219997000
Henry: MM Charge: -0.8200000000, xyz (Ang): 2.5849998000  11.4689992000  -9.2929994000
Henry: MM Charge: 0.4100000000, xyz (Ang): 3.2509998000  11.9389992000  -8.6679994000
Henry: MM Charge: 0.4100000000, xyz (Ang): 2.5089998000  12.1109992000  -10.0179993000
Henry: MM Charge: -0.8200000000, xyz (Ang): -7.1269995000  11.1049993000  -4.2539997000
Henry: MM Charge: 0.4100000000, xyz (Ang): -7.9129995000  11.7519992000  -4.4459997000
Henry: MM Charge: 0.4100000000, xyz (Ang): -7.2049995000  10.4049993000  -3.4639998000
Henry: MM Charge: -0.8200000000, xyz (Ang): 1.6009999000  -2.0489999000  12.9619991000
Henry: MM Charge: 0.4100000000, xyz (Ang): 1.1219999000  -1.9589999000  12.1409992000
Henry: MM Charge: 0.4100000000, xyz (Ang): 1.1239999000  -1.4729999000  13.7069991000
Henry: MM Charge: -0.8200000000, xyz (Ang): -0.2220000000  1.4239999000  -5.0419997000
Henry: MM Charge: 0.4100000000, xyz (Ang): -0.2280000000  0.8999999000  -4.1639997000
Henry: MM Charge: 0.4100000000, xyz (Ang): 0.7609999000  1.4259999000  -5.3689996000
Henry: MM Charge: -0.8200000000, xyz (Ang): -6.3859996000  -9.7129994000  8.6619994000
Henry: MM Charge: 0.4100000000, xyz (Ang): -5.8119996000  -8.9259994000  8.2389995000
Henry: MM Charge: 0.4100000000, xyz (Ang): -7.2429995000  -9.6479994000  8.0929995000
Henry: MM Charge: -0.8200000000, xyz (Ang): -11.5219992000  4.8499997000  -0.6160000000
Henry: MM Charge: 0.4100000000, xyz (Ang): -10.8059993000  4.1349997000  -0.5180000000
Henry: MM Charge: 0.4100000000, xyz (Ang): -11.7349992000  5.3519996000  0.2220000000
Henry: MM Charge: -0.8200000000, xyz (Ang): 6.4439996000  -12.5199992000  1.3679999000
Henry: MM Charge: 0.4100000000, xyz (Ang): 7.3479995000  -12.7119992000  0.9459999000
Henry: MM Charge: 0.4100000000, xyz (Ang): 6.6699996000  -11.9449992000  2.1879999000
Henry: MM Charge: -0.8200000000, xyz (Ang): 5.6039996000  8.7199994000  -0.2830000000
Henry: MM Charge: 0.4100000000, xyz (Ang): 6.6509996000  8.7229994000  -0.3710000000
Henry: MM Charge: 0.4100000000, xyz (Ang): 5.1729997000  9.6629994000  -0.3860000000
Henry: MM Charge: -0.8200000000, xyz (Ang): -1.2739999000  -6.9379995000  -2.2249999000
Henry: MM Charge: 0.4100000000, xyz (Ang): -2.0369999000  -6.2409996000  -2.2029999000
Henry: MM Charge: 0.4100000000, xyz (Ang): -0.9879999000  -7.0169995000  -3.2179998000
Henry: MM Charge: -0.8200000000, xyz (Ang): 0.8359999000  -8.8119994000  -2.3269998000
Henry: MM Charge: 0.4100000000, xyz (Ang): 0.9269999000  -9.2839994000  -1.4369999000
Henry: MM Charge: 0.4100000000, xyz (Ang): 0.2150000000  -8.0299995000  -2.0739999000
Henry: MM Charge: -0.8200000000, xyz (Ang): -0.6660000000  -3.9639997000  11.7839992000
Henry: MM Charge: 0.4100000000, xyz (Ang): -0.1260000000  -3.2609998000  11.2499993000
Henry: MM Charge: 0.4100000000, xyz (Ang): -0.0750000000  -4.7809997000  11.8959992000
Henry: MM Charge: -0.8200000000, xyz (Ang): -6.0289996000  7.8859995000  -5.4719996000
Henry: MM Charge: 0.4100000000, xyz (Ang): -5.3179996000  8.1629995000  -4.8279997000
Henry: MM Charge: 0.4100000000, xyz (Ang): -6.9799995000  7.8599995000  -5.0999997000
Henry: MM Charge: -0.8200000000, xyz (Ang): -7.4719995000  0.5230000000  -6.2489996000
Henry: MM Charge: 0.4100000000, xyz (Ang): -7.1739995000  -0.4070000000  -6.5249996000
Henry: MM Charge: 0.4100000000, xyz (Ang): -8.4959994000  0.5640000000  -6.0559996000
Henry: MM Charge: -0.8200000000, xyz (Ang): -2.1119999000  8.1249995000  8.7219994000
Henry: MM Charge: 0.4100000000, xyz (Ang): -2.5109998000  8.1609995000  9.6459994000
Henry: MM Charge: 0.4100000000, xyz (Ang): -1.6639999000  9.0159994000  8.5319994000
Henry: MM Charge: -0.8200000000, xyz (Ang): -11.7539992000  -2.2359999000  -6.0289996000
Henry: MM Charge: 0.4100000000, xyz (Ang): -10.8379993000  -2.6439998000  -6.2659996000
Henry: MM Charge: 0.4100000000, xyz (Ang): -12.0989992000  -1.5219999000  -6.7069996000
Henry: MM Charge: -0.8200000000, xyz (Ang): -3.4129998000  -5.0149997000  2.3899998000
Henry: MM Charge: 0.4100000000, xyz (Ang): -3.6849998000  -5.2739997000  3.3519998000
Henry: MM Charge: 0.4100000000, xyz (Ang): -2.4269998000  -5.2909997000  2.2349999000
Henry: MM Charge: -0.8200000000, xyz (Ang): -2.9479998000  5.0939997000  2.1739999000
Henry: MM Charge: 0.4100000000, xyz (Ang): -2.4639998000  4.2219997000  2.4719998000
Henry: MM Charge: 0.4100000000, xyz (Ang): -3.3089998000  4.9919997000  1.2079999000
Henry: MM Charge: -0.8200000000, xyz (Ang): -4.4229997000  2.5159998000  -11.6069992000
Henry: MM Charge: 0.4100000000, xyz (Ang): -5.3829996000  2.6689998000  -11.3709993000
Henry: MM Charge: 0.4100000000, xyz (Ang): -4.1189997000  1.6799999000  -11.0979993000
Henry: MM Charge: -0.8200000000, xyz (Ang): 4.9499997000  2.4279998000  6.7279996000
Henry: MM Charge: 0.4100000000, xyz (Ang): 5.1319997000  2.5579998000  7.6969995000
Henry: MM Charge: 0.4100000000, xyz (Ang): 4.8409997000  3.3689998000  6.4059996000
Henry: MM Charge: -0.8200000000, xyz (Ang): -2.7419998000  0.1530000000  -13.7359991000
Henry: MM Charge: 0.4100000000, xyz (Ang): -3.2989998000  1.0259999000  -13.6859991000
Henry: MM Charge: 0.4100000000, xyz (Ang): -1.8579999000  0.3680000000  -13.2529991000
Henry: MM Charge: -0.8200000000, xyz (Ang): -5.2859997000  11.8409992000  2.7899998000
Henry: MM Charge: 0.4100000000, xyz (Ang): -4.6499997000  12.4829992000  3.2699998000
Henry: MM Charge: 0.4100000000, xyz (Ang): -5.8749996000  11.4439992000  3.4839998000
Henry: MM Charge: -0.8200000000, xyz (Ang): -0.2360000000  -8.7899994000  11.3249993000
Henry: MM Charge: 0.4100000000, xyz (Ang): -1.0819999000  -8.2099995000  11.5689992000
Henry: MM Charge: 0.4100000000, xyz (Ang): 0.4730000000  -8.1379995000  11.2579993000
Henry: MM Charge: -0.8200000000, xyz (Ang): -4.6009997000  -2.9459998000  12.1259992000
Henry: MM Charge: 0.4100000000, xyz (Ang): -4.4459997000  -2.5919998000  13.0949991000
Henry: MM Charge: 0.4100000000, xyz (Ang): -4.0469997000  -2.3749998000  11.4989992000
Henry: MM Charge: -0.8200000000, xyz (Ang): -8.2129995000  -0.0460000000  -9.6749994000
Henry: MM Charge: 0.4100000000, xyz (Ang): -8.0869995000  0.8409999000  -9.1909994000
Henry: MM Charge: 0.4100000000, xyz (Ang): -7.4689995000  -0.7480000000  -10.0479993000
Henry: MM Charge: -0.8200000000, xyz (Ang): -6.8039996000  -2.0549999000  -7.5189995000
Henry: MM Charge: 0.4100000000, xyz (Ang): -5.9569996000  -2.5129998000  -7.2369995000
Henry: MM Charge: 0.4100000000, xyz (Ang): -6.6229996000  -1.6919999000  -8.4819994000
Henry: MM Charge: -0.8200000000, xyz (Ang): 4.7959997000  -1.3479999000  10.7579993000
Henry: MM Charge: 0.4100000000, xyz (Ang): 4.5559997000  -2.1589999000  10.1729993000
Henry: MM Charge: 0.4100000000, xyz (Ang): 5.4749996000  -0.6950000000  10.2849993000
Henry: MM Charge: -0.8200000000, xyz (Ang): 3.8419997000  9.8869993000  9.1799994000
Henry: MM Charge: 0.4100000000, xyz (Ang): 4.5439997000  9.1549994000  8.8829994000
Henry: MM Charge: 0.4100000000, xyz (Ang): 2.9359998000  9.8329994000  8.6189994000
Henry: MM Charge: -0.8200000000, xyz (Ang): 10.9319993000  4.4089997000  -0.7240000000
Henry: MM Charge: 0.4100000000, xyz (Ang): 11.7989992000  3.9039997000  -0.4870000000
Henry: MM Charge: 0.4100000000, xyz (Ang): 10.3079993000  3.6369998000  -1.0839999000
Henry: MM Charge: -0.8200000000, xyz (Ang): 4.8879997000  -3.0949998000  -11.7669992000
Henry: MM Charge: 0.4100000000, xyz (Ang): 4.3669997000  -3.5959998000  -12.4619992000
Henry: MM Charge: 0.4100000000, xyz (Ang): 4.8889997000  -2.1199999000  -12.0099992000
Henry: MM Charge: -0.8200000000, xyz (Ang): -5.0709997000  -7.5839995000  7.5869995000
Henry: MM Charge: 0.4100000000, xyz (Ang): -4.1739997000  -7.0829995000  7.9049995000
Henry: MM Charge: 0.4100000000, xyz (Ang): -5.0449997000  -7.5809995000  6.5589996000
Henry: MM Charge: -0.8200000000, xyz (Ang): 2.7529998000  -5.5109996000  3.0109998000
Henry: MM Charge: 0.4100000000, xyz (Ang): 2.4869998000  -5.2289997000  3.9659997000
Henry: MM Charge: 0.4100000000, xyz (Ang): 3.2339998000  -6.4099996000  3.0389998000
Henry: MM Charge: -0.8200000000, xyz (Ang): -3.4349998000  4.5449997000  -8.3879994000
Henry: MM Charge: 0.4100000000, xyz (Ang): -4.2469997000  4.9469997000  -7.9519995000
Henry: MM Charge: 0.4100000000, xyz (Ang): -3.4939998000  3.5529998000  -8.0559995000
Henry: MM Charge: -0.8200000000, xyz (Ang): 9.1629994000  0.1190000000  9.8189994000
Henry: MM Charge: 0.4100000000, xyz (Ang): 9.8029994000  0.9309999000  9.6549994000
Henry: MM Charge: 0.4100000000, xyz (Ang): 8.1949995000  0.3400000000  9.6179994000
Henry: MM Charge: -0.8200000000, xyz (Ang): -7.2039995000  -0.5830000000  -1.3399999000
Henry: MM Charge: 0.4100000000, xyz (Ang): -6.7449996000  -0.0080000000  -1.9989999000
Henry: MM Charge: 0.4100000000, xyz (Ang): -7.3599995000  -0.3130000000  -0.3670000000
Henry: MM Charge: -0.8200000000, xyz (Ang): -0.4510000000  0.7090000000  -12.1839992000
Henry: MM Charge: 0.4100000000, xyz (Ang): -0.9939999000  0.9649999000  -11.3719992000
Henry: MM Charge: 0.4100000000, xyz (Ang): 0.3280000000  0.0120000000  -11.8619992000
Henry: MM Charge: -0.8200000000, xyz (Ang): -4.5229997000  -5.6749996000  4.8229997000
Henry: MM Charge: 0.4100000000, xyz (Ang): -5.1109997000  -5.0489997000  5.3559996000
Henry: MM Charge: 0.4100000000, xyz (Ang): -5.1499997000  -6.3929996000  4.4319997000
Henry: MM Charge: -0.8200000000, xyz (Ang): 9.7619994000  0.9089999000  -0.9489999000
Henry: MM Charge: 0.4100000000, xyz (Ang): 9.3479994000  1.8489999000  -1.2329999000
Henry: MM Charge: 0.4100000000, xyz (Ang): 10.0219993000  0.5260000000  -1.8749999000
Henry: MM Charge: -0.8200000000, xyz (Ang): -5.5279996000  5.9159996000  9.3769994000
Henry: MM Charge: 0.4100000000, xyz (Ang): -5.6879996000  5.2329997000  10.1119993000
Henry: MM Charge: 0.4100000000, xyz (Ang): -5.5329996000  5.4379996000  8.4349994000
Henry: MM Charge: -0.8200000000, xyz (Ang): 8.3499994000  2.5289998000  -4.4059997000
Henry: MM Charge: 0.4100000000, xyz (Ang): 8.8879994000  1.8989999000  -5.0509997000
Henry: MM Charge: 0.4100000000, xyz (Ang): 8.4099994000  3.4929998000  -4.7709997000
Henry: MM Charge: -0.8200000000, xyz (Ang): 2.8359998000  6.5399996000  7.2619995000
Henry: MM Charge: 0.4100000000, xyz (Ang): 2.1589999000  5.9429996000  7.6629995000
Henry: MM Charge: 0.4100000000, xyz (Ang): 2.4979998000  7.5129995000  7.2849995000
Henry: MM Charge: -0.8200000000, xyz (Ang): 3.3449998000  -9.7279994000  8.5399994000
Henry: MM Charge: 0.4100000000, xyz (Ang): 3.2459998000  -8.7859994000  8.1049995000
Henry: MM Charge: 0.4100000000, xyz (Ang): 2.4269998000  -9.9499993000  9.0459994000
Henry: MM Charge: -0.8200000000, xyz (Ang): 4.9579997000  -8.2499995000  -3.9039997000
Henry: MM Charge: 0.4100000000, xyz (Ang): 5.1149997000  -9.1209994000  -3.3109998000
Henry: MM Charge: 0.4100000000, xyz (Ang): 5.8959996000  -7.9869995000  -4.2599997000
Henry: MM Charge: -0.8200000000, xyz (Ang): 5.0299997000  -7.9439995000  2.2999998000
Henry: MM Charge: 0.4100000000, xyz (Ang): 4.4089997000  -8.0689995000  1.5229999000
Henry: MM Charge: 0.4100000000, xyz (Ang): 5.0819997000  -8.8259994000  2.8419998000
Henry: MM Charge: -0.8200000000, xyz (Ang): 2.3549998000  -5.2019997000  13.1329991000
Henry: MM Charge: 0.4100000000, xyz (Ang): 2.2389999000  -4.1979997000  12.9899991000
Henry: MM Charge: 0.4100000000, xyz (Ang): 3.2959998000  -5.2839997000  13.4849991000
Henry: MM Charge: -0.8200000000, xyz (Ang): -6.5459996000  -11.9249992000  -1.4979999000
Henry: MM Charge: 0.4100000000, xyz (Ang): -5.7999996000  -11.9279992000  -2.2579999000
Henry: MM Charge: 0.4100000000, xyz (Ang): -6.9259995000  -11.0129993000  -1.5389999000
Henry: MM Charge: -0.8200000000, xyz (Ang): 2.2059999000  -4.9079997000  5.6359996000
Henry: MM Charge: 0.4100000000, xyz (Ang): 3.2429998000  -4.9219997000  5.6279996000
Henry: MM Charge: 0.4100000000, xyz (Ang): 1.9019999000  -4.4549997000  6.5009996000
Henry: MM Charge: -0.8200000000, xyz (Ang): -2.3649998000  -7.2669995000  11.8649992000
Henry: MM Charge: 0.4100000000, xyz (Ang): -3.1919998000  -7.3469995000  11.2449993000
Henry: MM Charge: 0.4100000000, xyz (Ang): -2.7419998000  -6.9879995000  12.7659992000
Henry: MM Charge: -0.8200000000, xyz (Ang): 4.8029997000  -10.7639993000  3.6439998000
Henry: MM Charge: 0.4100000000, xyz (Ang): 4.7249997000  -11.7339992000  3.9489997000
Henry: MM Charge: 0.4100000000, xyz (Ang): 5.8079996000  -10.5679993000  3.7339998000
Henry: MM Charge: -0.8200000000, xyz (Ang): -2.0459999000  11.8059992000  -1.1789999000
Henry: MM Charge: 0.4100000000, xyz (Ang): -2.2919998000  10.8329993000  -1.0599999000
Henry: MM Charge: 0.4100000000, xyz (Ang): -2.7459998000  12.4979992000  -0.8019999000
Henry: MM Charge: -0.8200000000, xyz (Ang): -2.9209998000  1.1389999000  -4.7649997000
Henry: MM Charge: 0.4100000000, xyz (Ang): -2.9879998000  0.5130000000  -3.9539997000
Henry: MM Charge: 0.4100000000, xyz (Ang): -1.9239999000  1.3329999000  -4.9619997000
Henry: MM Charge: -0.8200000000, xyz (Ang): 9.0139994000  11.5189992000  -0.1160000000
Henry: MM Charge: 0.4100000000, xyz (Ang): 9.9869993000  11.6909992000  0.0580000000
Henry: MM Charge: 0.4100000000, xyz (Ang): 8.8689994000  10.5509993000  -0.1500000000
Henry: MM Charge: -0.8200000000, xyz (Ang): -5.6009996000  -6.5059996000  1.5099999000
Henry: MM Charge: 0.4100000000, xyz (Ang): -4.5699997000  -6.1899996000  1.6469999000
Henry: MM Charge: 0.4100000000, xyz (Ang): -6.0119996000  -5.6639996000  1.1509999000
Henry: MM Charge: -0.8200000000, xyz (Ang): -3.3479998000  1.3619999000  5.0389997000
Henry: MM Charge: 0.4100000000, xyz (Ang): -2.6579998000  1.1879999000  5.7919996000
Henry: MM Charge: 0.4100000000, xyz (Ang): -4.2349997000  1.6309999000  5.4679996000
Henry: MM Charge: -0.8200000000, xyz (Ang): -2.7689998000  -7.0039995000  -10.1899993000
Henry: MM Charge: 0.4100000000, xyz (Ang): -3.1849998000  -7.1889995000  -11.1549993000
Henry: MM Charge: 0.4100000000, xyz (Ang): -1.8579999000  -7.3699995000  -10.1069993000
Henry: MM Charge: -0.8200000000, xyz (Ang): -0.8289999000  -13.1149991000  3.3789998000
Henry: MM Charge: 0.4100000000, xyz (Ang): -1.3549999000  -13.9599991000  3.6909998000
Henry: MM Charge: 0.4100000000, xyz (Ang): 0.1660000000  -13.2829991000  3.2799998000
Henry: MM Charge: -0.8200000000, xyz (Ang): -8.0349995000  10.3199993000  -0.1390000000
Henry: MM Charge: 0.4100000000, xyz (Ang): -8.7949994000  10.9599993000  -0.1150000000
Henry: MM Charge: 0.4100000000, xyz (Ang): -8.0989995000  9.7109994000  -0.9149999000
Henry: MM Charge: -0.8200000000, xyz (Ang): -7.5159995000  -3.0959998000  -0.6650000000
Henry: MM Charge: 0.4100000000, xyz (Ang): -7.4939995000  -2.0699999000  -0.9169999000
Henry: MM Charge: 0.4100000000, xyz (Ang): -6.5239996000  -3.3259998000  -0.8969999000
Henry: MM Charge: -0.8200000000, xyz (Ang): 4.2509997000  1.1489999000  0.7789999000
Henry: MM Charge: 0.4100000000, xyz (Ang): 3.7549998000  0.9569999000  -0.0950000000
Henry: MM Charge: 0.4100000000, xyz (Ang): 4.9339997000  0.3990000000  0.9419999000
Henry: MM Charge: -0.8200000000, xyz (Ang): 3.4099998000  -7.4989995000  -1.8599999000
Henry: MM Charge: 0.4100000000, xyz (Ang): 4.0409997000  -7.8319995000  -2.5859998000
Henry: MM Charge: 0.4100000000, xyz (Ang): 2.4799998000  -7.9049995000  -2.2109999000
Henry: MM Charge: -0.8200000000, xyz (Ang): -4.0549997000  -4.8819997000  -5.0899997000
Henry: MM Charge: 0.4100000000, xyz (Ang): -4.8529997000  -4.2619997000  -4.9029997000
Henry: MM Charge: 0.4100000000, xyz (Ang): -3.8529997000  -5.3819996000  -4.2129997000
Henry: MM Charge: -0.8200000000, xyz (Ang): 1.4109999000  9.1729994000  6.7749996000
Henry: MM Charge: 0.4100000000, xyz (Ang): 1.0029999000  9.4269994000  7.6959995000
Henry: MM Charge: 0.4100000000, xyz (Ang): 0.7050000000  9.4599994000  6.0739996000
Henry: MM Charge: -0.8200000000, xyz (Ang): -9.0689994000  -8.4829994000  -3.2989998000
Henry: MM Charge: 0.4100000000, xyz (Ang): -9.4219994000  -9.1929994000  -3.9999997000
Henry: MM Charge: 0.4100000000, xyz (Ang): -9.7379994000  -7.7149995000  -3.0409998000
Henry: MM Charge: -0.8200000000, xyz (Ang): 9.0339994000  -5.4489996000  -6.0889996000
Henry: MM Charge: 0.4100000000, xyz (Ang): 8.9759994000  -5.3379996000  -7.1359995000
Henry: MM Charge: 0.4100000000, xyz (Ang): 9.9569993000  -5.7489996000  -5.8699996000
Henry: MM Charge: -0.8200000000, xyz (Ang): 1.1579999000  -2.4819998000  -14.0489991000
Henry: MM Charge: 0.4100000000, xyz (Ang): 0.8079999000  -2.5869998000  -13.0829991000
Henry: MM Charge: 0.4100000000, xyz (Ang): 2.1249999000  -2.8779998000  -14.2269991000
Henry: MM Charge: -0.8200000000, xyz (Ang): -4.3259997000  6.2129996000  -2.8889998000
Henry: MM Charge: 0.4100000000, xyz (Ang): -4.5379997000  7.1719995000  -3.0779998000
Henry: MM Charge: 0.4100000000, xyz (Ang): -4.0249997000  5.8249996000  -3.7319998000
Henry: MM Charge: -0.8200000000, xyz (Ang): -7.3299995000  1.2969999000  3.3049998000
Henry: MM Charge: 0.4100000000, xyz (Ang): -8.0029995000  1.9469999000  2.9019998000
Henry: MM Charge: 0.4100000000, xyz (Ang): -6.6909996000  1.8419999000  3.9129997000
Henry: MM Charge: -0.8200000000, xyz (Ang): -4.9349997000  -3.0859998000  -1.9969999000
Henry: MM Charge: 0.4100000000, xyz (Ang): -4.4769997000  -2.1629999000  -1.9359999000
Henry: MM Charge: 0.4100000000, xyz (Ang): -5.3749996000  -3.1029998000  -2.9329998000
Henry: MM Charge: -0.8200000000, xyz (Ang): 2.0659999000  -6.7789996000  -6.3249996000
Henry: MM Charge: 0.4100000000, xyz (Ang): 2.7219998000  -6.2129996000  -5.7899996000
Henry: MM Charge: 0.4100000000, xyz (Ang): 2.4059998000  -7.7659995000  -6.3379996000
Henry: MM Charge: -0.8200000000, xyz (Ang): -0.5020000000  -6.9449995000  -4.9099997000
Henry: MM Charge: 0.4100000000, xyz (Ang): 0.4130000000  -7.0849995000  -5.3569996000
Henry: MM Charge: 0.4100000000, xyz (Ang): -0.8739999000  -6.0459996000  -5.2549997000
Henry: MM Charge: -0.8200000000, xyz (Ang): 9.4379994000  -2.6819998000  -3.3149998000
Henry: MM Charge: 0.4100000000, xyz (Ang): 10.0099993000  -3.5219998000  -3.2209998000
Henry: MM Charge: 0.4100000000, xyz (Ang): 8.7659994000  -2.8409998000  -2.5419998000
Henry: MM Charge: -0.8200000000, xyz (Ang): 6.5579996000  0.8259999000  9.6589994000
Henry: MM Charge: 0.4100000000, xyz (Ang): 6.7679996000  0.9939999000  10.6539993000
Henry: MM Charge: 0.4100000000, xyz (Ang): 6.4059996000  1.7819999000  9.2849994000
Henry: MM Charge: -0.8200000000, xyz (Ang): 7.8559995000  8.4129994000  -8.7139994000
Henry: MM Charge: 0.4100000000, xyz (Ang): 7.8639995000  8.3229995000  -7.7049995000
Henry: MM Charge: 0.4100000000, xyz (Ang): 6.9189995000  8.6759994000  -9.1279994000
Henry: MM Charge: -0.8200000000, xyz (Ang): -1.6749999000  11.8819992000  -3.9439997000
Henry: MM Charge: 0.4100000000, xyz (Ang): -2.6029998000  11.4039992000  -3.9929997000
Henry: MM Charge: 0.4100000000, xyz (Ang): -1.3939999000  11.9009992000  -2.9939998000
Henry: MM Charge: -0.8200000000, xyz (Ang): -3.8559997000  5.1539997000  -11.0779993000
Henry: MM Charge: 0.4100000000, xyz (Ang): -3.8069997000  5.1369997000  -10.0399993000
Henry: MM Charge: 0.4100000000, xyz (Ang): -3.8079997000  4.2149997000  -11.4129992000
Henry: MM Charge: -0.8200000000, xyz (Ang): 9.7939994000  -6.3759996000  2.7459998000
Henry: MM Charge: 0.4100000000, xyz (Ang): 10.7149993000  -6.3199996000  2.4299998000
Henry: MM Charge: 0.4100000000, xyz (Ang): 9.2439994000  -6.9449995000  2.0439999000
Henry: MM Charge: -0.8200000000, xyz (Ang): -11.4429992000  -4.4669997000  1.0889999000
Henry: MM Charge: 0.4100000000, xyz (Ang): -12.4389992000  -4.3799997000  0.8109999000
Henry: MM Charge: 0.4100000000, xyz (Ang): -11.1879993000  -5.3409996000  1.5649999000
Henry: MM Charge: -0.8200000000, xyz (Ang): 0.8929999000  13.5899991000  -6.1609996000
Henry: MM Charge: 0.4100000000, xyz (Ang): 1.0379999000  14.1259991000  -7.0229995000
Henry: MM Charge: 0.4100000000, xyz (Ang): 0.0340000000  13.9359991000  -5.7869996000
Henry: MM Charge: -0.8200000000, xyz (Ang): -8.7249994000  -1.1479999000  6.4579996000
Henry: MM Charge: 0.4100000000, xyz (Ang): -8.3659994000  -2.1149999000  6.5949996000
Henry: MM Charge: 0.4100000000, xyz (Ang): -9.7399994000  -1.1019999000  6.7029996000
Henry: MM Charge: -0.8200000000, xyz (Ang): -6.5709996000  -11.1049993000  -4.9789997000
Henry: MM Charge: 0.4100000000, xyz (Ang): -6.2919996000  -11.7449992000  -5.7499996000
Henry: MM Charge: 0.4100000000, xyz (Ang): -5.7819996000  -11.0149993000  -4.3839997000
Henry: MM Charge: -0.8200000000, xyz (Ang): 5.1759997000  -3.5069998000  1.0949999000
Henry: MM Charge: 0.4100000000, xyz (Ang): 5.0389997000  -4.2009997000  1.8419999000
Henry: MM Charge: 0.4100000000, xyz (Ang): 4.3489997000  -3.4919998000  0.4740000000
Henry: MM Charge: -0.8200000000, xyz (Ang): 2.7719998000  -9.2819994000  4.9139997000
Henry: MM Charge: 0.4100000000, xyz (Ang): 3.6859998000  -9.4209994000  4.5259997000
Henry: MM Charge: 0.4100000000, xyz (Ang): 2.5459998000  -10.1819993000  5.4509996000
Henry: MM Charge: -0.8200000000, xyz (Ang): -1.2329999000  14.4889990000  -4.6609997000
Henry: MM Charge: 0.4100000000, xyz (Ang): -1.6059999000  13.5919991000  -4.3379997000
Henry: MM Charge: 0.4100000000, xyz (Ang): -2.1419999000  14.8669990000  -4.9469997000
Henry: MM Charge: -0.8200000000, xyz (Ang): -3.7649998000  2.0149999000  -7.5299995000
Henry: MM Charge: 0.4100000000, xyz (Ang): -4.4139997000  1.3619999000  -8.0229995000
Henry: MM Charge: 0.4100000000, xyz (Ang): -3.6649998000  1.8259999000  -6.5729996000
Henry: MM Charge: -0.8200000000, xyz (Ang): -4.0889997000  -0.4640000000  -2.3049998000
Henry: MM Charge: 0.4100000000, xyz (Ang): -4.1159997000  -0.0930000000  -1.3429999000
Henry: MM Charge: 0.4100000000, xyz (Ang): -4.8609997000  -0.0540000000  -2.8489998000
Henry: MM Charge: -0.8200000000, xyz (Ang): 2.7219998000  0.8259999000  7.2759995000
Henry: MM Charge: 0.4100000000, xyz (Ang): 2.6279998000  0.4830000000  8.2469995000
Henry: MM Charge: 0.4100000000, xyz (Ang): 3.6879998000  1.1289999000  7.1049995000
Henry: MM Charge: -0.8200000000, xyz (Ang): 3.2309998000  1.7579999000  3.2159998000
Henry: MM Charge: 0.4100000000, xyz (Ang): 3.3779998000  1.5309999000  2.2189999000
Henry: MM Charge: 0.4100000000, xyz (Ang): 4.0879997000  1.4199999000  3.6739998000
Henry: MM Charge: -0.8200000000, xyz (Ang): 1.3659999000  8.0879995000  -0.2990000000
Henry: MM Charge: 0.4100000000, xyz (Ang): 2.2789998000  7.5979995000  -0.2880000000
Henry: MM Charge: 0.4100000000, xyz (Ang): 0.9929999000  7.9999995000  -1.2539999000
Henry: MM Charge: -0.8200000000, xyz (Ang): -1.4359999000  -4.5209997000  -5.8769996000
Henry: MM Charge: 0.4100000000, xyz (Ang): -1.2899999000  -3.4989998000  -5.9479996000
Henry: MM Charge: 0.4100000000, xyz (Ang): -2.4329998000  -4.6759997000  -5.6449996000
Henry: MM Charge: -0.8200000000, xyz (Ang): 5.4769996000  -6.8949995000  -11.0739993000
Henry: MM Charge: 0.4100000000, xyz (Ang): 6.0319996000  -5.9989996000  -10.9699993000
Henry: MM Charge: 0.4100000000, xyz (Ang): 4.4779997000  -6.6269996000  -11.0839993000
Henry: MM Charge: -0.8200000000, xyz (Ang): 3.3839998000  4.9489997000  -10.4959993000
Henry: MM Charge: 0.4100000000, xyz (Ang): 3.0119998000  4.1599997000  -11.0189993000
Henry: MM Charge: 0.4100000000, xyz (Ang): 2.6089998000  5.2199997000  -9.8739993000
Henry: MM Charge: -0.8200000000, xyz (Ang): 9.7659994000  2.5429998000  2.3779998000
Henry: MM Charge: 0.4100000000, xyz (Ang): 10.1399993000  2.3229998000  1.4739999000
Henry: MM Charge: 0.4100000000, xyz (Ang): 8.7759994000  2.4299998000  2.2009999000
Henry: MM Charge: -0.8200000000, xyz (Ang): 1.6289999000  5.3159996000  -8.0839995000
Henry: MM Charge: 0.4100000000, xyz (Ang): 0.5930000000  5.4309996000  -8.2889995000
Henry: MM Charge: 0.4100000000, xyz (Ang): 1.9449999000  4.3299997000  -8.2389995000
Henry: MM Charge: -0.8200000000, xyz (Ang): 2.6359998000  12.8559992000  3.3939998000
Henry: MM Charge: 0.4100000000, xyz (Ang): 2.0459999000  13.6779991000  3.5279998000
Henry: MM Charge: 0.4100000000, xyz (Ang): 2.7999998000  12.6689992000  2.4229998000
Henry: MM Charge: -0.8200000000, xyz (Ang): -3.6309998000  12.7079992000  5.4299996000
Henry: MM Charge: 0.4100000000, xyz (Ang): -3.3949998000  11.6869992000  5.6749996000
Henry: MM Charge: 0.4100000000, xyz (Ang): -4.3859997000  13.0689991000  6.0499996000
Henry: MM Charge: -0.8200000000, xyz (Ang): 7.8589995000  -9.2299994000  -2.5379998000
Henry: MM Charge: 0.4100000000, xyz (Ang): 7.7769995000  -8.2539995000  -2.1929999000
Henry: MM Charge: 0.4100000000, xyz (Ang): 6.9889995000  -9.8089994000  -2.4509998000
Henry: MM Charge: -0.8200000000, xyz (Ang): 9.8539994000  5.7639996000  -3.0869998000
Henry: MM Charge: 0.4100000000, xyz (Ang): 8.8469994000  5.8029996000  -3.1299998000
Henry: MM Charge: 0.4100000000, xyz (Ang): 10.1909993000  5.6299996000  -2.0869999000
Henry: MM Charge: -0.8200000000, xyz (Ang): -5.8569996000  -6.4029996000  -9.8979993000
Henry: MM Charge: 0.4100000000, xyz (Ang): -6.7919996000  -6.7379996000  -9.6899994000
Henry: MM Charge: 0.4100000000, xyz (Ang): -5.2899997000  -6.5839996000  -9.0559994000
Henry: MM Charge: -0.8200000000, xyz (Ang): -9.1069994000  -4.9689997000  -2.9609998000
Henry: MM Charge: 0.4100000000, xyz (Ang): -8.1409995000  -5.2689997000  -2.9889998000
Henry: MM Charge: 0.4100000000, xyz (Ang): -9.2609994000  -4.4079997000  -3.7549998000
Henry: MM Charge: -0.8200000000, xyz (Ang): 10.9899993000  -0.9619999000  0.7520000000
Henry: MM Charge: 0.4100000000, xyz (Ang): 10.4599993000  -0.4680000000  0.0950000000
Henry: MM Charge: 0.4100000000, xyz (Ang): 10.8869993000  -1.9989999000  0.6130000000
Henry: MM Charge: -0.8200000000, xyz (Ang): 0.0780000000  2.5739998000  -7.7499995000
Henry: MM Charge: 0.4100000000, xyz (Ang): -0.2360000000  2.6389998000  -6.7889996000
Henry: MM Charge: 0.4100000000, xyz (Ang): 1.1259999000  2.5039998000  -7.7519995000
Henry: MM Charge: -0.8200000000, xyz (Ang): -8.2399995000  -9.8819993000  2.4889998000
Henry: MM Charge: 0.4100000000, xyz (Ang): -7.2999995000  -10.2999993000  2.4429998000
Henry: MM Charge: 0.4100000000, xyz (Ang): -8.8749994000  -10.6609993000  2.2549999000
Henry: MM Charge: -0.8200000000, xyz (Ang): -1.3029999000  -1.7999999000  -6.2499996000
Henry: MM Charge: 0.4100000000, xyz (Ang): -0.9139999000  -1.2289999000  -7.0309995000
Henry: MM Charge: 0.4100000000, xyz (Ang): -1.7859999000  -1.1589999000  -5.6229996000
Henry: MM Charge: -0.8200000000, xyz (Ang): -7.9469995000  1.1109999000  9.2659994000
Henry: MM Charge: 0.4100000000, xyz (Ang): -7.0159995000  1.2579999000  9.5639994000
Henry: MM Charge: 0.4100000000, xyz (Ang): -8.0479995000  1.3969999000  8.2729995000
Henry: MM Charge: -0.8200000000, xyz (Ang): 5.5669996000  6.5049996000  -5.6589996000
Henry: MM Charge: 0.4100000000, xyz (Ang): 5.9999996000  6.2909996000  -4.8129997000
Henry: MM Charge: 0.4100000000, xyz (Ang): 4.6659997000  5.9939996000  -5.5359996000
Henry: MM Charge: -0.8200000000, xyz (Ang): 3.8389997000  -5.3069996000  -4.8239997000
Henry: MM Charge: 0.4100000000, xyz (Ang): 3.8719997000  -5.1569997000  -3.8499997000
Henry: MM Charge: 0.4100000000, xyz (Ang): 4.4519997000  -4.7169997000  -5.2839997000
Henry: MM Charge: -0.8200000000, xyz (Ang): -2.3879998000  -3.2059998000  7.7949995000
Henry: MM Charge: 0.4100000000, xyz (Ang): -2.7229998000  -3.5689998000  8.6719994000
Henry: MM Charge: 0.4100000000, xyz (Ang): -2.5689998000  -2.2159999000  8.0119995000
Henry: MM Charge: -0.8200000000, xyz (Ang): -1.0259999000  11.2989993000  -9.2939994000
Henry: MM Charge: 0.4100000000, xyz (Ang): -1.0759999000  10.2549993000  -9.3639994000
Henry: MM Charge: 0.4100000000, xyz (Ang): -0.0180000000  11.5449992000  -9.3659994000
Henry: MM Charge: -0.8200000000, xyz (Ang): -5.0599997000  1.9909999000  8.0809995000
Henry: MM Charge: 0.4100000000, xyz (Ang): -5.5749996000  2.2889998000  7.1959995000
Henry: MM Charge: 0.4100000000, xyz (Ang): -5.1839997000  1.0009999000  8.0929995000
Henry: MM Charge: -0.8200000000, xyz (Ang): -9.6929994000  -5.9069996000  -6.9929995000
Henry: MM Charge: 0.4100000000, xyz (Ang): -10.6029993000  -6.1679996000  -6.5719996000
Henry: MM Charge: 0.4100000000, xyz (Ang): -9.6619994000  -4.8799997000  -7.0579995000
Henry: MM Charge: -0.8200000000, xyz (Ang): 4.6599997000  -5.2149997000  -2.1809999000
Henry: MM Charge: 0.4100000000, xyz (Ang): 4.3399997000  -6.1729996000  -1.9149999000
Henry: MM Charge: 0.4100000000, xyz (Ang): 5.4739996000  -5.2959997000  -2.7739998000
Henry: MM Charge: -0.8200000000, xyz (Ang): -2.1959999000  10.8619993000  8.4489994000
Henry: MM Charge: 0.4100000000, xyz (Ang): -2.1219999000  11.9229992000  8.5839994000
Henry: MM Charge: 0.4100000000, xyz (Ang): -2.5399998000  10.6769993000  7.4849995000
Henry: MM Charge: -0.8200000000, xyz (Ang): -1.7519999000  -10.4929993000  3.0179998000
Henry: MM Charge: 0.4100000000, xyz (Ang): -1.3569999000  -11.4309992000  3.2139998000
Henry: MM Charge: 0.4100000000, xyz (Ang): -0.9809999000  -9.8299994000  3.2689998000
Henry: MM Charge: -0.8200000000, xyz (Ang): -2.9429998000  3.4199998000  8.7679994000
Henry: MM Charge: 0.4100000000, xyz (Ang): -2.6179998000  3.2179998000  7.8319995000
Henry: MM Charge: 0.4100000000, xyz (Ang): -3.9049997000  2.9579998000  8.8079994000
Henry: MM Charge: -0.8200000000, xyz (Ang): -4.4149997000  -11.7409992000  -3.0729998000
Henry: MM Charge: 0.4100000000, xyz (Ang): -3.4939998000  -11.2529993000  -3.1209998000
Henry: MM Charge: 0.4100000000, xyz (Ang): -4.3609997000  -12.7239992000  -3.5089998000
Henry: MM Charge: -0.8200000000, xyz (Ang): 9.4099994000  6.9859995000  -5.5279996000
Henry: MM Charge: 0.4100000000, xyz (Ang): 8.4469994000  7.5099995000  -5.4339996000
Henry: MM Charge: 0.4100000000, xyz (Ang): 9.7949994000  6.7529996000  -4.5719997000
Henry: MM Charge: -0.8200000000, xyz (Ang): -7.2049995000  2.8049998000  -11.0479993000
Henry: MM Charge: 0.4100000000, xyz (Ang): -7.2349995000  2.6049998000  -10.0159993000
Henry: MM Charge: 0.4100000000, xyz (Ang): -8.1549995000  3.1379998000  -11.2059993000
Henry: MM Charge: -0.8200000000, xyz (Ang): -4.5809997000  -6.6259996000  -7.6159995000
Henry: MM Charge: 0.4100000000, xyz (Ang): -3.7289998000  -7.0769995000  -7.2909995000
Henry: MM Charge: 0.4100000000, xyz (Ang): -4.6559997000  -5.8179996000  -6.9759995000
Henry: MM Charge: -0.8200000000, xyz (Ang): 1.1059999000  6.1369996000  -5.3159996000
Henry: MM Charge: 0.4100000000, xyz (Ang): 0.8939999000  5.6489996000  -6.1909996000
Henry: MM Charge: 0.4100000000, xyz (Ang): 1.8199999000  6.8249995000  -5.5899996000
Henry: MM Charge: -0.8200000000, xyz (Ang): 6.4829996000  4.6969997000  -0.9009999000
Henry: MM Charge: 0.4100000000, xyz (Ang): 5.6389996000  4.3949997000  -0.3660000000
Henry: MM Charge: 0.4100000000, xyz (Ang): 6.9859995000  5.3779996000  -0.2840000000
Henry: MM Charge: -0.8200000000, xyz (Ang): -3.7119998000  -2.6219998000  -7.9299995000
Henry: MM Charge: 0.4100000000, xyz (Ang): -3.6749998000  -3.4669998000  -8.4869994000
Henry: MM Charge: 0.4100000000, xyz (Ang): -2.8749998000  -2.5989998000  -7.3389995000
Henry: MM Charge: -0.8200000000, xyz (Ang): -4.3699997000  8.7899994000  -2.9949998000
Henry: MM Charge: 0.4100000000, xyz (Ang): -3.6159998000  8.3699994000  -2.4239998000
Henry: MM Charge: 0.4100000000, xyz (Ang): -4.1619997000  9.7709994000  -3.1299998000
Henry: MM Charge: -0.8200000000, xyz (Ang): -3.5629998000  -8.4749994000  -3.5339998000
Henry: MM Charge: 0.4100000000, xyz (Ang): -3.3389998000  -7.8229995000  -2.7469998000
Henry: MM Charge: 0.4100000000, xyz (Ang): -4.4749997000  -8.8039994000  -3.6329998000
Henry: MM Charge: -0.8200000000, xyz (Ang): 1.0979999000  4.6409997000  8.3879994000
Henry: MM Charge: 0.4100000000, xyz (Ang): 0.1570000000  4.9669997000  8.5489994000
Henry: MM Charge: 0.4100000000, xyz (Ang): 1.6409999000  4.9029997000  9.2319994000
Henry: MM Charge: -0.8200000000, xyz (Ang): 6.3209996000  -0.9999999000  1.2779999000
Henry: MM Charge: 0.4100000000, xyz (Ang): 5.8409996000  -1.9059999000  1.1349999000
Henry: MM Charge: 0.4100000000, xyz (Ang): 6.9519995000  -1.1619999000  2.0819999000
Henry: MM Charge: -0.8200000000, xyz (Ang): -0.4790000000  4.1819997000  -11.7209992000
Henry: MM Charge: 0.4100000000, xyz (Ang): -0.8959999000  5.1029997000  -11.6489992000
Henry: MM Charge: 0.4100000000, xyz (Ang): -0.9279999000  3.4779998000  -11.1039993000
Henry: MM Charge: -0.8200000000, xyz (Ang): 6.4549996000  6.4039996000  10.0289993000
Henry: MM Charge: 0.4100000000, xyz (Ang): 5.9509996000  6.8739995000  9.2469994000
Henry: MM Charge: 0.4100000000, xyz (Ang): 5.7809996000  6.3999996000  10.8069993000
Henry: MM Charge: -0.8200000000, xyz (Ang): 2.3819998000  -11.4689992000  1.7169999000
Henry: MM Charge: 0.4100000000, xyz (Ang): 2.9059998000  -10.9889993000  2.4559998000
Henry: MM Charge: 0.4100000000, xyz (Ang): 2.4789998000  -12.4729992000  1.8919999000
Henry: MM Charge: -0.8200000000, xyz (Ang): 9.5089994000  6.1479996000  0.8939999000
Henry: MM Charge: 0.4100000000, xyz (Ang): 10.1999993000  5.4879996000  0.5340000000
Henry: MM Charge: 0.4100000000, xyz (Ang): 8.7409994000  5.6509996000  1.3199999000
Henry: MM Charge: -0.8200000000, xyz (Ang): 3.6699998000  13.3129991000  -5.1579997000
Henry: MM Charge: 0.4100000000, xyz (Ang): 2.6489998000  13.3419991000  -5.2959997000
Henry: MM Charge: 0.4100000000, xyz (Ang): 3.9839997000  12.8989991000  -6.0449996000
Henry: MM Charge: -0.8200000000, xyz (Ang): -8.4079994000  1.8419999000  6.7269996000
Henry: MM Charge: 0.4100000000, xyz (Ang): -8.3209995000  0.9229999000  6.2979996000
Henry: MM Charge: 0.4100000000, xyz (Ang): -9.2689994000  2.2389999000  6.3929996000
Henry: MM Charge: -0.8200000000, xyz (Ang): -7.8459995000  -9.8909993000  6.4209996000
Henry: MM Charge: 0.4100000000, xyz (Ang): -8.5589994000  -9.3159994000  5.9629996000
Henry: MM Charge: 0.4100000000, xyz (Ang): -6.9789995000  -9.8699993000  5.7769996000
Henry: MM Charge: -0.8200000000, xyz (Ang): 4.8929997000  0.4150000000  -8.7329994000
Henry: MM Charge: 0.4100000000, xyz (Ang): 5.4169996000  1.2759999000  -8.7779994000
Henry: MM Charge: 0.4100000000, xyz (Ang): 5.5609996000  -0.2810000000  -8.3529994000
Henry: MM Charge: -0.8200000000, xyz (Ang): 3.6969998000  -10.2279993000  -8.3359995000
Henry: MM Charge: 0.4100000000, xyz (Ang): 3.2939998000  -10.0049993000  -7.4019995000
Henry: MM Charge: 0.4100000000, xyz (Ang): 4.2559997000  -9.3709994000  -8.3849994000
Henry: MM Charge: -0.8200000000, xyz (Ang): -8.5039994000  -4.9199997000  1.1179999000
Henry: MM Charge: 0.4100000000, xyz (Ang): -9.4329994000  -4.8849997000  0.8009999000
Henry: MM Charge: 0.4100000000, xyz (Ang): -8.0089995000  -4.3369997000  0.4580000000
Henry: MM Charge: -0.8200000000, xyz (Ang): -7.3689995000  -4.2949997000  -10.5769993000
Henry: MM Charge: 0.4100000000, xyz (Ang): -6.8549995000  -5.0069997000  -10.0459993000
Henry: MM Charge: 0.4100000000, xyz (Ang): -7.5589995000  -4.5599997000  -11.5409992000
Henry: MM Charge: -0.8200000000, xyz (Ang): -6.1789996000  -9.0359994000  -7.6529995000
Henry: MM Charge: 0.4100000000, xyz (Ang): -6.0229996000  -9.5739994000  -6.8119996000
Henry: MM Charge: 0.4100000000, xyz (Ang): -5.8019996000  -8.1509995000  -7.5939995000
Henry: MM Charge: -0.8200000000, xyz (Ang): -0.2480000000  -1.5859999000  6.9039995000
Henry: MM Charge: 0.4100000000, xyz (Ang): 0.6560000000  -1.8409999000  6.4979996000
Henry: MM Charge: 0.4100000000, xyz (Ang): -0.8099999000  -2.4129998000  7.1419995000
Henry: MM Charge: -0.8200000000, xyz (Ang): -3.5369998000  14.2489991000  -0.2740000000
Henry: MM Charge: 0.4100000000, xyz (Ang): -4.1779997000  13.9479991000  -0.9599999000
Henry: MM Charge: 0.4100000000, xyz (Ang): -3.9509997000  15.0779990000  0.0590000000
Henry: MM Charge: -0.8200000000, xyz (Ang): 0.5110000000  7.7709995000  -2.9779998000
Henry: MM Charge: 0.4100000000, xyz (Ang): 0.4970000000  6.9609995000  -3.6089998000
Henry: MM Charge: 0.4100000000, xyz (Ang): 1.1839999000  8.4159994000  -3.4249998000
Henry: MM Charge: -0.8200000000, xyz (Ang): 1.7319999000  -1.4909999000  -5.4279996000
Henry: MM Charge: 0.4100000000, xyz (Ang): 2.0569999000  -2.0569999000  -6.2389996000
Henry: MM Charge: 0.4100000000, xyz (Ang): 0.7130000000  -1.5609999000  -5.4529996000
Henry: MM Charge: -0.8200000000, xyz (Ang): -1.7759999000  2.2109999000  -9.9099993000
Henry: MM Charge: 0.4100000000, xyz (Ang): -2.5019998000  1.7579999000  -9.3679994000
Henry: MM Charge: 0.4100000000, xyz (Ang): -1.2179999000  2.6549998000  -9.1549994000
Henry: MM Charge: -0.8200000000, xyz (Ang): -8.8479994000  -8.0089995000  0.7779999000
Henry: MM Charge: 0.4100000000, xyz (Ang): -8.5909994000  -8.5949994000  1.5929999000
Henry: MM Charge: 0.4100000000, xyz (Ang): -8.8339994000  -7.1039995000  1.2489999000
Henry: MM Charge: -0.8200000000, xyz (Ang): -6.0119996000  -10.8109993000  1.1839999000
Henry: MM Charge: 0.4100000000, xyz (Ang): -5.2239997000  -10.2839993000  1.5459999000
Henry: MM Charge: 0.4100000000, xyz (Ang): -6.1029996000  -10.6629993000  0.2060000000
Henry: MM Charge: -0.8200000000, xyz (Ang): -4.1609997000  3.2739998000  12.2179992000
Henry: MM Charge: 0.4100000000, xyz (Ang): -3.1429998000  3.1629998000  12.0589992000
Henry: MM Charge: 0.4100000000, xyz (Ang): -4.5859997000  2.3819998000  12.1709992000
Henry: MM Charge: -0.8200000000, xyz (Ang): -1.2429999000  9.0569994000  -6.1549996000
Henry: MM Charge: 0.4100000000, xyz (Ang): -0.7520000000  8.3069995000  -5.7969996000
Henry: MM Charge: 0.4100000000, xyz (Ang): -0.5720000000  9.8569993000  -6.3829996000
Henry: MM Charge: -0.8200000000, xyz (Ang): 9.7099994000  -6.7349996000  7.8179995000
Henry: MM Charge: 0.4100000000, xyz (Ang): 9.5829994000  -5.7209996000  7.9829995000
Henry: MM Charge: 0.4100000000, xyz (Ang): 9.3649994000  -7.3899995000  8.4789994000
Henry: MM Charge: -0.8200000000, xyz (Ang): 3.1609998000  -3.4929998000  -0.8269999000
Henry: MM Charge: 0.4100000000, xyz (Ang): 3.7229998000  -4.2069997000  -1.3349999000
Henry: MM Charge: 0.4100000000, xyz (Ang): 2.9779998000  -2.7659998000  -1.5309999000
Henry: MM Charge: -0.8200000000, xyz (Ang): -0.0440000000  -6.1579996000  4.7759997000
Henry: MM Charge: 0.4100000000, xyz (Ang): 0.8259999000  -5.7039996000  5.1019997000
Henry: MM Charge: 0.4100000000, xyz (Ang): -0.8529999000  -5.5809996000  5.1029997000
Henry: MM Charge: -0.8200000000, xyz (Ang): -8.4669994000  -7.1939995000  -8.8459994000
Henry: MM Charge: 0.4100000000, xyz (Ang): -8.2719995000  -8.1559995000  -8.5209994000
Henry: MM Charge: 0.4100000000, xyz (Ang): -8.9339994000  -6.7359996000  -7.9839995000
Setting up the DFT grid...
time to set the grid = 0.01 s
DFT grid points: 40014 (952 points/atom)
Setting up the DFT grid...
time to set the grid = 0.02 s
DFT grid points: 111920 (2664 points/atom)

                      *** Start SCF Iterations ***

 Iter     DIIS Error       Energy change      Electrons        XC Energy           Energy        Time(s)
----------------------------------------------------------------------------------------------------------
Purifying guess...Purification run on GPU (mixed precision)  using TC2 purification.
Density matrix purification finished after a total of 0 matrix multiplies
                >>> SWITCHING TO GRID 1 <<<
   1     0.3350094204   -1014.0708037099   157.9993443573  -108.5190808626   -1014.0708037099     2.04  
                >>> SWITCHING TO GRID 0 <<<
   2     0.3539041894      -0.9622068213   158.0017864425  -115.5400715767   -1015.0330105312     0.46  
   3     0.2541897729      -4.0640691428   158.0053130755  -113.4136562629   -1019.0970796740     0.46  
   4     0.0667640836      -1.1144000836   158.0056671726  -112.3730600674   -1020.2114797576     0.55  
   5     0.0146517538      -0.0771439253   158.0055050684  -112.7562354768   -1020.2886236829     0.43  
   6     0.0083210357      -0.0125091287   158.0053721189  -112.7563545280   -1020.3011328116     0.42  
   7     0.0036008022      -0.0032576645   158.0054149931  -112.7223498250   -1020.3043904761     0.42  
                >>> SWITCHING TO GRID 1 <<<
   8     0.0007985903      -0.0009741735   157.9994161871  -112.7244229583   -1020.3053646495     0.48  
   9     0.0002920492      -0.0000338025   157.9994176662  -112.7269589129   -1020.3053984520     0.52  
  10     0.0003203739      -0.0000053347   157.9994181761  -112.7268049221   -1020.3054037867     0.46  
  11     0.0000891601      -0.0000043899   157.9994192846  -112.7279407023   -1020.3054081766     0.48  
