Jobname: geom
Scratch directory: server_2025-09-17-13.02.39/job_8/scr
Random number seed: 2038043558

XYZ coordinates server_2025-09-17-13.02.39/job_8/geom.rst7
Amber prmtop file server_2025-09-17-13.02.39/job_8/parameters.prmtop
QM index file server_2025-09-17-13.02.39/job_8/region.qm
Molden File Output: server_2025-09-17-13.02.39/job_8/scr/geom.molden
Using basis set: 6-31gs
dmrgstart not found
Spin multiplicity: 1
DIIS will use up to 10 vectors.
Condition number limit for the DIIS overlap matrix is            0
WF convergence threshold: 3.00e-05
Using DIIS algorithm to converge WF
Maximum number of SCF iterations: 100
Incremental fock with rebuild every 8 iterations
Will switch to conventional Fock if diffuse functions are detected
X-matrix tolerance: 1.00e-04
PRECISION: DOUBLE
DFT Functional requested: b3lyp1
Method: B3LYP 
  Hartree-Fock exact exchange:          0.20 
  Slater exchange functional:           0.80 
  Becke 1988 exchange functional:       0.72 
  Lee-Yang-Parr correlation functional: 0.81 
  VWN(I) correlation functional:        0.19 
Wavefunction: RESTRICTED
DFT grid type: 1
Using dynamic DFT grids.
Initial guess generated by maximum overlap

Using OpenMM. QM/MM is enabled.
The energies and gradients will have MM components, but this will be computed by OpenMM.

********************************************
**** SINGLE POINT GRADIENT CALCULATIONS ****
********************************************
SCF:   Initial guess is taken from previous step
CIS:   Initial guess is taken from previous step
Z-vec: Initial guess is taken from previous step
*************WARNING***************
Unrecognized or unnecessary keywords:
These are being ignored.
   genscrdata false
***********************************
REMARK  Using OpenMM platform CPU
Made it passed OpenMM system construction
Number of MM atoms: 1170
Number of QM atoms:   42 (including 0 link atoms)
Number of MM atoms:   1170



Basis set:       6-31gs
Total atoms:     42
Total charge:    0
Total electrons: 158 (79-alpha, 79-beta)
Number electrons modeled by ECPs: 0
Total orbitals:  357
Total AO shells: 168 (105 S-shells; 42 P-shells; 21 D-shells; 0 F-shells; 0 G-shells)
Spin multiplicity: 1
Nuclear repulsion energy (QM atoms): 1871.459662119040 a.u.

Total charge from MM point charges: 0.00e

Henry: MM Charge: -0.8200000000, xyz (Ang): -3.3540021000  -0.1780002000  2.8019984000
Henry: MM Charge: 0.4100000000, xyz (Ang): -2.3469566000  -0.2310010000  2.6520182000
Henry: MM Charge: 0.4100000000, xyz (Ang): -3.4879838000  0.3839980000  3.6640008000
Henry: MM Charge: -0.8200000000, xyz (Ang): 7.4379973000  -10.6730045000  3.9540099000
Henry: MM Charge: 0.4100000000, xyz (Ang): 7.8019708000  -11.3988665000  4.5368463000
Henry: MM Charge: 0.4100000000, xyz (Ang): 8.2550252000  -10.2990497000  3.4669951000
Henry: MM Charge: -0.8200000000, xyz (Ang): -1.2359739000  6.7030034000  -11.3919778000
Henry: MM Charge: 0.4100000000, xyz (Ang): -0.9188979000  7.1301167000  -12.2942002000
Henry: MM Charge: 0.4100000000, xyz (Ang): -2.2233723000  6.2727935000  -11.5170559000
Henry: MM Charge: -0.8200000000, xyz (Ang): -10.4670025000  0.0510054000  0.9779984000
Henry: MM Charge: 0.4100000000, xyz (Ang): -10.1879849000  -0.7619902000  0.4150452000
Henry: MM Charge: 0.4100000000, xyz (Ang): -10.4390262000  -0.2870411000  1.9380107000
Henry: MM Charge: -0.8200000000, xyz (Ang): 2.0119997000  -7.1460264000  11.0610064000
Henry: MM Charge: 0.4100000000, xyz (Ang): 2.0299754000  -6.4378328000  11.8300700000
Henry: MM Charge: 0.4100000000, xyz (Ang): 2.0720638000  -6.5937484000  10.1507706000
Henry: MM Charge: -0.8200000000, xyz (Ang): 2.4089990000  1.2409997000  -5.6529995000
Henry: MM Charge: 0.4100000000, xyz (Ang): 2.9950050000  1.6180037000  -4.8829988000
Henry: MM Charge: 0.4100000000, xyz (Ang): 2.3800096000  0.2089988000  -5.6160024000
Henry: MM Charge: -0.8200000000, xyz (Ang): 9.2349757000  -4.0680162000  9.9010073000
Henry: MM Charge: 0.4100000000, xyz (Ang): 8.4210959000  -3.9259999000  9.3250381000
Henry: MM Charge: 0.4100000000, xyz (Ang): 10.0033094000  -3.3997249000  9.6058429000
Henry: MM Charge: -0.8200000000, xyz (Ang): 3.7360027000  -5.8220172000  -9.0359863000
Henry: MM Charge: 0.4100000000, xyz (Ang): 3.6309786000  -6.4148236000  -8.2492224000
Henry: MM Charge: 0.4100000000, xyz (Ang): 4.2900322000  -4.9649593000  -8.8399885000
Henry: MM Charge: -0.8200000000, xyz (Ang): -5.5130089000  13.4680100000  -2.3110074000
Henry: MM Charge: 0.4100000000, xyz (Ang): -5.8160857000  12.7079559000  -1.6699992000
Henry: MM Charge: 0.4100000000, xyz (Ang): -6.2818276000  14.0488431000  -2.5249163000
Henry: MM Charge: -0.8200000000, xyz (Ang): 8.6660042000  -3.4560012000  6.5739984000
Henry: MM Charge: 0.4100000000, xyz (Ang): 9.2208812000  -2.6210962000  6.5099382000
Henry: MM Charge: 0.4100000000, xyz (Ang): 8.6300465000  -3.7868320000  5.6180900000
Henry: MM Charge: -0.8200000000, xyz (Ang): 5.9579903000  6.1160017000  -10.4529967000
Henry: MM Charge: 0.4100000000, xyz (Ang): 6.7391769000  6.0399914000  -11.1311141000
Henry: MM Charge: 0.4100000000, xyz (Ang): 5.1330027000  5.5290059000  -10.6179735000
Henry: MM Charge: -0.8200000000, xyz (Ang): -1.2379919000  -9.9239930000  -8.3810158000
Henry: MM Charge: 0.4100000000, xyz (Ang): -0.8870192000  -9.0959632000  -8.8888913000
Henry: MM Charge: 0.4100000000, xyz (Ang): -1.7640450000  -9.6289770000  -7.5389574000
Henry: MM Charge: -0.8200000000, xyz (Ang): 5.1650335000  9.6170226000  -7.2950112000
Henry: MM Charge: 0.4100000000, xyz (Ang): 5.8028434000  9.6880335000  -6.5180648000
Henry: MM Charge: 0.4100000000, xyz (Ang): 4.5076371000  8.7815996000  -7.0588320000
Henry: MM Charge: -0.8200000000, xyz (Ang): 11.7929999000  4.1960033000  -4.0890015000
Henry: MM Charge: 0.4100000000, xyz (Ang): 11.0359968000  4.8369623000  -3.8179769000
Henry: MM Charge: 0.4100000000, xyz (Ang): 11.8199589000  3.4530251000  -3.3869814000
Henry: MM Charge: -0.8200000000, xyz (Ang): -4.2000000000  2.6079986000  -1.1600010000
Henry: MM Charge: 0.4100000000, xyz (Ang): -4.3299971000  1.8520116000  -0.4709911000
Henry: MM Charge: 0.4100000000, xyz (Ang): -4.1649951000  3.5300061000  -0.6929906000
Henry: MM Charge: -0.8200000000, xyz (Ang): -5.8190000000  7.2180049000  0.1880137000
Henry: MM Charge: 0.4100000000, xyz (Ang): -6.5071038000  6.7270407000  -0.4020116000
Henry: MM Charge: 0.4100000000, xyz (Ang): -6.3289315000  7.7508469000  0.8487760000
Henry: MM Charge: -0.8200000000, xyz (Ang): 6.8459951000  6.2410095000  -3.2600129000
Henry: MM Charge: 0.4100000000, xyz (Ang): 6.7189765000  5.5920684000  -2.4669200000
Henry: MM Charge: 0.4100000000, xyz (Ang): 6.3450755000  7.0258240000  -2.8618938000
Henry: MM Charge: -0.8200000000, xyz (Ang): -5.6690068000  11.7039911000  -0.3079930000
Henry: MM Charge: 0.4100000000, xyz (Ang): -6.4468181000  11.0911853000  -0.4269997000
Henry: MM Charge: 0.4100000000, xyz (Ang): -5.7570670000  12.0929711000  0.6158275000
Henry: MM Charge: -0.8200000000, xyz (Ang): 0.9700022000  -2.3449968000  -11.1749915000
Henry: MM Charge: 0.4100000000, xyz (Ang): 0.3330313000  -2.9799709000  -10.6850290000
Henry: MM Charge: 0.4100000000, xyz (Ang): 1.5129667000  -1.7770747000  -10.5460818000
Henry: MM Charge: -0.8200000000, xyz (Ang): -13.1679942000  0.2609943000  1.1270008000
Henry: MM Charge: 0.4100000000, xyz (Ang): -13.2409660000  1.0390213000  0.4579784000
Henry: MM Charge: 0.4100000000, xyz (Ang): -12.2270837000  -0.0929769000  1.0170147000
Henry: MM Charge: -0.8200000000, xyz (Ang): -1.1939844000  14.5010191000  0.8619941000
Henry: MM Charge: 0.4100000000, xyz (Ang): -2.1602140000  14.2319338000  0.5179505000
Henry: MM Charge: 0.4100000000, xyz (Ang): -0.9721103000  15.3457698000  0.4111195000
Henry: MM Charge: -0.8200000000, xyz (Ang): -9.0880117000  -5.8299983000  4.3170019000
Henry: MM Charge: 0.4100000000, xyz (Ang): -8.8039525000  -4.9999440000  3.7879858000
Henry: MM Charge: 0.4100000000, xyz (Ang): -8.2798965000  -6.4870786000  4.2660067000
Henry: MM Charge: -0.8200000000, xyz (Ang): -7.3879816000  8.9050021000  -2.4589972000
Henry: MM Charge: 0.4100000000, xyz (Ang): -7.8581687000  8.1088739000  -2.9490412000
Henry: MM Charge: 0.4100000000, xyz (Ang): -6.4441440000  8.7050676000  -2.1519735000
Henry: MM Charge: -0.8200000000, xyz (Ang): 3.4339932000  10.8890009000  5.2010033000
Henry: MM Charge: 0.4100000000, xyz (Ang): 3.0880163000  11.5029630000  4.4489683000
Henry: MM Charge: 0.4100000000, xyz (Ang): 2.7420882000  10.4020284000  5.7499734000
Henry: MM Charge: -0.8200000000, xyz (Ang): 7.2159887000  10.0679962000  -3.2559922000
Henry: MM Charge: 0.4100000000, xyz (Ang): 6.3921513000  9.6610794000  -2.8580842000
Henry: MM Charge: 0.4100000000, xyz (Ang): 8.0370105000  9.9969945000  -2.6540396000
Henry: MM Charge: -0.8200000000, xyz (Ang): 0.6119998000  2.2150022000  4.1030010000
Henry: MM Charge: 0.4100000000, xyz (Ang): 1.5409945000  1.9579765000  3.7409887000
Henry: MM Charge: 0.4100000000, xyz (Ang): 0.6840014000  2.3779870000  5.1149897000
Henry: MM Charge: -0.8200000000, xyz (Ang): -7.2620065000  -3.8789939000  9.6159960000
Henry: MM Charge: 0.4100000000, xyz (Ang): -6.9189852000  -4.8191175000  9.9119933000
Henry: MM Charge: 0.4100000000, xyz (Ang): -7.5359468000  -3.9679732000  8.6391391000
Henry: MM Charge: -0.8200000000, xyz (Ang): 1.0000020000  -10.1189853000  -4.6030056000
Henry: MM Charge: 0.4100000000, xyz (Ang): 0.8239617000  -11.0571629000  -4.1478539000
Henry: MM Charge: 0.4100000000, xyz (Ang): 0.8840001000  -9.4119459000  -3.8520062000
Henry: MM Charge: -0.8200000000, xyz (Ang): -2.0300160000  5.9370065000  4.6890053000
Henry: MM Charge: 0.4100000000, xyz (Ang): -2.5389318000  5.9320456000  3.8211778000
Henry: MM Charge: 0.4100000000, xyz (Ang): -2.4508999000  6.6328728000  5.2768092000
Henry: MM Charge: -0.8200000000, xyz (Ang): -11.0729987000  -8.1649891000  -0.7250130000
Henry: MM Charge: 0.4100000000, xyz (Ang): -11.2649561000  -9.1451156000  -0.4758812000
Henry: MM Charge: 0.4100000000, xyz (Ang): -10.2910598000  -7.9640351000  -0.0849454000
Henry: MM Charge: -0.8200000000, xyz (Ang): -7.1929946000  9.1010121000  2.2450087000
Henry: MM Charge: 0.4100000000, xyz (Ang): -6.9400351000  9.6688898000  3.0479638000
Henry: MM Charge: 0.4100000000, xyz (Ang): -7.3880088000  9.6189238000  1.3749395000
Henry: MM Charge: -0.8200000000, xyz (Ang): 4.2219991000  -11.7400082000  -0.3840039000
Henry: MM Charge: 0.4100000000, xyz (Ang): 3.4388056000  -11.2918553000  0.1520555000
Henry: MM Charge: 0.4100000000, xyz (Ang): 5.1221572000  -11.8689569000  0.1139387000
Henry: MM Charge: -0.8200000000, xyz (Ang): 5.5559920000  -10.7400092000  -2.5489772000
Henry: MM Charge: 0.4100000000, xyz (Ang): 5.3221780000  -10.9748660000  -1.6193030000
Henry: MM Charge: 0.4100000000, xyz (Ang): 5.1459858000  -11.4510294000  -3.1640242000
Henry: MM Charge: -0.8200000000, xyz (Ang): -7.5630046000  2.5089695000  -8.2140068000
Henry: MM Charge: 0.4100000000, xyz (Ang): -7.4139816000  1.9969741000  -7.3138655000
Henry: MM Charge: 0.4100000000, xyz (Ang): -7.4219534000  3.5675334000  -8.0799731000
Henry: MM Charge: -0.8200000000, xyz (Ang): -0.2080008000  11.7369984000  0.9079948000
Henry: MM Charge: 0.4100000000, xyz (Ang): -0.8049959000  11.5690144000  0.1001082000
Henry: MM Charge: 0.4100000000, xyz (Ang): -0.5680457000  12.6319530000  1.2519869000
Henry: MM Charge: -0.8200000000, xyz (Ang): 7.2129874000  -8.0849915000  -5.3149862000
Henry: MM Charge: 0.4100000000, xyz (Ang): 7.8041610000  -8.5710893000  -6.0252022000
Henry: MM Charge: 0.4100000000, xyz (Ang): 7.2280001000  -7.0861007000  -5.4580047000
Henry: MM Charge: -0.8200000000, xyz (Ang): -6.2099987000  0.6699995000  -3.6739995000
Henry: MM Charge: 0.4100000000, xyz (Ang): -5.7570043000  1.5990054000  -3.6869996000
Henry: MM Charge: 0.4100000000, xyz (Ang): -6.7100063000  0.5850017000  -4.5750038000
Henry: MM Charge: -0.8200000000, xyz (Ang): -9.4119930000  -3.0220067000  10.9540135000
Henry: MM Charge: 0.4100000000, xyz (Ang): -9.9361236000  -2.2208357000  10.5608996000
Henry: MM Charge: 0.4100000000, xyz (Ang): -8.7549601000  -3.4420818000  10.2518062000
Henry: MM Charge: -0.8200000000, xyz (Ang): -6.2770133000  -1.5029993000  -10.5689675000
Henry: MM Charge: 0.4100000000, xyz (Ang): -5.9298145000  -1.3829448000  -11.5864862000
Henry: MM Charge: 0.4100000000, xyz (Ang): -6.6719705000  -2.4428966000  -10.4659759000
Henry: MM Charge: -0.8200000000, xyz (Ang): 2.7149997000  -7.7039999000  0.7069988000
Henry: MM Charge: 0.4100000000, xyz (Ang): 3.0300016000  -7.6899985000  -0.2789899000
Henry: MM Charge: 0.4100000000, xyz (Ang): 2.1430031000  -6.8559929000  0.8210102000
Henry: MM Charge: -0.8200000000, xyz (Ang): 4.2190101000  -2.3019959000  13.4260007000
Henry: MM Charge: 0.4100000000, xyz (Ang): 3.1768630000  -2.3160441000  13.3289621000
Henry: MM Charge: 0.4100000000, xyz (Ang): 4.5799514000  -1.9900478000  12.5300433000
Henry: MM Charge: -0.8200000000, xyz (Ang): -5.5620032000  -5.5830061000  12.8610219000
Henry: MM Charge: 0.4100000000, xyz (Ang): -5.8150065000  -5.9140263000  11.8917388000
Henry: MM Charge: 0.4100000000, xyz (Ang): -5.2669331000  -4.5958818000  12.7289510000
Henry: MM Charge: -0.8200000000, xyz (Ang): 8.3089813000  8.1609957000  -0.4789846000
Henry: MM Charge: 0.4100000000, xyz (Ang): 8.7850381000  7.4210020000  0.0689451000
Henry: MM Charge: 0.4100000000, xyz (Ang): 9.0392977000  8.4440208000  -1.2062129000
Henry: MM Charge: -0.8200000000, xyz (Ang): -6.2429938000  -8.4249955000  -4.3160032000
Henry: MM Charge: 0.4100000000, xyz (Ang): -7.1470259000  -8.1990167000  -3.8889502000
Henry: MM Charge: 0.4100000000, xyz (Ang): -6.3319723000  -9.3960125000  -4.6419849000
Henry: MM Charge: -0.8200000000, xyz (Ang): -5.2769882000  6.7940040000  -7.9300062000
Henry: MM Charge: 0.4100000000, xyz (Ang): -4.5211628000  7.4669098000  -8.0119538000
Henry: MM Charge: 0.4100000000, xyz (Ang): -5.6559901000  7.0630187000  -7.0059726000
Henry: MM Charge: -0.8200000000, xyz (Ang): -5.1370310000  5.0559988000  6.9530015000
Henry: MM Charge: 0.4100000000, xyz (Ang): -4.5758700000  4.4349289000  6.3399148000
Henry: MM Charge: 0.4100000000, xyz (Ang): -6.1096077000  5.0450483000  6.7961394000
Henry: MM Charge: -0.8200000000, xyz (Ang): 10.5099733000  -3.6739917000  0.5590146000
Henry: MM Charge: 0.4100000000, xyz (Ang): 11.2644512000  -4.3852649000  0.2688557000
Henry: MM Charge: 0.4100000000, xyz (Ang): 9.5080116000  -3.9018858000  0.5700401000
Henry: MM Charge: -0.8200000000, xyz (Ang): -2.7720066000  -4.3819984000  10.2579986000
Henry: MM Charge: 0.4100000000, xyz (Ang): -3.6118572000  -4.4640138000  10.8029343000
Henry: MM Charge: 0.4100000000, xyz (Ang): -1.9929782000  -4.3340335000  10.9600999000
Henry: MM Charge: -0.8200000000, xyz (Ang): -0.0029897000  -11.7370039000  5.8939844000
Henry: MM Charge: 0.4100000000, xyz (Ang): -0.5977820000  -12.0259287000  5.1672119000
Henry: MM Charge: 0.4100000000, xyz (Ang): -0.4860375000  -11.0979569000  6.5780687000
Henry: MM Charge: -0.8200000000, xyz (Ang): -7.0910055000  8.0669981000  7.8659894000
Henry: MM Charge: 0.4100000000, xyz (Ang): -6.5739892000  7.3599593000  8.3959338000
Henry: MM Charge: 0.4100000000, xyz (Ang): -7.2529287000  7.6700684000  6.9672236000
Henry: MM Charge: -0.8200000000, xyz (Ang): 5.0459842000  -0.2629942000  -11.5480003000
Henry: MM Charge: 0.4100000000, xyz (Ang): 5.0369501000  0.0899646000  -10.6031501000
Henry: MM Charge: 0.4100000000, xyz (Ang): 4.1353380000  -0.1670579000  -11.8748390000
Henry: MM Charge: -0.8200000000, xyz (Ang): 7.0390060000  -5.1179942000  -4.3320021000
Henry: MM Charge: 0.4100000000, xyz (Ang): 7.8008899000  -5.0489330000  -4.9928355000
Henry: MM Charge: 0.4100000000, xyz (Ang): 7.2390340000  -4.3931269000  -3.6611736000
Henry: MM Charge: -0.8200000000, xyz (Ang): -8.9069754000  3.3940096000  2.1840001000
Henry: MM Charge: 0.4100000000, xyz (Ang): -9.4201254000  3.3059766000  1.2920384000
Henry: MM Charge: 0.4100000000, xyz (Ang): -9.6491716000  2.9629363000  2.7849534000
Henry: MM Charge: -0.8200000000, xyz (Ang): 3.7429997000  6.7819995000  -0.4020000000
Henry: MM Charge: 0.4100000000, xyz (Ang): 3.9889994000  5.8540015000  -0.0409987000
Henry: MM Charge: 0.4100000000, xyz (Ang): 4.5099993000  7.4579979000  -0.2289992000
Henry: MM Charge: -0.8200000000, xyz (Ang): 13.1570206000  -4.3600003000  3.8600280000
Henry: MM Charge: 0.4100000000, xyz (Ang): 12.2327428000  -3.9338846000  3.5269093000
Henry: MM Charge: 0.4100000000, xyz (Ang): 13.3439164000  -4.0980902000  4.7716584000
Henry: MM Charge: -0.8200000000, xyz (Ang): 8.1579939000  1.0700058000  5.1829941000
Henry: MM Charge: 0.4100000000, xyz (Ang): 8.3949880000  1.9949699000  5.5830212000
Henry: MM Charge: 0.4100000000, xyz (Ang): 8.9940093000  0.6479879000  4.7549981000
Henry: MM Charge: -0.8200000000, xyz (Ang): 4.3210001000  4.1310005000  0.7349989000
Henry: MM Charge: 0.4100000000, xyz (Ang): 4.3059947000  3.1049909000  0.7200085000
Henry: MM Charge: 0.4100000000, xyz (Ang): 4.0749950000  4.4389929000  1.6870074000
Henry: MM Charge: -0.8200000000, xyz (Ang): -0.9069980000  5.5009932000  -8.8869979000
Henry: MM Charge: 0.4100000000, xyz (Ang): -1.1520546000  6.0940933000  -9.7121188000
Henry: MM Charge: 0.4100000000, xyz (Ang): -1.7709918000  5.1669924000  -8.4279203000
Henry: MM Charge: -0.8200000000, xyz (Ang): 0.7300030000  -11.6280017000  -7.0139930000
Henry: MM Charge: 0.4100000000, xyz (Ang): 0.2750499000  -11.0189157000  -7.6979346000
Henry: MM Charge: 0.4100000000, xyz (Ang): 0.9689705000  -10.9910160000  -6.2801692000
Henry: MM Charge: -0.8200000000, xyz (Ang): -1.3219958000  5.7020217000  9.2150073000
Henry: MM Charge: 0.4100000000, xyz (Ang): -1.4629423000  6.6188635000  8.7969834000
Henry: MM Charge: 0.4100000000, xyz (Ang): -2.1141672000  5.0939280000  8.8738507000
Henry: MM Charge: -0.8200000000, xyz (Ang): -10.3469952000  -0.9280087000  -2.5570133000
Henry: MM Charge: 0.4100000000, xyz (Ang): -11.0530455000  -0.1747769000  -2.3469604000
Henry: MM Charge: 0.4100000000, xyz (Ang): -10.2319226000  -1.5330723000  -1.7018256000
Henry: MM Charge: -0.8200000000, xyz (Ang): -3.1160036000  -0.6690073000  8.6660071000
Henry: MM Charge: 0.4100000000, xyz (Ang): -3.8661119000  -0.6479737000  7.9429469000
Henry: MM Charge: 0.4100000000, xyz (Ang): -2.3758537000  0.0301150000  8.4189931000
Henry: MM Charge: -0.8200000000, xyz (Ang): -1.3970006000  0.8080008000  7.0110006000
Henry: MM Charge: 0.4100000000, xyz (Ang): -0.9739936000  -0.1400064000  6.9239873000
Henry: MM Charge: 0.4100000000, xyz (Ang): -0.6079974000  1.4699934000  7.0259920000
Henry: MM Charge: -0.8200000000, xyz (Ang): 2.7580062000  12.4490087000  0.6199955000
Henry: MM Charge: 0.4100000000, xyz (Ang): 1.8040239000  12.0820195000  0.5309999000
Henry: MM Charge: 0.4100000000, xyz (Ang): 2.7189890000  13.4418024000  0.5490660000
Henry: MM Charge: -0.8200000000, xyz (Ang): 1.4709981000  -5.1800017000  0.7349963000
Henry: MM Charge: 0.4100000000, xyz (Ang): 1.9790037000  -5.1519714000  1.6440201000
Henry: MM Charge: 0.4100000000, xyz (Ang): 1.9140161000  -4.4979832000  0.1020346000
Henry: MM Charge: -0.8200000000, xyz (Ang): 1.7189935000  0.3530029000  -9.9280034000
Henry: MM Charge: 0.4100000000, xyz (Ang): 1.6329384000  1.2230128000  -10.4730286000
Henry: MM Charge: 0.4100000000, xyz (Ang): 2.5581251000  0.3389462000  -9.3088782000
Henry: MM Charge: -0.8200000000, xyz (Ang): -6.8520044000  4.8389904000  1.5430012000
Henry: MM Charge: 0.4100000000, xyz (Ang): -7.7639511000  4.4271652000  1.7679915000
Henry: MM Charge: 0.4100000000, xyz (Ang): -6.8340059000  5.0500608000  0.5360226000
Henry: MM Charge: -0.8200000000, xyz (Ang): 5.4560080000  9.0610038000  4.9709802000
Henry: MM Charge: 0.4100000000, xyz (Ang): 4.6498561000  9.7310324000  4.9500582000
Henry: MM Charge: 0.4100000000, xyz (Ang): 5.9639867000  8.9278813000  4.1072040000
Henry: MM Charge: -0.8200000000, xyz (Ang): -2.2120000000  -7.6909988000  0.4659995000
Henry: MM Charge: 0.4100000000, xyz (Ang): -1.9059976000  -7.4960070000  -0.4939979000
Henry: MM Charge: 0.4100000000, xyz (Ang): -1.6909979000  -7.0720043000  1.1060083000
Henry: MM Charge: -0.8200000000, xyz (Ang): -2.0910010000  -4.8630008000  5.7290001000
Henry: MM Charge: 0.4100000000, xyz (Ang): -3.0189906000  -5.2009924000  5.4320000000
Henry: MM Charge: 0.4100000000, xyz (Ang): -2.2199929000  -4.2189936000  6.5349929000
Henry: MM Charge: -0.8200000000, xyz (Ang): -2.0960172000  -10.5759972000  -0.0379982000
Henry: MM Charge: 0.4100000000, xyz (Ang): -2.3259055000  -9.7601229000  0.5079652000
Henry: MM Charge: 0.4100000000, xyz (Ang): -1.0568922000  -10.5429601000  -0.0300036000
Henry: MM Charge: -0.8200000000, xyz (Ang): 4.4490014000  13.4289953000  -2.6540089000
Henry: MM Charge: 0.4100000000, xyz (Ang): 4.7179989000  12.5530295000  -2.2089841000
Henry: MM Charge: 0.4100000000, xyz (Ang): 4.1239724000  13.3010102000  -3.6269417000
Henry: MM Charge: -0.8200000000, xyz (Ang): 8.2260045000  -4.7040135000  3.9419950000
Henry: MM Charge: 0.4100000000, xyz (Ang): 8.8528620000  -5.3939612000  3.5090091000
Henry: MM Charge: 0.4100000000, xyz (Ang): 7.3321027000  -4.9139611000  3.4899825000
Henry: MM Charge: -0.8200000000, xyz (Ang): 2.5740011000  -1.6839997000  6.2770019000
Henry: MM Charge: 0.4100000000, xyz (Ang): 2.4949932000  -0.6890081000  6.5529829000
Henry: MM Charge: 0.4100000000, xyz (Ang): 3.4869849000  -1.7949980000  5.8089865000
Henry: MM Charge: -0.8200000000, xyz (Ang): -3.9280058000  -9.1640005000  2.2400014000
Henry: MM Charge: 0.4100000000, xyz (Ang): -3.0208528000  -9.5880575000  2.5870764000
Henry: MM Charge: 0.4100000000, xyz (Ang): -3.7480279000  -8.4648821000  1.4848695000
Henry: MM Charge: -0.8200000000, xyz (Ang): 1.4869855000  -6.1780149000  -10.4320146000
Henry: MM Charge: 0.4100000000, xyz (Ang): 2.2972791000  -6.0219051000  -9.7266794000
Henry: MM Charge: 0.4100000000, xyz (Ang): 0.8809770000  -5.3308456000  -10.3890208000
Henry: MM Charge: -0.8200000000, xyz (Ang): 4.8929934000  8.2440096000  -3.1540239000
Henry: MM Charge: 0.4100000000, xyz (Ang): 4.4619273000  7.9889430000  -2.2368148000
Henry: MM Charge: 0.4100000000, xyz (Ang): 4.2452013000  8.7648769000  -3.6918524000
Henry: MM Charge: -0.8200000000, xyz (Ang): -1.4519992000  2.9019997000  11.2460121000
Henry: MM Charge: 0.4100000000, xyz (Ang): -0.6266991000  3.4811152000  10.9449904000
Henry: MM Charge: 0.4100000000, xyz (Ang): -2.1732285000  2.6727960000  10.4988600000
Henry: MM Charge: -0.8200000000, xyz (Ang): -4.5960009000  -2.5790003000  3.3089985000
Henry: MM Charge: 0.4100000000, xyz (Ang): -4.1389860000  -1.6809965000  3.0800123000
Henry: MM Charge: 0.4100000000, xyz (Ang): -4.1039902000  -3.3499954000  2.8380153000
Henry: MM Charge: -0.8200000000, xyz (Ang): -6.1240013000  2.7239946000  5.6080050000
Henry: MM Charge: 0.4100000000, xyz (Ang): -5.7928896000  3.5490995000  5.0439681000
Henry: MM Charge: 0.4100000000, xyz (Ang): -7.1311601000  2.8040109000  5.8800051000
Henry: MM Charge: -0.8200000000, xyz (Ang): 9.8759900000  9.6840026000  -2.0819967000
Henry: MM Charge: 0.4100000000, xyz (Ang): 10.0699997000  9.9260241000  -3.0681106000
Henry: MM Charge: 0.4100000000, xyz (Ang): 10.7350994000  9.6649841000  -1.5058714000
Henry: MM Charge: -0.8200000000, xyz (Ang): -9.8899754000  2.7520091000  -3.1680027000
Henry: MM Charge: 0.4100000000, xyz (Ang): -10.3001583000  2.1579061000  -3.9340926000
Henry: MM Charge: 0.4100000000, xyz (Ang): -8.9183253000  2.9289664000  -3.2348884000
Henry: MM Charge: -0.8200000000, xyz (Ang): 6.7520105000  11.9499730000  1.1329936000
Henry: MM Charge: 0.4100000000, xyz (Ang): 7.5518640000  11.9471292000  0.4990708000
Henry: MM Charge: 0.4100000000, xyz (Ang): 6.7080533000  12.9773208000  1.3489942000
Henry: MM Charge: -0.8200000000, xyz (Ang): 0.1140001000  9.0919989000  1.8739997000
Henry: MM Charge: 0.4100000000, xyz (Ang): 0.0079997000  10.0890065000  1.6279996000
Henry: MM Charge: 0.4100000000, xyz (Ang): 0.6749993000  8.6840001000  1.0970032000
Henry: MM Charge: -0.8200000000, xyz (Ang): 6.9480035000  -6.4040126000  9.8139701000
Henry: MM Charge: 0.4100000000, xyz (Ang): 7.8370118000  -6.7569539000  10.1751352000
Henry: MM Charge: 0.4100000000, xyz (Ang): 6.5369437000  -6.0098691000  10.7013483000
Henry: MM Charge: -0.8200000000, xyz (Ang): -3.0930085000  12.6010167000  -8.1949954000
Henry: MM Charge: 0.4100000000, xyz (Ang): -2.2927025000  12.1048390000  -8.7242154000
Henry: MM Charge: 0.4100000000, xyz (Ang): -3.7751742000  11.9008181000  -7.7628400000
Henry: MM Charge: -0.8200000000, xyz (Ang): 7.9130089000  -1.8639664000  3.4379962000
Henry: MM Charge: 0.4100000000, xyz (Ang): 8.7548510000  -1.4711404000  3.8279554000
Henry: MM Charge: 0.4100000000, xyz (Ang): 7.9480226000  -2.9153834000  3.6661256000
Henry: MM Charge: -0.8200000000, xyz (Ang): 6.1679670000  8.3540012000  7.5899946000
Henry: MM Charge: 0.4100000000, xyz (Ang): 5.7979898000  8.5349530000  6.6440368000
Henry: MM Charge: 0.4100000000, xyz (Ang): 7.2425754000  8.4570236000  7.6010196000
Henry: MM Charge: -0.8200000000, xyz (Ang): 2.9959938000  7.5070014000  -6.8850035000
Henry: MM Charge: 0.4100000000, xyz (Ang): 2.4300498000  8.1790394000  -7.4148715000
Henry: MM Charge: 0.4100000000, xyz (Ang): 3.1430902000  6.6078340000  -7.3980421000
Henry: MM Charge: -0.8200000000, xyz (Ang): 8.2469930000  -9.0310094000  8.8570005000
Henry: MM Charge: 0.4100000000, xyz (Ang): 7.7629807000  -8.8499256000  7.9559220000
Henry: MM Charge: 0.4100000000, xyz (Ang): 7.9740878000  -9.8379366000  9.3950374000
Henry: MM Charge: -0.8200000000, xyz (Ang): -6.1729926000  -1.1539982000  9.2890053000
Henry: MM Charge: 0.4100000000, xyz (Ang): -7.0550815000  -0.6359235000  9.1018968000
Henry: MM Charge: 0.4100000000, xyz (Ang): -6.3819846000  -2.1410918000  9.5459757000
Henry: MM Charge: -0.8200000000, xyz (Ang): 6.4640248000  -2.9280212000  8.1239872000
Henry: MM Charge: 0.4100000000, xyz (Ang): 6.2969263000  -1.9067872000  7.9359343000
Henry: MM Charge: 0.4100000000, xyz (Ang): 7.1826763000  -3.1158138000  7.4762263000
Henry: MM Charge: -0.8200000000, xyz (Ang): 4.9200118000  -3.3979931000  -8.8729810000
Henry: MM Charge: 0.4100000000, xyz (Ang): 5.6698433000  -2.8081599000  -8.5530857000
Henry: MM Charge: 0.4100000000, xyz (Ang): 4.8089912000  -3.1409108000  -9.8891707000
Henry: MM Charge: -0.8200000000, xyz (Ang): 5.2389881000  -8.0780148000  -8.4959780000
Henry: MM Charge: 0.4100000000, xyz (Ang): 5.3001390000  -7.5958063000  -9.4482463000
Henry: MM Charge: 0.4100000000, xyz (Ang): 6.2040028000  -8.0559327000  -8.2080783000
Henry: MM Charge: -0.8200000000, xyz (Ang): -2.7459697000  10.0530054000  5.8319844000
Henry: MM Charge: 0.4100000000, xyz (Ang): -3.1140721000  9.0798457000  5.7679811000
Henry: MM Charge: 0.4100000000, xyz (Ang): -1.8433518000  10.0800114000  5.4222142000
Henry: MM Charge: -0.8200000000, xyz (Ang): -4.8239909000  10.8170072000  -7.3230125000
Henry: MM Charge: 0.4100000000, xyz (Ang): -5.4621337000  10.6979743000  -6.5128266000
Henry: MM Charge: 0.4100000000, xyz (Ang): -4.3429968000  9.9189443000  -7.5179992000
Henry: MM Charge: -0.8200000000, xyz (Ang): -1.8980111000  -0.7100064000  13.0939784000
Henry: MM Charge: 0.4100000000, xyz (Ang): -1.8320045000  -1.6884639000  13.5271149000
Henry: MM Charge: 0.4100000000, xyz (Ang): -1.6308224000  0.1815758000  13.6622510000
Henry: MM Charge: -0.8200000000, xyz (Ang): 4.6490105000  11.1099955000  -0.6240042000
Henry: MM Charge: 0.4100000000, xyz (Ang): 3.7269520000  11.4600190000  -0.2828970000
Henry: MM Charge: 0.4100000000, xyz (Ang): 5.1838089000  11.4249663000  0.1779776000
Henry: MM Charge: -0.8200000000, xyz (Ang): -2.3290005000  -9.1090065000  -5.9810060000
Henry: MM Charge: 0.4100000000, xyz (Ang): -3.1010802000  -8.9159898000  -5.3199913000
Henry: MM Charge: 0.4100000000, xyz (Ang): -1.5299221000  -8.5499253000  -5.6209459000
Henry: MM Charge: -0.8200000000, xyz (Ang): -9.6329922000  -6.8919995000  7.6920044000
Henry: MM Charge: 0.4100000000, xyz (Ang): -9.3890065000  -7.5570221000  6.9639567000
Henry: MM Charge: 0.4100000000, xyz (Ang): -10.6551184000  -6.8170042000  7.7639731000
Henry: MM Charge: -0.8200000000, xyz (Ang): 2.4079507000  -11.6689925000  6.0320063000
Henry: MM Charge: 0.4100000000, xyz (Ang): 1.3943266000  -11.6849819000  6.0949814000
Henry: MM Charge: 0.4100000000, xyz (Ang): 2.7710808000  -12.6291239000  6.1129417000
Henry: MM Charge: -0.8200000000, xyz (Ang): 3.2730003000  4.5130006000  3.4329998000
Henry: MM Charge: 0.4100000000, xyz (Ang): 3.1069958000  3.4959892000  3.4049979000
Henry: MM Charge: 0.4100000000, xyz (Ang): 2.3569960000  5.0009932000  3.4589997000
Henry: MM Charge: -0.8200000000, xyz (Ang): -1.7029999000  7.2460003000  0.7499995000
Henry: MM Charge: 0.4100000000, xyz (Ang): -1.1000001000  7.8829976000  1.2900020000
Henry: MM Charge: 0.4100000000, xyz (Ang): -2.0250006000  6.4759905000  1.3490056000
Henry: MM Charge: -0.8200000000, xyz (Ang): -7.8699939000  7.1220192000  -9.2510129000
Henry: MM Charge: 0.4100000000, xyz (Ang): -6.8800581000  7.1259441000  -9.0069788000
Henry: MM Charge: 0.4100000000, xyz (Ang): -8.2570600000  6.2867454000  -8.7618188000
Henry: MM Charge: -0.8200000000, xyz (Ang): -5.1090113000  8.2619993000  4.5400057000
Henry: MM Charge: 0.4100000000, xyz (Ang): -4.5709521000  8.3840324000  3.6348395000
Henry: MM Charge: 0.4100000000, xyz (Ang): -4.5009353000  7.8389651000  5.2821047000
Henry: MM Charge: -0.8200000000, xyz (Ang): 7.6659754000  -1.6929835000  -5.6030046000
Henry: MM Charge: 0.4100000000, xyz (Ang): 8.4642101000  -2.2691921000  -5.2148815000
Henry: MM Charge: 0.4100000000, xyz (Ang): 6.9591599000  -1.8320718000  -4.8910876000
Henry: MM Charge: -0.8200000000, xyz (Ang): -9.7959942000  6.3700389000  -2.2079996000
Henry: MM Charge: 0.4100000000, xyz (Ang): -10.0838144000  7.2656268000  -1.9941651000
Henry: MM Charge: 0.4100000000, xyz (Ang): -10.4462498000  5.6146762000  -1.7938921000
Henry: MM Charge: -0.8200000000, xyz (Ang): 10.7009846000  -4.9499981000  -3.0350070000
Henry: MM Charge: 0.4100000000, xyz (Ang): 11.0220260000  -5.3339686000  -3.9129525000
Henry: MM Charge: 0.4100000000, xyz (Ang): 11.5511299000  -4.7849923000  -2.4709586000
Henry: MM Charge: -0.8200000000, xyz (Ang): -6.3059842000  -6.4310002000  10.2349960000
Henry: MM Charge: 0.4100000000, xyz (Ang): -5.6110204000  -6.9109329000  9.6730700000
Henry: MM Charge: 0.4100000000, xyz (Ang): -7.2452275000  -6.8850599000  10.1499883000
Henry: MM Charge: -0.8200000000, xyz (Ang): 8.4089966000  -6.6839961000  -1.6180033000
Henry: MM Charge: 0.4100000000, xyz (Ang): 7.9739896000  -6.0760413000  -2.3099550000
Henry: MM Charge: 0.4100000000, xyz (Ang): 9.4350849000  -6.6690342000  -1.7029557000
Henry: MM Charge: -0.8200000000, xyz (Ang): -5.4069995000  4.6120037000  3.7379959000
Henry: MM Charge: 0.4100000000, xyz (Ang): -4.4871006000  4.5629652000  3.3160005000
Henry: MM Charge: 0.4100000000, xyz (Ang): -6.0109488000  4.7339882000  2.9090224000
Henry: MM Charge: -0.8200000000, xyz (Ang): 10.8579880000  -3.2639912000  3.0709903000
Henry: MM Charge: 0.4100000000, xyz (Ang): 10.7290450000  -3.1979873000  2.0560416000
Henry: MM Charge: 0.4100000000, xyz (Ang): 10.2950603000  -2.6271413000  3.6019825000
Henry: MM Charge: -0.8200000000, xyz (Ang): -4.5509988000  0.3299989000  0.3819981000
Henry: MM Charge: 0.4100000000, xyz (Ang): -3.9689974000  0.2120109000  1.2270183000
Henry: MM Charge: 0.4100000000, xyz (Ang): -5.4550086000  -0.0849972000  0.6650119000
Henry: MM Charge: -0.8200000000, xyz (Ang): -3.5359888000  -10.6339782000  8.3080132000
Henry: MM Charge: 0.4100000000, xyz (Ang): -3.6041448000  -11.6321820000  8.0278768000
Henry: MM Charge: 0.4100000000, xyz (Ang): -4.5169819000  -10.4031513000  8.1528767000
Henry: MM Charge: -0.8200000000, xyz (Ang): 4.9010144000  -4.7350075000  5.3930078000
Henry: MM Charge: 0.4100000000, xyz (Ang): 4.9919363000  -3.7400709000  5.5999753000
Henry: MM Charge: 0.4100000000, xyz (Ang): 5.5118727000  -5.2928760000  5.9707995000
Henry: MM Charge: -0.8200000000, xyz (Ang): -3.4619696000  -10.4650036000  -10.4139932000
Henry: MM Charge: 0.4100000000, xyz (Ang): -2.8011407000  -10.3190429000  -9.6861762000
Henry: MM Charge: 0.4100000000, xyz (Ang): -4.4673931000  -10.1338682000  -10.1928804000
Henry: MM Charge: -0.8200000000, xyz (Ang): 8.6260053000  3.5179937000  6.2810026000
Henry: MM Charge: 0.4100000000, xyz (Ang): 8.2489429000  4.2920906000  5.6930597000
Henry: MM Charge: 0.4100000000, xyz (Ang): 8.3739655000  3.8080111000  7.2109148000
Henry: MM Charge: -0.8200000000, xyz (Ang): 12.4170130000  0.2690160000  2.8560199000
Henry: MM Charge: 0.4100000000, xyz (Ang): 12.0198686000  -0.2731564000  2.0177001000
Henry: MM Charge: 0.4100000000, xyz (Ang): 12.3219827000  1.2489177000  2.6449707000
Henry: MM Charge: -0.8200000000, xyz (Ang): 7.2359998000  0.8270145000  -0.5140143000
Henry: MM Charge: 0.4100000000, xyz (Ang): 8.2780915000  0.7239275000  -0.4468776000
Henry: MM Charge: 0.4100000000, xyz (Ang): 6.9180382000  0.0199020000  0.0780908000
Henry: MM Charge: -0.8200000000, xyz (Ang): 2.3130041000  -3.0310136000  -7.5680086000
Henry: MM Charge: 0.4100000000, xyz (Ang): 3.2188169000  -3.3909390000  -7.7859001000
Henry: MM Charge: 0.4100000000, xyz (Ang): 1.5940640000  -3.4848858000  -8.1089723000
Henry: MM Charge: -0.8200000000, xyz (Ang): 2.8159950000  2.7400046000  -7.9160083000
Henry: MM Charge: 0.4100000000, xyz (Ang): 2.8921187000  2.2729810000  -6.9909648000
Henry: MM Charge: 0.4100000000, xyz (Ang): 3.7740029000  2.6129499000  -8.2288915000
Henry: MM Charge: -0.8200000000, xyz (Ang): -8.0720169000  -4.2209756000  7.0540463000
Henry: MM Charge: 0.4100000000, xyz (Ang): -7.3085448000  -4.1440599000  6.2524849000
Henry: MM Charge: 0.4100000000, xyz (Ang): -8.5871627000  -5.1263916000  6.7777831000
Henry: MM Charge: -0.8200000000, xyz (Ang): -3.4569918000  7.2959992000  6.4700041000
Henry: MM Charge: 0.4100000000, xyz (Ang): -3.2181028000  7.7109423000  7.3678843000
Henry: MM Charge: 0.4100000000, xyz (Ang): -4.0179742000  6.4770398000  6.7500216000
Henry: MM Charge: -0.8200000000, xyz (Ang): 3.5710332000  -7.5220007000  7.0859968000
Henry: MM Charge: 0.4100000000, xyz (Ang): 3.2900643000  -7.9089195000  6.1940870000
Henry: MM Charge: 0.4100000000, xyz (Ang): 4.5284921000  -7.3511344000  7.0619624000
Henry: MM Charge: -0.8200000000, xyz (Ang): 2.6269830000  15.6369922000  -2.6849909000
Henry: MM Charge: 0.4100000000, xyz (Ang): 3.1480271000  14.7759782000  -2.4629818000
Henry: MM Charge: 0.4100000000, xyz (Ang): 3.2552107000  16.2011462000  -3.3021676000
Henry: MM Charge: -0.8200000000, xyz (Ang): 1.7129830000  -6.0139952000  8.6050125000
Henry: MM Charge: 0.4100000000, xyz (Ang): 1.9230996000  -5.0100467000  8.5459465000
Henry: MM Charge: 0.4100000000, xyz (Ang): 2.4731564000  -6.4459708000  8.0168696000
Henry: MM Charge: -0.8200000000, xyz (Ang): 7.5960068000  -8.4919914000  6.2270073000
Henry: MM Charge: 0.4100000000, xyz (Ang): 8.4949157000  -8.3950513000  5.7489594000
Henry: MM Charge: 0.4100000000, xyz (Ang): 7.1189690000  -9.3090858000  5.8169260000
Henry: MM Charge: -0.8200000000, xyz (Ang): -6.5400043000  -3.2080039000  5.0140007000
Henry: MM Charge: 0.4100000000, xyz (Ang): -5.6769244000  -2.8989218000  4.4979970000
Henry: MM Charge: 0.4100000000, xyz (Ang): -7.3279808000  -2.8239646000  4.4840235000
Henry: MM Charge: -0.8200000000, xyz (Ang): -10.5050076000  0.6630062000  -5.0160387000
Henry: MM Charge: 0.4100000000, xyz (Ang): -10.5220264000  0.1828361000  -4.0394897000
Henry: MM Charge: 0.4100000000, xyz (Ang): -11.2438770000  0.2860896000  -5.5649075000
Henry: MM Charge: -0.8200000000, xyz (Ang): 4.9859965000  -10.9600029000  7.0720067000
Henry: MM Charge: 0.4100000000, xyz (Ang): 4.3960108000  -10.9899593000  6.2459378000
Henry: MM Charge: 0.4100000000, xyz (Ang): 4.3869340000  -10.4328985000  7.7690077000
Henry: MM Charge: -0.8200000000, xyz (Ang): -1.8820012000  2.8310025000  3.1920037000
Henry: MM Charge: 0.4100000000, xyz (Ang): -0.8899975000  2.6669818000  3.4529843000
Henry: MM Charge: 0.4100000000, xyz (Ang): -2.4479862000  2.3859936000  3.9309865000
Henry: MM Charge: -0.8200000000, xyz (Ang): 10.6849957000  3.7339958000  4.4349788000
Henry: MM Charge: 0.4100000000, xyz (Ang): 10.1749614000  3.4769250000  5.2860188000
Henry: MM Charge: 0.4100000000, xyz (Ang): 10.1749953000  3.2880573000  3.6812285000
Henry: MM Charge: -0.8200000000, xyz (Ang): -1.7480012000  -10.9739857000  -2.7089959000
Henry: MM Charge: 0.4100000000, xyz (Ang): -1.8259252000  -11.0999967000  -1.7021107000
Henry: MM Charge: 0.4100000000, xyz (Ang): -1.6040177000  -10.0012011000  -2.8589203000
Henry: MM Charge: -0.8200000000, xyz (Ang): 6.2070014000  1.3420032000  -3.0580015000
Henry: MM Charge: 0.4100000000, xyz (Ang): 6.9299657000  1.8420048000  -3.5999934000
Henry: MM Charge: 0.4100000000, xyz (Ang): 6.5349741000  1.1869690000  -2.0879861000
Henry: MM Charge: -0.8200000000, xyz (Ang): -6.7149884000  -7.3120037000  3.8329789000
Henry: MM Charge: 0.4100000000, xyz (Ang): -6.4120851000  -7.1189634000  2.8862127000
Henry: MM Charge: 0.4100000000, xyz (Ang): -6.9801123000  -8.2940131000  4.0111119000
Henry: MM Charge: -0.8200000000, xyz (Ang): 9.6620011000  -10.0799963000  -0.4889976000
Henry: MM Charge: 0.4100000000, xyz (Ang): 9.7289710000  -10.7600091000  -1.2450428000
Henry: MM Charge: 0.4100000000, xyz (Ang): 9.0559932000  -9.3480016000  -0.8439795000
Henry: MM Charge: -0.8200000000, xyz (Ang): -6.0749887000  -9.9889911000  -10.1050052000
Henry: MM Charge: 0.4100000000, xyz (Ang): -6.5870922000  -10.8730956000  -9.9959171000
Henry: MM Charge: 0.4100000000, xyz (Ang): -6.2620822000  -9.4640072000  -9.2319791000
Henry: MM Charge: -0.8200000000, xyz (Ang): 6.2770048000  5.0020110000  -7.7880025000
Henry: MM Charge: 0.4100000000, xyz (Ang): 5.9779876000  5.5429587000  -6.9630134000
Henry: MM Charge: 0.4100000000, xyz (Ang): 6.1000302000  5.5348335000  -8.6177999000
Henry: MM Charge: -0.8200000000, xyz (Ang): 4.8250044000  9.2720138000  -9.9759762000
Henry: MM Charge: 0.4100000000, xyz (Ang): 4.2098247000  8.5287904000  -10.4241957000
Henry: MM Charge: 0.4100000000, xyz (Ang): 4.3680104000  9.6679518000  -9.1781328000
Henry: MM Charge: -0.8200000000, xyz (Ang): -7.1749960000  3.9569959000  -3.5829862000
Henry: MM Charge: 0.4100000000, xyz (Ang): -6.1688404000  3.6809551000  -3.7429792000
Henry: MM Charge: 0.4100000000, xyz (Ang): -7.6552033000  4.3451358000  -4.4612181000
Henry: MM Charge: -0.8200000000, xyz (Ang): 6.5310069000  9.3590190000  2.4410216000
Henry: MM Charge: 0.4100000000, xyz (Ang): 6.4869583000  10.2579655000  1.9449355000
Henry: MM Charge: 0.4100000000, xyz (Ang): 6.3009104000  8.6137135000  1.7137138000
Henry: MM Charge: -0.8200000000, xyz (Ang): -4.1750043000  0.3530055000  11.2889952000
Henry: MM Charge: 0.4100000000, xyz (Ang): -3.5889569000  -0.3671414000  11.7370308000
Henry: MM Charge: 0.4100000000, xyz (Ang): -4.4619980000  0.0240109000  10.3670039000
Henry: MM Charge: -0.8200000000, xyz (Ang): -0.8380012000  -5.9040009000  2.0629978000
Henry: MM Charge: 0.4100000000, xyz (Ang): -0.4939921000  -6.1249856000  3.0110071000
Henry: MM Charge: 0.4100000000, xyz (Ang): -0.0319878000  -5.5909881000  1.4940245000
Henry: MM Charge: -0.8200000000, xyz (Ang): 5.7500117000  1.1459958000  4.2959848000
Henry: MM Charge: 0.4100000000, xyz (Ang): 6.7371886000  0.9348832000  4.6390793000
Henry: MM Charge: 0.4100000000, xyz (Ang): 5.1847271000  1.5861219000  5.0871880000
Henry: MM Charge: -0.8200000000, xyz (Ang): 3.7819992000  2.3959994000  -3.6399997000
Henry: MM Charge: 0.4100000000, xyz (Ang): 3.3010055000  2.4220074000  -2.7400068000
Henry: MM Charge: 0.4100000000, xyz (Ang): 4.7430059000  2.0390019000  -3.4719988000
Henry: MM Charge: -0.8200000000, xyz (Ang): 2.9859938000  4.7019977000  10.5169982000
Henry: MM Charge: 0.4100000000, xyz (Ang): 3.5860736000  5.3700320000  11.0050116000
Henry: MM Charge: 0.4100000000, xyz (Ang): 2.7810436000  3.8880241000  11.1030206000
Henry: MM Charge: -0.8200000000, xyz (Ang): -0.6189873000  -4.2820141000  -9.8629759000
Henry: MM Charge: 0.4100000000, xyz (Ang): -1.6470718000  -4.2259536000  -9.6909229000
Henry: MM Charge: 0.4100000000, xyz (Ang): -0.1891563000  -4.4578328000  -8.9873325000
Henry: MM Charge: -0.8200000000, xyz (Ang): 10.4449834000  -0.2230156000  -3.5830199000
Henry: MM Charge: 0.4100000000, xyz (Ang): 10.1761015000  0.2779516000  -4.4057844000
Henry: MM Charge: 0.4100000000, xyz (Ang): 10.0771300000  -1.1527612000  -3.4839494000
Henry: MM Charge: -0.8200000000, xyz (Ang): 10.2860018000  -7.7779931000  5.4330169000
Henry: MM Charge: 0.4100000000, xyz (Ang): 10.2439929000  -7.1369830000  4.6248754000
Henry: MM Charge: 0.4100000000, xyz (Ang): 10.2060204000  -7.3430905000  6.3559067000
Henry: MM Charge: -0.8200000000, xyz (Ang): -3.2759997000  8.5979976000  -7.8879951000
Henry: MM Charge: 0.4100000000, xyz (Ang): -2.4479192000  8.7600050000  -7.2609342000
Henry: MM Charge: 0.4100000000, xyz (Ang): -2.9930529000  8.7590060000  -8.8751589000
Henry: MM Charge: -0.8200000000, xyz (Ang): 5.2260009000  -1.8560000000  5.4200005000
Henry: MM Charge: 0.4100000000, xyz (Ang): 5.8239911000  -1.3220017000  6.0629920000
Henry: MM Charge: 0.4100000000, xyz (Ang): 5.5549887000  -1.6489975000  4.4749947000
Henry: MM Charge: -0.8200000000, xyz (Ang): -10.1040049000  2.5429871000  -0.3899810000
Henry: MM Charge: 0.4100000000, xyz (Ang): -9.9659493000  2.4930284000  -1.4493015000
Henry: MM Charge: 0.4100000000, xyz (Ang): -10.2149773000  1.6311638000  0.0379767000
Henry: MM Charge: -0.8200000000, xyz (Ang): 3.5509998000  4.8279990000  -4.9739996000
Henry: MM Charge: 0.4100000000, xyz (Ang): 2.5759973000  5.1430021000  -4.9279975000
Henry: MM Charge: 0.4100000000, xyz (Ang): 3.6700013000  3.9300090000  -4.4860024000
Henry: MM Charge: -0.8200000000, xyz (Ang): -5.3279872000  -7.0869964000  -1.1120077000
Henry: MM Charge: 0.4100000000, xyz (Ang): -6.0261254000  -7.6010324000  -1.6891520000
Henry: MM Charge: 0.4100000000, xyz (Ang): -5.5890872000  -7.0999737000  -0.0787075000
Henry: MM Charge: -0.8200000000, xyz (Ang): 0.8229999000  5.8420002000  3.4659996000
Henry: MM Charge: 0.4100000000, xyz (Ang): 0.8660008000  6.7509986000  3.0100013000
Henry: MM Charge: 0.4100000000, xyz (Ang): -0.0740005000  5.7359936000  3.9480019000
Henry: MM Charge: -0.8200000000, xyz (Ang): -4.4569967000  8.3280153000  -11.4130132000
Henry: MM Charge: 0.4100000000, xyz (Ang): -5.3910803000  8.0779408000  -11.7479878000
Henry: MM Charge: 0.4100000000, xyz (Ang): -4.2459740000  7.6628335000  -10.6357863000
Henry: MM Charge: -0.8200000000, xyz (Ang): -13.2039795000  2.5259902000  -0.5690061000
Henry: MM Charge: 0.4100000000, xyz (Ang): -12.5840404000  3.3420217000  -0.5039590000
Henry: MM Charge: 0.4100000000, xyz (Ang): -14.1732606000  2.8881421000  -0.3829286000
Henry: MM Charge: -0.8200000000, xyz (Ang): -8.7219766000  7.4499817000  -4.5470021000
Henry: MM Charge: 0.4100000000, xyz (Ang): -9.4011895000  7.0930672000  -3.8298766000
Henry: MM Charge: 0.4100000000, xyz (Ang): -9.2111911000  8.2842391000  -4.9670545000
Henry: MM Charge: -0.8200000000, xyz (Ang): 7.3579963000  4.9420044000  1.8859876000
Henry: MM Charge: 0.4100000000, xyz (Ang): 7.4050227000  5.0179044000  2.9250992000
Henry: MM Charge: 0.4100000000, xyz (Ang): 7.3110598000  3.9180157000  1.7830670000
Henry: MM Charge: -0.8200000000, xyz (Ang): 11.0749836000  -1.9109936000  6.8109998000
Henry: MM Charge: 0.4100000000, xyz (Ang): 10.8930261000  -1.8210336000  7.8059829000
Henry: MM Charge: 0.4100000000, xyz (Ang): 12.0402267000  -2.3020928000  6.7080061000
Henry: MM Charge: -0.8200000000, xyz (Ang): -11.2330138000  -6.4500031000  -2.7850140000
Henry: MM Charge: 0.4100000000, xyz (Ang): -10.3397466000  -5.8679281000  -2.7649482000
Henry: MM Charge: 0.4100000000, xyz (Ang): -11.3639948000  -6.8289829000  -1.8127686000
Henry: MM Charge: -0.8200000000, xyz (Ang): -12.6930030000  0.5519997000  -2.4699956000
Henry: MM Charge: 0.4100000000, xyz (Ang): -12.6999498000  1.3279438000  -1.8070610000
Henry: MM Charge: 0.4100000000, xyz (Ang): -13.3850183000  0.7210215000  -3.1980299000
Henry: MM Charge: -0.8200000000, xyz (Ang): -4.5149778000  -6.8530065000  -12.3760243000
Henry: MM Charge: 0.4100000000, xyz (Ang): -5.2163291000  -6.5637835000  -11.6026893000
Henry: MM Charge: 0.4100000000, xyz (Ang): -4.0140247000  -6.0171019000  -12.6589366000
Henry: MM Charge: -0.8200000000, xyz (Ang): -7.4439806000  -9.3240179000  -1.3219734000
Henry: MM Charge: 0.4100000000, xyz (Ang): -7.9930675000  -8.8759377000  -0.5649965000
Henry: MM Charge: 0.4100000000, xyz (Ang): -7.9411882000  -8.9917871000  -2.2384519000
Henry: MM Charge: -0.8200000000, xyz (Ang): -3.3079987000  -4.3299917000  -9.8260019000
Henry: MM Charge: 0.4100000000, xyz (Ang): -3.7489773000  -3.9589615000  -10.6609380000
Henry: MM Charge: 0.4100000000, xyz (Ang): -3.4010430000  -5.3720506000  -9.8169672000
Henry: MM Charge: -0.8200000000, xyz (Ang): 8.2719948000  -7.6160103000  0.8940042000
Henry: MM Charge: 0.4100000000, xyz (Ang): 8.1349266000  -7.3540901000  -0.0899699000
Henry: MM Charge: 0.4100000000, xyz (Ang): 7.7071385000  -8.4187729000  0.9728816000
Henry: MM Charge: -0.8200000000, xyz (Ang): -0.1349939000  0.6020113000  10.8769963000
Henry: MM Charge: 0.4100000000, xyz (Ang): -0.7410140000  1.4030259000  10.6389398000
Henry: MM Charge: 0.4100000000, xyz (Ang): -0.6559595000  -0.0600537000  11.4710429000
Henry: MM Charge: -0.8200000000, xyz (Ang): -0.3319900000  -0.0889896000  -8.0850087000
Henry: MM Charge: 0.4100000000, xyz (Ang): 0.2658547000  -0.1240050000  -8.8908409000
Henry: MM Charge: 0.4100000000, xyz (Ang): -0.3510138000  0.8808817000  -7.7869982000
Henry: MM Charge: -0.8200000000, xyz (Ang): -0.6129969000  -7.3689983000  7.5180023000
Henry: MM Charge: 0.4100000000, xyz (Ang): 0.3178726000  -7.1630456000  7.8528891000
Henry: MM Charge: 0.4100000000, xyz (Ang): -0.7459748000  -6.8510275000  6.6580575000
Henry: MM Charge: -0.8200000000, xyz (Ang): -10.1559924000  -2.5480148000  -0.3120001000
Henry: MM Charge: 0.4100000000, xyz (Ang): -10.6800092000  -3.2709513000  0.2019952000
Henry: MM Charge: 0.4100000000, xyz (Ang): -9.1861199000  -2.7998858000  -0.4919904000
Henry: MM Charge: -0.8200000000, xyz (Ang): 7.0270017000  2.2670091000  1.8210038000
Henry: MM Charge: 0.4100000000, xyz (Ang): 7.0280312000  1.6968775000  0.9368716000
Henry: MM Charge: 0.4100000000, xyz (Ang): 6.3028889000  1.9099676000  2.4770584000
Henry: MM Charge: -0.8200000000, xyz (Ang): -3.5479929000  -4.3400156000  -12.8519922000
Henry: MM Charge: 0.4100000000, xyz (Ang): -3.9661152000  -3.5847933000  -13.4451248000
Henry: MM Charge: 0.4100000000, xyz (Ang): -2.5820252000  -4.1079869000  -12.6359863000
Henry: MM Charge: -0.8200000000, xyz (Ang): 4.4899934000  12.2839873000  -7.7770070000
Henry: MM Charge: 0.4100000000, xyz (Ang): 4.9249843000  11.3368709000  -7.6449816000
Henry: MM Charge: 0.4100000000, xyz (Ang): 5.0930397000  13.1352722000  -7.6999747000
Henry: MM Charge: -0.8200000000, xyz (Ang): 1.5380024000  9.0470106000  -8.7239992000
Henry: MM Charge: 0.4100000000, xyz (Ang): 1.9389511000  8.5539865000  -9.5460890000
Henry: MM Charge: 0.4100000000, xyz (Ang): 1.7639154000  10.0398855000  -8.7849690000
Henry: MM Charge: -0.8200000000, xyz (Ang): -7.2689964000  5.2429937000  -1.2269913000
Henry: MM Charge: 0.4100000000, xyz (Ang): -7.0759689000  4.5899074000  -2.0341274000
Henry: MM Charge: 0.4100000000, xyz (Ang): -7.9100138000  5.9501494000  -1.6260395000
Henry: MM Charge: -0.8200000000, xyz (Ang): 5.3649814000  3.3449918000  9.2029996000
Henry: MM Charge: 0.4100000000, xyz (Ang): 4.5169766000  3.8609972000  9.4790122000
Henry: MM Charge: 0.4100000000, xyz (Ang): 6.2112843000  3.9690808000  9.1349450000
Henry: MM Charge: -0.8200000000, xyz (Ang): -5.9969968000  -2.8830039000  -4.4809962000
Henry: MM Charge: 0.4100000000, xyz (Ang): -5.6789837000  -2.3989667000  -5.3280802000
Henry: MM Charge: 0.4100000000, xyz (Ang): -6.9050544000  -2.4249488000  -4.2279503000
Henry: MM Charge: -0.8200000000, xyz (Ang): 7.6619864000  -4.3880218000  0.4340085000
Henry: MM Charge: 0.4100000000, xyz (Ang): 6.7601245000  -4.1449437000  0.8419373000
Henry: MM Charge: 0.4100000000, xyz (Ang): 7.9540446000  -5.3316966000  0.4129313000
Henry: MM Charge: -0.8200000000, xyz (Ang): 2.0809842000  -3.3629999000  8.2570001000
Henry: MM Charge: 0.4100000000, xyz (Ang): 2.2109945000  -2.6969776000  7.4589117000
Henry: MM Charge: 0.4100000000, xyz (Ang): 3.0202120000  -3.4910212000  8.7270260000
Henry: MM Charge: -0.8200000000, xyz (Ang): 7.1739794000  8.5639870000  -5.5739837000
Henry: MM Charge: 0.4100000000, xyz (Ang): 7.3020839000  9.1089520000  -4.7281765000
Henry: MM Charge: 0.4100000000, xyz (Ang): 6.5812302000  7.7501653000  -5.5680738000
Henry: MM Charge: -0.8200000000, xyz (Ang): 2.8770103000  7.5989941000  -10.6079861000
Henry: MM Charge: 0.4100000000, xyz (Ang): 2.3589883000  7.8849516000  -11.4380337000
Henry: MM Charge: 0.4100000000, xyz (Ang): 3.1849025000  6.6631215000  -10.8661054000
Henry: MM Charge: -0.8200000000, xyz (Ang): -4.0480000000  5.2079998000  -0.3340007000
Henry: MM Charge: 0.4100000000, xyz (Ang): -3.9849984000  5.4779990000  -1.3309926000
Henry: MM Charge: 0.4100000000, xyz (Ang): -4.6739993000  5.9330001000  0.0540030000
Henry: MM Charge: -0.8200000000, xyz (Ang): 8.6469860000  4.8280156000  -6.7460220000
Henry: MM Charge: 0.4100000000, xyz (Ang): 8.9089863000  5.7669134000  -6.4099908000
Henry: MM Charge: 0.4100000000, xyz (Ang): 7.9822264000  4.8009010000  -7.4898599000
Henry: MM Charge: -0.8200000000, xyz (Ang): 0.5310196000  -12.8049762000  -3.5840086000
Henry: MM Charge: 0.4100000000, xyz (Ang): 0.4439293000  -13.8564828000  -3.7560385000
Henry: MM Charge: 0.4100000000, xyz (Ang): -0.3142202000  -12.4859631000  -3.0408244000
Henry: MM Charge: -0.8200000000, xyz (Ang): 5.8069798000  -5.5010043000  3.0790315000
Henry: MM Charge: 0.4100000000, xyz (Ang): 5.5730725000  -6.4429133000  2.7379389000
Henry: MM Charge: 0.4100000000, xyz (Ang): 5.3522161000  -5.1690119000  3.8966512000
Henry: MM Charge: -0.8200000000, xyz (Ang): 2.1250087000  2.7049940000  -11.9390047000
Henry: MM Charge: 0.4100000000, xyz (Ang): 2.6930638000  2.8260114000  -12.7729696000
Henry: MM Charge: 0.4100000000, xyz (Ang): 1.1338254000  3.0440532000  -12.0389751000
Henry: MM Charge: -0.8200000000, xyz (Ang): 4.3949747000  -3.8340055000  9.7420076000
Henry: MM Charge: 0.4100000000, xyz (Ang): 5.0791778000  -3.6458873000  8.9226413000
Henry: MM Charge: 0.4100000000, xyz (Ang): 4.9261702000  -4.0210284000  10.6373050000
Henry: MM Charge: -0.8200000000, xyz (Ang): 6.6119855000  2.7050065000  -9.2239805000
Henry: MM Charge: 0.4100000000, xyz (Ang): 6.4070094000  3.4388255000  -8.5601149000
Henry: MM Charge: 0.4100000000, xyz (Ang): 7.3862432000  3.0210974000  -9.8652152000
Henry: MM Charge: -0.8200000000, xyz (Ang): 6.9369930000  -0.3989987000  7.2370285000
Henry: MM Charge: 0.4100000000, xyz (Ang): 7.4811232000  0.1351193000  6.4998371000
Henry: MM Charge: 0.4100000000, xyz (Ang): 6.8490338000  0.1618710000  8.0567683000
Henry: MM Charge: -0.8200000000, xyz (Ang): -4.4079816000  11.3920050000  -3.8919954000
Henry: MM Charge: 0.4100000000, xyz (Ang): -5.4072452000  11.3550373000  -4.2400233000
Henry: MM Charge: 0.4100000000, xyz (Ang): -4.4800370000  12.0918564000  -3.1700720000
Henry: MM Charge: -0.8200000000, xyz (Ang): -4.6859993000  2.9339991000  -3.7500000000
Henry: MM Charge: 0.4100000000, xyz (Ang): -4.4500019000  2.8930065000  -2.7339932000
Henry: MM Charge: 0.4100000000, xyz (Ang): -3.9560049000  2.3950071000  -4.2460010000
Henry: MM Charge: -0.8200000000, xyz (Ang): 6.8189917000  -1.6430003000  -8.2010117000
Henry: MM Charge: 0.4100000000, xyz (Ang): 6.9639745000  -1.6620194000  -7.1507837000
Henry: MM Charge: 0.4100000000, xyz (Ang): 7.7211165000  -1.6390156000  -8.7000595000
Henry: MM Charge: -0.8200000000, xyz (Ang): -2.8519943000  -6.7780032000  8.9279997000
Henry: MM Charge: 0.4100000000, xyz (Ang): -1.8940798000  -7.0108733000  8.6810984000
Henry: MM Charge: 0.4100000000, xyz (Ang): -2.7179439000  -5.8951041000  9.4159312000
Henry: MM Charge: -0.8200000000, xyz (Ang): -3.5939985000  -5.4689978000  -2.3049997000
Henry: MM Charge: 0.4100000000, xyz (Ang): -4.2440088000  -6.1250117000  -1.8199967000
Henry: MM Charge: 0.4100000000, xyz (Ang): -3.9630142000  -4.5240129000  -2.1090035000
Henry: MM Charge: -0.8200000000, xyz (Ang): 1.6629834000  2.2479828000  11.6909877000
Henry: MM Charge: 0.4100000000, xyz (Ang): 1.4809823000  2.7570031000  12.5550327000
Henry: MM Charge: 0.4100000000, xyz (Ang): 0.9751339000  1.5071534000  11.6771502000
Henry: MM Charge: -0.8200000000, xyz (Ang): 3.0259896000  -9.2450098000  -6.0660122000
Henry: MM Charge: 0.4100000000, xyz (Ang): 2.2429783000  -9.7560318000  -5.6140801000
Henry: MM Charge: 0.4100000000, xyz (Ang): 3.7181555000  -8.8368606000  -5.3848877000
Henry: MM Charge: -0.8200000000, xyz (Ang): -5.8369966000  -9.8779858000  4.4129871000
Henry: MM Charge: 0.4100000000, xyz (Ang): -5.8350591000  -10.8411750000  4.8141548000
Henry: MM Charge: 0.4100000000, xyz (Ang): -5.0349949000  -9.7009884000  3.7930305000
Henry: MM Charge: -0.8200000000, xyz (Ang): -11.9649808000  4.3689696000  -3.6240098000
Henry: MM Charge: 0.4100000000, xyz (Ang): -12.1449620000  5.1792417000  -2.9898020000
Henry: MM Charge: 0.4100000000, xyz (Ang): -11.0792541000  4.0352403000  -3.3290037000
Henry: MM Charge: -0.8200000000, xyz (Ang): -6.5559910000  10.5780049000  4.7089901000
Henry: MM Charge: 0.4100000000, xyz (Ang): -5.8850270000  9.8170091000  4.9020516000
Henry: MM Charge: 0.4100000000, xyz (Ang): -7.2340557000  10.5209546000  5.4820735000
Henry: MM Charge: -0.8200000000, xyz (Ang): -0.3930100000  10.0309905000  4.6369930000
Henry: MM Charge: 0.4100000000, xyz (Ang): -0.2400332000  9.4318795000  3.8040098000
Henry: MM Charge: 0.4100000000, xyz (Ang): 0.1201114000  10.9462442000  4.6701279000
Henry: MM Charge: -0.8200000000, xyz (Ang): -1.7629908000  3.8070121000  6.2959882000
Henry: MM Charge: 0.4100000000, xyz (Ang): -1.6490084000  4.5178128000  5.5951513000
Henry: MM Charge: 0.4100000000, xyz (Ang): -0.8881319000  3.3840172000  6.5690141000
Henry: MM Charge: -0.8200000000, xyz (Ang): -3.6309849000  -11.6990176000  -5.8289944000
Henry: MM Charge: 0.4100000000, xyz (Ang): -3.0479913000  -10.8670820000  -5.9109403000
Henry: MM Charge: 0.4100000000, xyz (Ang): -3.0072632000  -12.3816465000  -5.5610844000
Henry: MM Charge: -0.8200000000, xyz (Ang): -4.5889848000  0.1400067000  -9.4029890000
Henry: MM Charge: 0.4100000000, xyz (Ang): -3.8401091000  -0.4469028000  -9.0850606000
Henry: MM Charge: 0.4100000000, xyz (Ang): -5.2761646000  -0.5122138000  -9.9011416000
Henry: MM Charge: -0.8200000000, xyz (Ang): -8.7579918000  6.7409877000  2.3750031000
Henry: MM Charge: 0.4100000000, xyz (Ang): -8.2290062000  7.5890051000  2.1269383000
Henry: MM Charge: 0.4100000000, xyz (Ang): -8.1211462000  5.9711108000  2.4629848000
Henry: MM Charge: -0.8200000000, xyz (Ang): -1.9860000000  8.4319994000  -1.6530000000
Henry: MM Charge: 0.4100000000, xyz (Ang): -1.8799998000  7.9219985000  -0.7549980000
Henry: MM Charge: 0.4100000000, xyz (Ang): -1.1289985000  8.2720004000  -2.2009993000
Henry: MM Charge: -0.8200000000, xyz (Ang): 5.8099991000  -1.4680001000  -3.3980004000
Henry: MM Charge: 0.4100000000, xyz (Ang): 4.7910072000  -1.6189999000  -3.2999949000
Henry: MM Charge: 0.4100000000, xyz (Ang): 5.9750038000  -0.4499970000  -3.3499952000
Henry: MM Charge: -0.8200000000, xyz (Ang): -8.0439930000  5.1360050000  6.4170153000
Henry: MM Charge: 0.4100000000, xyz (Ang): -7.9610555000  5.8200570000  5.6107408000
Henry: MM Charge: 0.4100000000, xyz (Ang): -8.8810995000  4.5649118000  6.2549309000
Henry: MM Charge: -0.8200000000, xyz (Ang): 2.8250087000  0.1499804000  9.7479915000
Henry: MM Charge: 0.4100000000, xyz (Ang): 2.6550717000  0.9570862000  10.3821274000
Henry: MM Charge: 0.4100000000, xyz (Ang): 3.4758399000  -0.3927865000  10.2809117000
Henry: MM Charge: -0.8200000000, xyz (Ang): 9.2529904000  0.6399952000  -6.0400028000
Henry: MM Charge: 0.4100000000, xyz (Ang): 9.5990292000  0.7950107000  -6.9859903000
Henry: MM Charge: 0.4100000000, xyz (Ang): 8.8081070000  -0.2609225000  -5.8909485000
Henry: MM Charge: -0.8200000000, xyz (Ang): 6.0479962000  -6.4080009000  7.2010090000
Henry: MM Charge: 0.4100000000, xyz (Ang): 6.2999460000  -6.2419358000  8.1869581000
Henry: MM Charge: 0.4100000000, xyz (Ang): 6.7810438000  -6.9739988000  6.7238872000
Henry: MM Charge: -0.8200000000, xyz (Ang): -11.1969693000  5.7849675000  1.9229974000
Henry: MM Charge: 0.4100000000, xyz (Ang): -11.7542274000  6.6884786000  2.0910584000
Henry: MM Charge: 0.4100000000, xyz (Ang): -10.2401960000  6.0790081000  2.0999573000
Henry: MM Charge: -0.8200000000, xyz (Ang): 4.5469912000  5.0160128000  5.8450196000
Henry: MM Charge: 0.4100000000, xyz (Ang): 4.1209587000  4.8858730000  4.8666670000
Henry: MM Charge: 0.4100000000, xyz (Ang): 4.1021378000  5.7179567000  6.4570745000
Henry: MM Charge: -0.8200000000, xyz (Ang): -3.2210069000  -12.5930258000  1.4150063000
Henry: MM Charge: 0.4100000000, xyz (Ang): -3.0269279000  -11.7156210000  0.8369433000
Henry: MM Charge: 0.4100000000, xyz (Ang): -2.9249789000  -12.2399099000  2.3169767000
Henry: MM Charge: -0.8200000000, xyz (Ang): -8.3450199000  4.9249906000  -5.8350173000
Henry: MM Charge: 0.4100000000, xyz (Ang): -9.0356166000  4.7611732000  -6.4736648000
Henry: MM Charge: 0.4100000000, xyz (Ang): -8.4080524000  5.9269690000  -5.6440822000
Henry: MM Charge: -0.8200000000, xyz (Ang): 2.3090005000  9.0959983000  -4.6190094000
Henry: MM Charge: 0.4100000000, xyz (Ang): 2.7439618000  8.7080508000  -5.4458958000
Henry: MM Charge: 0.4100000000, xyz (Ang): 1.8040400000  9.9579606000  -4.8429459000
Henry: MM Charge: -0.8200000000, xyz (Ang): 3.0889978000  -1.6689996000  -3.0310003000
Henry: MM Charge: 0.4100000000, xyz (Ang): 2.8270190000  -0.7850243000  -2.5850165000
Henry: MM Charge: 0.4100000000, xyz (Ang): 2.5770176000  -1.7329998000  -3.9300026000
Henry: MM Charge: -0.8200000000, xyz (Ang): 12.0929715000  1.9799953000  -2.2760168000
Henry: MM Charge: 0.4100000000, xyz (Ang): 13.0023122000  1.8159041000  -1.7618125000
Henry: MM Charge: 0.4100000000, xyz (Ang): 11.8221052000  1.0951465000  -2.6528774000
Henry: MM Charge: -0.8200000000, xyz (Ang): 0.4979970000  -1.9919767000  10.3959981000
Henry: MM Charge: 0.4100000000, xyz (Ang): 0.4890036000  -0.9973188000  10.3810727000
Henry: MM Charge: 0.4100000000, xyz (Ang): 0.8529952000  -2.3700240000  9.5069875000
Henry: MM Charge: -0.8200000000, xyz (Ang): 10.7219982000  4.0280068000  -7.9660055000
Henry: MM Charge: 0.4100000000, xyz (Ang): 9.9979389000  4.2039577000  -7.2167839000
Henry: MM Charge: 0.4100000000, xyz (Ang): 11.6209589000  3.9539756000  -7.5180084000
Henry: MM Charge: -0.8200000000, xyz (Ang): -5.1379946000  -1.0289997000  6.8130296000
Henry: MM Charge: 0.4100000000, xyz (Ang): -5.7622244000  -1.3981041000  6.0296319000
Henry: MM Charge: 0.4100000000, xyz (Ang): -5.4908420000  -1.1399019000  7.7558514000
Henry: MM Charge: -0.8200000000, xyz (Ang): 0.8170011000  -9.9999902000  0.2270002000
Henry: MM Charge: 0.4100000000, xyz (Ang): 1.0549850000  -9.2101071000  0.8099804000
Henry: MM Charge: 0.4100000000, xyz (Ang): 1.3000582000  -10.7991082000  0.7100753000
Henry: MM Charge: -0.8200000000, xyz (Ang): -0.0020277000  -8.7479915000  3.9139993000
Henry: MM Charge: 0.4100000000, xyz (Ang): 1.0293281000  -8.9880600000  4.0069942000
Henry: MM Charge: 0.4100000000, xyz (Ang): -0.1329720000  -7.9050582000  4.4800178000
Henry: MM Charge: -0.8200000000, xyz (Ang): 10.3030114000  -0.8479996000  4.4589992000
Henry: MM Charge: 0.4100000000, xyz (Ang): 11.0508895000  -0.3090135000  4.0180489000
Henry: MM Charge: 0.4100000000, xyz (Ang): 10.6109356000  -1.2270104000  5.3669648000
Henry: MM Charge: -0.8200000000, xyz (Ang): -10.6189881000  2.0370275000  3.8469959000
Henry: MM Charge: 0.4100000000, xyz (Ang): -10.9932186000  1.0586902000  3.9940357000
Henry: MM Charge: 0.4100000000, xyz (Ang): -11.4739260000  2.5208430000  3.6420339000
Henry: MM Charge: -0.8200000000, xyz (Ang): -6.8329971000  -0.6750175000  1.5330018000
Henry: MM Charge: 0.4100000000, xyz (Ang): -7.0480441000  0.1521565000  2.1550472000
Henry: MM Charge: 0.4100000000, xyz (Ang): -7.0329813000  -1.5298975000  2.0199341000
Henry: MM Charge: -0.8200000000, xyz (Ang): -7.4400367000  7.2989873000  5.0990218000
Henry: MM Charge: 0.4100000000, xyz (Ang): -6.4735430000  7.6012098000  4.6386192000
Henry: MM Charge: 0.4100000000, xyz (Ang): -8.0558125000  7.8359541000  4.5280601000
Henry: MM Charge: -0.8200000000, xyz (Ang): 7.2660094000  5.3469962000  4.6379894000
Henry: MM Charge: 0.4100000000, xyz (Ang): 6.3689480000  5.1370131000  5.1180792000
Henry: MM Charge: 0.4100000000, xyz (Ang): 7.3139489000  6.3700375000  4.6860539000
Henry: MM Charge: -0.8200000000, xyz (Ang): 1.5889863000  -6.1650012000  -13.1620448000
Henry: MM Charge: 0.4100000000, xyz (Ang): 1.6019935000  -6.1199113000  -12.0603939000
Henry: MM Charge: 0.4100000000, xyz (Ang): 0.6932084000  -5.9210453000  -13.4898989000
Henry: MM Charge: -0.8200000000, xyz (Ang): 0.5459989000  -5.1860018000  -7.7310003000
Henry: MM Charge: 0.4100000000, xyz (Ang): -0.1289364000  -4.9530064000  -6.9990420000
Henry: MM Charge: 0.4100000000, xyz (Ang): 1.1880052000  -5.8920014000  -7.3200073000
Henry: MM Charge: -0.8200000000, xyz (Ang): -1.0200026000  8.6669989000  -9.5339893000
Henry: MM Charge: 0.4100000000, xyz (Ang): -1.0429757000  8.3390300000  -10.5211776000
Henry: MM Charge: 0.4100000000, xyz (Ang): -0.0809582000  8.5029728000  -9.1290131000
Henry: MM Charge: -0.8200000000, xyz (Ang): 0.7640087000  2.5440016000  6.9190063000
Henry: MM Charge: 0.4100000000, xyz (Ang): 1.5809729000  1.9090138000  6.9769481000
Henry: MM Charge: 0.4100000000, xyz (Ang): 0.9119485000  3.3549935000  7.5600136000
Henry: MM Charge: -0.8200000000, xyz (Ang): -1.0709856000  -9.9989714000  7.5449992000
Henry: MM Charge: 0.4100000000, xyz (Ang): -2.0590632000  -10.0799557000  7.8839886000
Henry: MM Charge: 0.4100000000, xyz (Ang): -0.8970819000  -9.0414999000  7.4480359000
Henry: MM Charge: -0.8200000000, xyz (Ang): 0.8230116000  -10.2400043000  9.2950071000
Henry: MM Charge: 0.4100000000, xyz (Ang): 0.4299768000  -9.8219832000  10.1600013000
Henry: MM Charge: 0.4100000000, xyz (Ang): 0.0587823000  -10.1249061000  8.5557935000
Henry: MM Charge: -0.8200000000, xyz (Ang): -9.5399961000  -3.1449940000  -7.3970250000
Henry: MM Charge: 0.4100000000, xyz (Ang): -9.8359536000  -3.1670190000  -8.3286352000
Henry: MM Charge: 0.4100000000, xyz (Ang): -8.6681445000  -2.6470587000  -7.2669529000
Henry: MM Charge: -0.8200000000, xyz (Ang): -0.3580076000  -8.3130111000  -10.1109874000
Henry: MM Charge: 0.4100000000, xyz (Ang): -0.3610111000  -8.6320051000  -11.0931296000
Henry: MM Charge: 0.4100000000, xyz (Ang): 0.4640403000  -7.7039802000  -9.9509444000
Henry: MM Charge: -0.8200000000, xyz (Ang): 0.4659667000  11.1079985000  -5.5669835000
Henry: MM Charge: 0.4100000000, xyz (Ang): 0.8361314000  12.0801664000  -5.7740025000
Henry: MM Charge: 0.4100000000, xyz (Ang): -0.3256019000  11.2229099000  -5.0072677000
Henry: MM Charge: -0.8200000000, xyz (Ang): 8.7290029000  3.2349958000  -1.8350376000
Henry: MM Charge: 0.4100000000, xyz (Ang): 7.9118624000  3.6550843000  -1.3007473000
Henry: MM Charge: 0.4100000000, xyz (Ang): 8.5971108000  3.0920265000  -2.8157021000
Henry: MM Charge: -0.8200000000, xyz (Ang): -3.6479942000  8.7010050000  2.2940041000
Henry: MM Charge: 0.4100000000, xyz (Ang): -3.6980459000  8.1600234000  1.4209211000
Henry: MM Charge: 0.4100000000, xyz (Ang): -3.8009976000  9.6548684000  2.0159744000
Henry: MM Charge: -0.8200000000, xyz (Ang): -8.1710061000  -1.3729964000  -4.0180021000
Henry: MM Charge: 0.4100000000, xyz (Ang): -9.0738992000  -1.3379962000  -3.5299956000
Henry: MM Charge: 0.4100000000, xyz (Ang): -7.5489979000  -0.8600148000  -3.3879698000
Henry: MM Charge: -0.8200000000, xyz (Ang): 7.2179962000  -3.5229970000  -2.1479962000
Henry: MM Charge: 0.4100000000, xyz (Ang): 7.2190247000  -3.7760100000  -1.1570907000
Henry: MM Charge: 0.4100000000, xyz (Ang): 6.5470369000  -2.7820471000  -2.3880068000
Henry: MM Charge: -0.8200000000, xyz (Ang): -9.0390045000  -2.2190038000  3.8909960000
Henry: MM Charge: 0.4100000000, xyz (Ang): -8.7989479000  -1.5699571000  4.6610424000
Henry: MM Charge: 0.4100000000, xyz (Ang): -9.9469932000  -2.6529865000  4.0220023000
Henry: MM Charge: -0.8200000000, xyz (Ang): 2.5850102000  11.4690101000  -9.2930088000
Henry: MM Charge: 0.4100000000, xyz (Ang): 3.2508860000  11.9390619000  -8.6681219000
Henry: MM Charge: 0.4100000000, xyz (Ang): 2.5090501000  12.1108040000  -10.0176696000
Henry: MM Charge: -0.8200000000, xyz (Ang): -7.1269974000  11.1050020000  -4.2540083000
Henry: MM Charge: 0.4100000000, xyz (Ang): -7.9131051000  11.7521530000  -4.4460725000
Henry: MM Charge: 0.4100000000, xyz (Ang): -7.2049405000  10.4048303000  -3.4637881000
Henry: MM Charge: -0.8200000000, xyz (Ang): 1.6009908000  -2.0490085000  12.9619472000
Henry: MM Charge: 0.4100000000, xyz (Ang): 1.1222969000  -1.9590303000  12.1415782000
Henry: MM Charge: 0.4100000000, xyz (Ang): 1.1238322000  -1.4727891000  13.7072392000
Henry: MM Charge: -0.8200000000, xyz (Ang): -0.2220014000  1.4239971000  -5.0419976000
Henry: MM Charge: 0.4100000000, xyz (Ang): -0.2279686000  0.9000708000  -4.1640507000
Henry: MM Charge: 0.4100000000, xyz (Ang): 0.7610132000  1.4260117000  -5.3690070000
Henry: MM Charge: -0.8200000000, xyz (Ang): -6.3860093000  -9.7130185000  8.6620122000
Henry: MM Charge: 0.4100000000, xyz (Ang): -5.8119030000  -8.9258309000  8.2388139000
Henry: MM Charge: 0.4100000000, xyz (Ang): -7.2430237000  -9.6478745000  8.0929674000
Henry: MM Charge: -0.8200000000, xyz (Ang): -11.5219924000  4.8499966000  -0.6159735000
Henry: MM Charge: 0.4100000000, xyz (Ang): -10.8060870000  4.1351407000  -0.5181043000
Henry: MM Charge: 0.4100000000, xyz (Ang): -11.7350482000  5.3519496000  0.2217056000
Henry: MM Charge: -0.8200000000, xyz (Ang): 6.4439916000  -12.5200098000  1.3679940000
Henry: MM Charge: 0.4100000000, xyz (Ang): 7.3480347000  -12.7119327000  0.9460592000
Henry: MM Charge: 0.4100000000, xyz (Ang): 6.6700900000  -11.9449408000  2.1880529000
Henry: MM Charge: -0.8200000000, xyz (Ang): 5.6039900000  8.7200076000  -0.2830039000
Henry: MM Charge: 0.4100000000, xyz (Ang): 6.6511424000  8.7230005000  -0.3709898000
Henry: MM Charge: 0.4100000000, xyz (Ang): 5.1729496000  9.6629908000  -0.3859422000
Henry: MM Charge: -0.8200000000, xyz (Ang): -1.2740002000  -6.9379978000  -2.2250000000
Henry: MM Charge: 0.4100000000, xyz (Ang): -2.0370009000  -6.2410178000  -2.2030000000
Henry: MM Charge: 0.4100000000, xyz (Ang): -0.9879977000  -7.0170108000  -3.2180013000
Henry: MM Charge: -0.8200000000, xyz (Ang): 0.8359994000  -8.8120135000  -2.3270030000
Henry: MM Charge: 0.4100000000, xyz (Ang): 0.9269737000  -9.2838271000  -1.4371221000
Henry: MM Charge: 0.4100000000, xyz (Ang): 0.2150433000  -8.0300118000  -2.0739017000
Henry: MM Charge: -0.8200000000, xyz (Ang): -0.6660023000  -3.9639994000  11.7839980000
Henry: MM Charge: 0.4100000000, xyz (Ang): -0.1259460000  -3.2610268000  11.2500153000
Henry: MM Charge: 0.4100000000, xyz (Ang): -0.0750036000  -4.7809517000  11.8959634000
Henry: MM Charge: -0.8200000000, xyz (Ang): -6.0289924000  7.8860065000  -5.4719861000
Henry: MM Charge: 0.4100000000, xyz (Ang): -5.3181080000  8.1629040000  -4.8281628000
Henry: MM Charge: 0.4100000000, xyz (Ang): -6.9800097000  7.8599988000  -5.1000461000
Henry: MM Charge: -0.8200000000, xyz (Ang): -7.4719908000  0.5229881000  -6.2490061000
Henry: MM Charge: 0.4100000000, xyz (Ang): -7.1739649000  -0.4068873000  -6.5249390000
Henry: MM Charge: 0.4100000000, xyz (Ang): -8.4961483000  0.5640673000  -6.0559840000
Henry: MM Charge: -0.8200000000, xyz (Ang): -2.1120019000  8.1250019000  8.7220072000
Henry: MM Charge: 0.4100000000, xyz (Ang): -2.5109339000  8.1609976000  9.6458945000
Henry: MM Charge: 0.4100000000, xyz (Ang): -1.6639653000  9.0158733000  8.5319886000
Henry: MM Charge: -0.8200000000, xyz (Ang): -11.7539928000  -2.2360135000  -6.0289921000
Henry: MM Charge: 0.4100000000, xyz (Ang): -10.8379651000  -2.6440309000  -6.2659443000
Henry: MM Charge: 0.4100000000, xyz (Ang): -12.0991180000  -1.5217645000  -6.7071496000
Henry: MM Charge: -0.8200000000, xyz (Ang): -3.4130007000  -5.0150001000  2.3899981000
Henry: MM Charge: 0.4100000000, xyz (Ang): -3.6849930000  -5.2739948000  3.3520073000
Henry: MM Charge: 0.4100000000, xyz (Ang): -2.4269887000  -5.2909916000  2.2350166000
Henry: MM Charge: -0.8200000000, xyz (Ang): -2.9480002000  5.0940008000  2.1740000000
Henry: MM Charge: 0.4100000000, xyz (Ang): -2.4639926000  4.2219795000  2.4719978000
Henry: MM Charge: 0.4100000000, xyz (Ang): -3.3089974000  4.9919924000  1.2079980000
Henry: MM Charge: -0.8200000000, xyz (Ang): -4.4230148000  2.5160088000  -11.6069998000
Henry: MM Charge: 0.4100000000, xyz (Ang): -5.3827300000  2.6689429000  -11.3710023000
Henry: MM Charge: 0.4100000000, xyz (Ang): -4.1189966000  1.6799380000  -11.0979657000
Henry: MM Charge: -0.8200000000, xyz (Ang): 4.9499996000  2.4280204000  6.7280136000
Henry: MM Charge: 0.4100000000, xyz (Ang): 5.1319693000  2.5579593000  7.6966951000
Henry: MM Charge: 0.4100000000, xyz (Ang): 4.8410711000  3.3687217000  6.4061532000
Henry: MM Charge: -0.8200000000, xyz (Ang): -2.7419931000  0.1529850000  -13.7360046000
Henry: MM Charge: 0.4100000000, xyz (Ang): -3.2990800000  1.0261791000  -13.6859658000
Henry: MM Charge: 0.4100000000, xyz (Ang): -1.8580348000  0.3680571000  -13.2529666000
Henry: MM Charge: -0.8200000000, xyz (Ang): -5.2860144000  11.8409847000  2.7900199000
Henry: MM Charge: 0.4100000000, xyz (Ang): -4.6500031000  12.4830375000  3.2700048000
Henry: MM Charge: 0.4100000000, xyz (Ang): -5.8748128000  11.4441556000  3.4837333000
Henry: MM Charge: -0.8200000000, xyz (Ang): -0.2359656000  -8.7899884000  11.3249947000
Henry: MM Charge: 0.4100000000, xyz (Ang): -1.0820953000  -8.2098502000  11.5690410000
Henry: MM Charge: 0.4100000000, xyz (Ang): 0.4725166000  -8.1383004000  11.2580402000
Henry: MM Charge: -0.8200000000, xyz (Ang): -4.6010068000  -2.9460030000  12.1259809000
Henry: MM Charge: 0.4100000000, xyz (Ang): -4.4459109000  -2.5919096000  13.0952162000
Henry: MM Charge: 0.4100000000, xyz (Ang): -4.0469767000  -2.3749932000  11.4990660000
Henry: MM Charge: -0.8200000000, xyz (Ang): -8.2129940000  -0.0459757000  -9.6749899000
Henry: MM Charge: 0.4100000000, xyz (Ang): -8.0872079000  0.8410102000  -9.1909990000
Henry: MM Charge: 0.4100000000, xyz (Ang): -7.4688120000  -0.7484869000  -10.0481861000
Henry: MM Charge: -0.8200000000, xyz (Ang): -6.8039974000  -2.0550104000  -7.5189876000
Henry: MM Charge: 0.4100000000, xyz (Ang): -5.9571219000  -2.5129142000  -7.2369914000
Henry: MM Charge: 0.4100000000, xyz (Ang): -6.6229304000  -1.6919364000  -8.4821922000
Henry: MM Charge: -0.8200000000, xyz (Ang): 4.7959885000  -1.3480141000  10.7580039000
Henry: MM Charge: 0.4100000000, xyz (Ang): 4.5559836000  -2.1589713000  10.1729896000
Henry: MM Charge: 0.4100000000, xyz (Ang): 5.4751492000  -0.6948125000  10.2848981000
Henry: MM Charge: -0.8200000000, xyz (Ang): 3.8420139000  9.8870187000  9.1800189000
Henry: MM Charge: 0.4100000000, xyz (Ang): 4.5441901000  9.1547292000  8.8829565000
Henry: MM Charge: 0.4100000000, xyz (Ang): 2.9355419000  9.8329651000  8.6187725000
Henry: MM Charge: -0.8200000000, xyz (Ang): 10.9319988000  4.4090213000  -0.7240012000
Henry: MM Charge: 0.4100000000, xyz (Ang): 11.7990706000  3.9038674000  -0.4869530000
Henry: MM Charge: 0.4100000000, xyz (Ang): 10.3079312000  3.6367297000  -1.0840123000
Henry: MM Charge: -0.8200000000, xyz (Ang): 4.8879990000  -3.0949921000  -11.7670076000
Henry: MM Charge: 0.4100000000, xyz (Ang): 4.3670519000  -3.5959162000  -12.4619320000
Henry: MM Charge: 0.4100000000, xyz (Ang): 4.8889372000  -2.1201951000  -12.0100053000
Henry: MM Charge: -0.8200000000, xyz (Ang): -5.0710178000  -7.5840120000  7.5870044000
Henry: MM Charge: 0.4100000000, xyz (Ang): -4.1737275000  -7.0827687000  7.9050026000
Henry: MM Charge: 0.4100000000, xyz (Ang): -5.0449859000  -7.5809849000  6.5588912000
Henry: MM Charge: -0.8200000000, xyz (Ang): 2.7530004000  -5.5110018000  3.0110001000
Henry: MM Charge: 0.4100000000, xyz (Ang): 2.4869938000  -5.2289826000  3.9659902000
Henry: MM Charge: 0.4100000000, xyz (Ang): 3.2339986000  -6.4099908000  3.0390016000
Henry: MM Charge: -0.8200000000, xyz (Ang): -3.4350013000  4.5450118000  -8.3880045000
Henry: MM Charge: 0.4100000000, xyz (Ang): -4.2469015000  4.9468251000  -7.9520154000
Henry: MM Charge: 0.4100000000, xyz (Ang): -3.4940570000  3.5529381000  -8.0559126000
Henry: MM Charge: -0.8200000000, xyz (Ang): 9.1629794000  0.1189868000  9.8190029000
Henry: MM Charge: 0.4100000000, xyz (Ang): 9.8031731000  0.9312349000  9.6549451000
Henry: MM Charge: 0.4100000000, xyz (Ang): 8.1950845000  0.3400072000  9.6180087000
Henry: MM Charge: -0.8200000000, xyz (Ang): -7.2039823000  -0.5829756000  -1.3400078000
Henry: MM Charge: 0.4100000000, xyz (Ang): -6.7451763000  -0.0083216000  -1.9988828000
Henry: MM Charge: 0.4100000000, xyz (Ang): -7.3600979000  -0.3131366000  -0.3670178000
Henry: MM Charge: -0.8200000000, xyz (Ang): -0.4510309000  0.7090303000  -12.1840100000
Henry: MM Charge: 0.4100000000, xyz (Ang): -0.9939381000  0.9649139000  -11.3720803000
Henry: MM Charge: 0.4100000000, xyz (Ang): 0.3284676000  0.0115920000  -11.8617689000
Henry: MM Charge: -0.8200000000, xyz (Ang): -4.5230000000  -5.6749943000  4.8230014000
Henry: MM Charge: 0.4100000000, xyz (Ang): -5.1109504000  -5.0490847000  5.3559682000
Henry: MM Charge: 0.4100000000, xyz (Ang): -5.1499952000  -6.3929937000  4.4320146000
Henry: MM Charge: -0.8200000000, xyz (Ang): 9.7620034000  0.9089888000  -0.9489889000
Henry: MM Charge: 0.4100000000, xyz (Ang): 9.3478955000  1.8491872000  -1.2330749000
Henry: MM Charge: 0.4100000000, xyz (Ang): 10.0219797000  0.5260182000  -1.8750608000
Henry: MM Charge: -0.8200000000, xyz (Ang): -5.5279941000  5.9160025000  9.3770084000
Henry: MM Charge: 0.4100000000, xyz (Ang): -5.6880268000  5.2329926000  10.1119860000
Henry: MM Charge: 0.4100000000, xyz (Ang): -5.5330924000  5.4378984000  8.4348022000
Henry: MM Charge: -0.8200000000, xyz (Ang): 8.3499960000  2.5289954000  -4.4059984000
Henry: MM Charge: 0.4100000000, xyz (Ang): 8.8881192000  1.8989348000  -5.0510421000
Henry: MM Charge: 0.4100000000, xyz (Ang): 8.4100036000  3.4930748000  -4.7709496000
Henry: MM Charge: -0.8200000000, xyz (Ang): 2.8359859000  6.5399799000  7.2620026000
Henry: MM Charge: 0.4100000000, xyz (Ang): 2.1592339000  5.9432293000  7.6629093000
Henry: MM Charge: 0.4100000000, xyz (Ang): 2.4979858000  7.5130651000  7.2850717000
Henry: MM Charge: -0.8200000000, xyz (Ang): 3.3450199000  -9.7280053000  8.5399873000
Henry: MM Charge: 0.4100000000, xyz (Ang): 3.2459633000  -8.7858988000  8.1049393000
Henry: MM Charge: 0.4100000000, xyz (Ang): 2.4267724000  -9.9500281000  9.0461664000
Henry: MM Charge: -0.8200000000, xyz (Ang): 4.9579961000  -8.2499803000  -3.9040206000
Henry: MM Charge: 0.4100000000, xyz (Ang): 5.1150421000  -9.1212101000  -3.3107535000
Henry: MM Charge: 0.4100000000, xyz (Ang): 5.8960452000  -7.9869463000  -4.2599075000
Henry: MM Charge: -0.8200000000, xyz (Ang): 5.0299886000  -7.9439905000  2.2999839000
Henry: MM Charge: 0.4100000000, xyz (Ang): 4.4091951000  -8.0690026000  1.5231545000
Henry: MM Charge: 0.4100000000, xyz (Ang): 5.0820281000  -8.8261185000  2.8420901000
Henry: MM Charge: -0.8200000000, xyz (Ang): 2.3549995000  -5.2020074000  13.1330052000
Henry: MM Charge: 0.4100000000, xyz (Ang): 2.2390780000  -4.1979828000  12.9899905000
Henry: MM Charge: 0.4100000000, xyz (Ang): 3.2959517000  -5.2839184000  13.4849454000
Henry: MM Charge: -0.8200000000, xyz (Ang): -6.5460178000  -11.9249845000  -1.4979814000
Henry: MM Charge: 0.4100000000, xyz (Ang): -5.7998531000  -11.9279675000  -2.2582872000
Henry: MM Charge: 0.4100000000, xyz (Ang): -6.9258319000  -11.0132881000  -1.5390429000
Henry: MM Charge: -0.8200000000, xyz (Ang): 2.2060003000  -4.9080010000  5.6360007000
Henry: MM Charge: 0.4100000000, xyz (Ang): 3.2429954000  -4.9219917000  5.6279933000
Henry: MM Charge: 0.4100000000, xyz (Ang): 1.9019971000  -4.4549921000  6.5009899000
Henry: MM Charge: -0.8200000000, xyz (Ang): -2.3649857000  -7.2670020000  11.8650020000
Henry: MM Charge: 0.4100000000, xyz (Ang): -3.1921774000  -7.3469747000  11.2449711000
Henry: MM Charge: 0.4100000000, xyz (Ang): -2.7420388000  -6.9879926000  12.7659676000
Henry: MM Charge: -0.8200000000, xyz (Ang): 4.8030016000  -10.7639980000  3.6440005000
Henry: MM Charge: 0.4100000000, xyz (Ang): 4.7250523000  -11.7340188000  3.9490078000
Henry: MM Charge: 0.4100000000, xyz (Ang): 5.8079222000  -10.5680250000  3.7339755000
Henry: MM Charge: -0.8200000000, xyz (Ang): -2.0459935000  11.8059845000  -1.1790071000
Henry: MM Charge: 0.4100000000, xyz (Ang): -2.2919286000  10.8330900000  -1.0599982000
Henry: MM Charge: 0.4100000000, xyz (Ang): -2.7461666000  12.4981915000  -0.8019075000
Henry: MM Charge: -0.8200000000, xyz (Ang): -2.9209979000  1.1389984000  -4.7649987000
Henry: MM Charge: 0.4100000000, xyz (Ang): -2.9880276000  0.5130179000  -3.9540078000
Henry: MM Charge: 0.4100000000, xyz (Ang): -1.9240130000  1.3330190000  -4.9620141000
Henry: MM Charge: -0.8200000000, xyz (Ang): 9.0139985000  11.5189779000  -0.1160023000
Henry: MM Charge: 0.4100000000, xyz (Ang): 9.9869190000  11.6909491000  0.0579902000
Henry: MM Charge: 0.4100000000, xyz (Ang): 8.8690740000  10.5513599000  -0.1499558000
Henry: MM Charge: -0.8200000000, xyz (Ang): -5.6010355000  -6.5060080000  1.5099957000
Henry: MM Charge: 0.4100000000, xyz (Ang): -4.5695449000  -6.1898302000  1.6470205000
Henry: MM Charge: 0.4100000000, xyz (Ang): -6.0118608000  -5.6640909000  1.1510337000
Henry: MM Charge: -0.8200000000, xyz (Ang): -3.3480013000  1.3620005000  5.0390001000
Henry: MM Charge: 0.4100000000, xyz (Ang): -2.6579915000  1.1879947000  5.7919948000
Henry: MM Charge: 0.4100000000, xyz (Ang): -4.2349881000  1.6309960000  5.4679964000
Henry: MM Charge: -0.8200000000, xyz (Ang): -2.7689701000  -7.0040112000  -10.1899794000
Henry: MM Charge: 0.4100000000, xyz (Ang): -3.1850934000  -7.1890014000  -11.1553264000
Henry: MM Charge: 0.4100000000, xyz (Ang): -1.8583280000  -7.3698054000  -10.1070098000
Henry: MM Charge: -0.8200000000, xyz (Ang): -0.8289922000  -13.1149938000  3.3789904000
Henry: MM Charge: 0.4100000000, xyz (Ang): -1.3551153000  -13.9601599000  3.6911023000
Henry: MM Charge: 0.4100000000, xyz (Ang): 0.1660038000  -13.2829632000  3.2800116000
Henry: MM Charge: -0.8200000000, xyz (Ang): -8.0350102000  10.3199949000  -0.1390183000
Henry: MM Charge: 0.4100000000, xyz (Ang): -8.7948308000  10.9598728000  -0.1150041000
Henry: MM Charge: 0.4100000000, xyz (Ang): -8.0990061000  9.7112016000  -0.9147009000
Henry: MM Charge: -0.8200000000, xyz (Ang): -7.5160142000  -3.0960077000  -0.6649965000
Henry: MM Charge: 0.4100000000, xyz (Ang): -7.4939773000  -2.0698506000  -0.9170180000
Henry: MM Charge: 0.4100000000, xyz (Ang): -6.5238610000  -3.3259812000  -0.8970123000
Henry: MM Charge: -0.8200000000, xyz (Ang): 4.2510013000  1.1490015000  0.7789981000
Henry: MM Charge: 0.4100000000, xyz (Ang): 3.7549975000  0.9569975000  -0.0949547000
Henry: MM Charge: 0.4100000000, xyz (Ang): 4.9339842000  0.3989897000  0.9420124000
Henry: MM Charge: -0.8200000000, xyz (Ang): 3.4100285000  -7.4989844000  -1.8599964000
Henry: MM Charge: 0.4100000000, xyz (Ang): 4.0408902000  -7.8319911000  -2.5858537000
Henry: MM Charge: 0.4100000000, xyz (Ang): 2.4797126000  -7.9051691000  -2.2111600000
Henry: MM Charge: -0.8200000000, xyz (Ang): -4.0549990000  -4.8819990000  -5.0899992000
Henry: MM Charge: 0.4100000000, xyz (Ang): -4.8530086000  -4.2620018000  -4.9030038000
Henry: MM Charge: 0.4100000000, xyz (Ang): -3.8530046000  -5.3820084000  -4.2130018000
Henry: MM Charge: -0.8200000000, xyz (Ang): 1.4110117000  9.1729896000  6.7749875000
Henry: MM Charge: 0.4100000000, xyz (Ang): 1.0029103000  9.4270689000  7.6961749000
Henry: MM Charge: 0.4100000000, xyz (Ang): 0.7049236000  9.4600839000  6.0740032000
Henry: MM Charge: -0.8200000000, xyz (Ang): -9.0689965000  -8.4829962000  -3.2989904000
Henry: MM Charge: 0.4100000000, xyz (Ang): -9.4220413000  -9.1932688000  -4.0002342000
Henry: MM Charge: 0.4100000000, xyz (Ang): -9.7380308000  -7.7147922000  -3.0408918000
Henry: MM Charge: -0.8200000000, xyz (Ang): 9.0340061000  -5.4490056000  -6.0889738000
Henry: MM Charge: 0.4100000000, xyz (Ang): 8.9760219000  -5.3379784000  -7.1363189000
Henry: MM Charge: 0.4100000000, xyz (Ang): 9.9568567000  -5.7489333000  -5.8700478000
Henry: MM Charge: -0.8200000000, xyz (Ang): 1.1579792000  -2.4819899000  -14.0489968000
Henry: MM Charge: 0.4100000000, xyz (Ang): 0.8079061000  -2.5870234000  -13.0829506000
Henry: MM Charge: 0.4100000000, xyz (Ang): 2.1254126000  -2.8781396000  -14.2271032000
Henry: MM Charge: -0.8200000000, xyz (Ang): -4.3259962000  6.2130136000  -2.8890194000
Henry: MM Charge: 0.4100000000, xyz (Ang): -4.5379602000  7.1717303000  -3.0779983000
Henry: MM Charge: 0.4100000000, xyz (Ang): -4.0251117000  5.8251886000  -3.7317047000
Henry: MM Charge: -0.8200000000, xyz (Ang): -7.3300058000  1.2969976000  3.3049942000
Henry: MM Charge: 0.4100000000, xyz (Ang): -8.0029756000  1.9469337000  2.9020417000
Henry: MM Charge: 0.4100000000, xyz (Ang): -6.6909359000  1.8420874000  3.9130522000
Henry: MM Charge: -0.8200000000, xyz (Ang): -4.9349973000  -3.0859989000  -1.9970000000
Henry: MM Charge: 0.4100000000, xyz (Ang): -4.4770282000  -2.1630028000  -1.9360012000
Henry: MM Charge: 0.4100000000, xyz (Ang): -5.3750113000  -3.1030038000  -2.9329990000
Henry: MM Charge: -0.8200000000, xyz (Ang): 2.0660042000  -6.7789910000  -6.3249959000
Henry: MM Charge: 0.4100000000, xyz (Ang): 2.7219006000  -6.2130721000  -5.7901030000
Henry: MM Charge: 0.4100000000, xyz (Ang): 2.4060148000  -7.7660472000  -6.3379875000
Henry: MM Charge: -0.8200000000, xyz (Ang): -0.5020003000  -6.9449987000  -4.9099992000
Henry: MM Charge: 0.4100000000, xyz (Ang): 0.4130040000  -7.0850047000  -5.3570027000
Henry: MM Charge: 0.4100000000, xyz (Ang): -0.8739986000  -6.0460066000  -5.2550053000
Henry: MM Charge: -0.8200000000, xyz (Ang): 9.4380028000  -2.6820054000  -3.3150034000
Henry: MM Charge: 0.4100000000, xyz (Ang): 10.0099212000  -3.5218994000  -3.2209548000
Henry: MM Charge: 0.4100000000, xyz (Ang): 8.7660558000  -2.8410524000  -2.5418899000
Henry: MM Charge: -0.8200000000, xyz (Ang): 6.5579961000  0.8259883000  9.6589944000
Henry: MM Charge: 0.4100000000, xyz (Ang): 6.7680368000  0.9940722000  10.6540505000
Henry: MM Charge: 0.4100000000, xyz (Ang): 6.4060934000  1.7820922000  9.2849715000
Henry: MM Charge: -0.8200000000, xyz (Ang): 7.8560149000  8.4129947000  -8.7139872000
Henry: MM Charge: 0.4100000000, xyz (Ang): 7.8640457000  8.3229769000  -7.7050290000
Henry: MM Charge: 0.4100000000, xyz (Ang): 6.9187387000  8.6760817000  -9.1281625000
Henry: MM Charge: -0.8200000000, xyz (Ang): -1.6749879000  11.8820051000  -3.9439823000
Henry: MM Charge: 0.4100000000, xyz (Ang): -2.6031043000  11.4039015000  -3.9929520000
Henry: MM Charge: 0.4100000000, xyz (Ang): -1.3940641000  11.9009908000  -2.9943096000
Henry: MM Charge: -0.8200000000, xyz (Ang): -3.8560063000  5.1539756000  -11.0780125000
Henry: MM Charge: 0.4100000000, xyz (Ang): -3.8070031000  5.1370632000  -10.0398941000
Henry: MM Charge: 0.4100000000, xyz (Ang): -3.8079553000  4.2152860000  -11.4129059000
Henry: MM Charge: -0.8200000000, xyz (Ang): 9.7940236000  -6.3759859000  2.7460039000
Henry: MM Charge: 0.4100000000, xyz (Ang): 10.7146396000  -6.3200398000  2.4300786000
Henry: MM Charge: 0.4100000000, xyz (Ang): 9.2439354000  -6.9450971000  2.0438687000
Henry: MM Charge: -0.8200000000, xyz (Ang): -11.4429965000  -4.4669989000  1.0890015000
Henry: MM Charge: 0.4100000000, xyz (Ang): -12.4391443000  -4.3799318000  0.8109409000
Henry: MM Charge: 0.4100000000, xyz (Ang): -11.1878895000  -5.3410536000  1.5650254000
Henry: MM Charge: -0.8200000000, xyz (Ang): 0.8929791000  13.5899975000  -6.1609830000
Henry: MM Charge: 0.4100000000, xyz (Ang): 1.0379952000  14.1260581000  -7.0230706000
Henry: MM Charge: 0.4100000000, xyz (Ang): 0.0342565000  13.9358963000  -5.7872164000
Henry: MM Charge: -0.8200000000, xyz (Ang): -8.7249863000  -1.1479932000  6.4580008000
Henry: MM Charge: 0.4100000000, xyz (Ang): -8.3659571000  -2.1151054000  6.5949554000
Henry: MM Charge: 0.4100000000, xyz (Ang): -9.7402552000  -1.1019766000  6.7030032000
Henry: MM Charge: -0.8200000000, xyz (Ang): -6.5709934000  -11.1049963000  -4.9789778000
Henry: MM Charge: 0.4100000000, xyz (Ang): -6.2919396000  -11.7451044000  -5.7501483000
Henry: MM Charge: 0.4100000000, xyz (Ang): -5.7822325000  -11.0149366000  -4.3842032000
Henry: MM Charge: -0.8200000000, xyz (Ang): 5.1760008000  -3.5070008000  1.0949989000
Henry: MM Charge: 0.4100000000, xyz (Ang): 5.0389887000  -4.2009897000  1.8420035000
Henry: MM Charge: 0.4100000000, xyz (Ang): 4.3489909000  -3.4919885000  0.4740176000
Henry: MM Charge: -0.8200000000, xyz (Ang): 2.7720113000  -9.2819896000  4.9139881000
Henry: MM Charge: 0.4100000000, xyz (Ang): 3.6858778000  -9.4209460000  4.5260843000
Henry: MM Charge: 0.4100000000, xyz (Ang): 2.5459805000  -10.1822355000  5.4511184000
Henry: MM Charge: -0.8200000000, xyz (Ang): -1.2329791000  14.4889976000  -4.6609951000
Henry: MM Charge: 0.4100000000, xyz (Ang): -1.6061739000  13.5921301000  -4.3380431000
Henry: MM Charge: 0.4100000000, xyz (Ang): -2.1421597000  14.8669092000  -4.9469740000
Henry: MM Charge: -0.8200000000, xyz (Ang): -3.7649937000  2.0149948000  -7.5299728000
Henry: MM Charge: 0.4100000000, xyz (Ang): -4.4140981000  1.3619477000  -8.0230560000
Henry: MM Charge: 0.4100000000, xyz (Ang): -3.6650269000  1.8261423000  -6.5733659000
Henry: MM Charge: -0.8200000000, xyz (Ang): -4.0889969000  -0.4640016000  -2.3050002000
Henry: MM Charge: 0.4100000000, xyz (Ang): -4.1160177000  -0.0929827000  -1.3429902000
Henry: MM Charge: 0.4100000000, xyz (Ang): -4.8610108000  -0.0539931000  -2.8489976000
Henry: MM Charge: -0.8200000000, xyz (Ang): 2.7219996000  0.8260018000  7.2760135000
Henry: MM Charge: 0.4100000000, xyz (Ang): 2.6279718000  0.4830032000  8.2468793000
Henry: MM Charge: 0.4100000000, xyz (Ang): 3.6880057000  1.1289409000  7.1049928000
Henry: MM Charge: -0.8200000000, xyz (Ang): 3.2310013000  1.7580023000  3.2160004000
Henry: MM Charge: 0.4100000000, xyz (Ang): 3.3779832000  1.5309786000  2.2190041000
Henry: MM Charge: 0.4100000000, xyz (Ang): 4.0879890000  1.4199870000  3.6739931000
Henry: MM Charge: -0.8200000000, xyz (Ang): 1.3659998000  8.0879993000  -0.2990002000
Henry: MM Charge: 0.4100000000, xyz (Ang): 2.2790018000  7.5980006000  -0.2879990000
Henry: MM Charge: 0.4100000000, xyz (Ang): 0.9930014000  8.0000012000  -1.2539987000
Henry: MM Charge: -0.8200000000, xyz (Ang): -1.4359998000  -4.5209992000  -5.8769985000
Henry: MM Charge: 0.4100000000, xyz (Ang): -1.2900005000  -3.4990020000  -5.9480120000
Henry: MM Charge: 0.4100000000, xyz (Ang): -2.4330033000  -4.6760054000  -5.6450074000
Henry: MM Charge: -0.8200000000, xyz (Ang): 5.4769924000  -6.8950268000  -11.0740063000
Henry: MM Charge: 0.4100000000, xyz (Ang): 6.0321974000  -5.9986551000  -10.9699235000
Henry: MM Charge: 0.4100000000, xyz (Ang): 4.4779054000  -6.6269173000  -11.0839935000
Henry: MM Charge: -0.8200000000, xyz (Ang): 3.3840061000  4.9489975000  -10.4959987000
Henry: MM Charge: 0.4100000000, xyz (Ang): 3.0119947000  4.1601029000  -11.0189583000
Henry: MM Charge: 0.4100000000, xyz (Ang): 2.6089230000  5.2199925000  -9.8740416000
Henry: MM Charge: -0.8200000000, xyz (Ang): 9.7660031000  2.5430054000  2.3780071000
Henry: MM Charge: 0.4100000000, xyz (Ang): 10.1398684000  2.3230120000  1.4740676000
Henry: MM Charge: 0.4100000000, xyz (Ang): 8.7761784000  2.4299960000  2.2009223000
Henry: MM Charge: -0.8200000000, xyz (Ang): 1.6290065000  5.3160071000  -8.0839957000
Henry: MM Charge: 0.4100000000, xyz (Ang): 0.5928181000  5.4310657000  -8.2889615000
Henry: MM Charge: 0.4100000000, xyz (Ang): 1.9450596000  4.3298640000  -8.2390657000
Henry: MM Charge: -0.8200000000, xyz (Ang): 2.6360066000  12.8559964000  3.3939850000
Henry: MM Charge: 0.4100000000, xyz (Ang): 2.0459541000  13.6780356000  3.5280162000
Henry: MM Charge: 0.4100000000, xyz (Ang): 2.7999554000  12.6690531000  2.4232095000
Henry: MM Charge: -0.8200000000, xyz (Ang): -3.6309923000  12.7080202000  5.4299837000
Henry: MM Charge: 0.4100000000, xyz (Ang): -3.3949257000  11.6866175000  5.6751400000
Henry: MM Charge: 0.4100000000, xyz (Ang): -4.3861845000  13.0690836000  6.0501514000
Henry: MM Charge: -0.8200000000, xyz (Ang): 7.8590049000  -9.2299997000  -2.5380106000
Henry: MM Charge: 0.4100000000, xyz (Ang): 7.7770106000  -8.2538778000  -2.1929057000
Henry: MM Charge: 0.4100000000, xyz (Ang): 6.9888846000  -9.8090957000  -2.4509261000
Henry: MM Charge: -0.8200000000, xyz (Ang): 9.8539856000  5.7639983000  -3.0870205000
Henry: MM Charge: 0.4100000000, xyz (Ang): 8.8471537000  5.8029887000  -3.1300030000
Henry: MM Charge: 0.4100000000, xyz (Ang): 10.1911020000  5.6299968000  -2.0866921000
Henry: MM Charge: -0.8200000000, xyz (Ang): -5.8569982000  -6.4030047000  -9.8979935000
Henry: MM Charge: 0.4100000000, xyz (Ang): -6.7918767000  -6.7379090000  -9.6900201000
Henry: MM Charge: 0.4100000000, xyz (Ang): -5.2900754000  -6.5839912000  -9.0560275000
Henry: MM Charge: -0.8200000000, xyz (Ang): -9.1070063000  -4.9689893000  -2.9610122000
Henry: MM Charge: 0.4100000000, xyz (Ang): -8.1410388000  -5.2689917000  -2.9890290000
Henry: MM Charge: 0.4100000000, xyz (Ang): -9.2609128000  -4.4081969000  -3.7547722000
Henry: MM Charge: -0.8200000000, xyz (Ang): 10.9899838000  -0.9619744000  0.7519821000
Henry: MM Charge: 0.4100000000, xyz (Ang): 10.4602123000  -0.4682436000  0.0952775000
Henry: MM Charge: 0.4100000000, xyz (Ang): 10.8869973000  -1.9992008000  0.6129873000
Henry: MM Charge: -0.8200000000, xyz (Ang): 0.0779908000  2.5740015000  -7.7499987000
Henry: MM Charge: 0.4100000000, xyz (Ang): -0.2359722000  2.6389937000  -6.7890769000
Henry: MM Charge: 0.4100000000, xyz (Ang): 1.1261488000  2.5039619000  -7.7519467000
Henry: MM Charge: -0.8200000000, xyz (Ang): -8.2399910000  -9.8819900000  2.4889946000
Henry: MM Charge: 0.4100000000, xyz (Ang): -7.3000382000  -10.3000284000  2.4430684000
Henry: MM Charge: 0.4100000000, xyz (Ang): -8.8750773000  -10.6611108000  2.2549741000
Henry: MM Charge: -0.8200000000, xyz (Ang): -1.3029998000  -1.7999993000  -6.2499975000
Henry: MM Charge: 0.4100000000, xyz (Ang): -0.9140001000  -1.2290014000  -7.0310096000
Henry: MM Charge: 0.4100000000, xyz (Ang): -1.7860075000  -1.1590025000  -5.6230280000
Henry: MM Charge: -0.8200000000, xyz (Ang): -7.9469881000  1.1110065000  9.2660101000
Henry: MM Charge: 0.4100000000, xyz (Ang): -7.0162185000  1.2579157000  9.5638848000
Henry: MM Charge: 0.4100000000, xyz (Ang): -8.0479657000  1.3969669000  8.2729206000
Henry: MM Charge: -0.8200000000, xyz (Ang): 5.5670209000  6.5050031000  -5.6589759000
Henry: MM Charge: 0.4100000000, xyz (Ang): 5.9997229000  6.2910812000  -4.8134502000
Henry: MM Charge: 0.4100000000, xyz (Ang): 4.6659610000  5.9939590000  -5.5359672000
Henry: MM Charge: -0.8200000000, xyz (Ang): 3.8390200000  -5.3069810000  -4.8239876000
Henry: MM Charge: 0.4100000000, xyz (Ang): 3.8719873000  -5.1570443000  -3.8503296000
Henry: MM Charge: 0.4100000000, xyz (Ang): 4.4517203000  -4.7172539000  -5.2838170000
Henry: MM Charge: -0.8200000000, xyz (Ang): -2.3880017000  -3.2060113000  7.7950059000
Henry: MM Charge: 0.4100000000, xyz (Ang): -2.7229908000  -3.5687838000  8.6718137000
Henry: MM Charge: 0.4100000000, xyz (Ang): -2.5690026000  -2.2160387000  8.0120543000
Henry: MM Charge: -0.8200000000, xyz (Ang): -1.0260181000  11.2990027000  -9.2939966000
Henry: MM Charge: 0.4100000000, xyz (Ang): -1.0759502000  10.2548983000  -9.3640173000
Henry: MM Charge: 0.4100000000, xyz (Ang): -0.0177647000  11.5450186000  -9.3660334000
Henry: MM Charge: -0.8200000000, xyz (Ang): -5.0599839000  1.9909904000  8.0810212000
Henry: MM Charge: 0.4100000000, xyz (Ang): -5.5751700000  2.2890132000  7.1957345000
Henry: MM Charge: 0.4100000000, xyz (Ang): -5.1840223000  1.0011691000  8.0929474000
Henry: MM Charge: -0.8200000000, xyz (Ang): -9.6929849000  -5.9069994000  -6.9930104000
Henry: MM Charge: 0.4100000000, xyz (Ang): -10.6031561000  -6.1680291000  -6.5719355000
Henry: MM Charge: 0.4100000000, xyz (Ang): -9.6620391000  -4.8800102000  -7.0579798000
Henry: MM Charge: -0.8200000000, xyz (Ang): 4.6600011000  -5.2149978000  -2.1810060000
Henry: MM Charge: 0.4100000000, xyz (Ang): 4.3400518000  -6.1730824000  -1.9149634000
Henry: MM Charge: 0.4100000000, xyz (Ang): 5.4739100000  -5.2960001000  -2.7739259000
Henry: MM Charge: -0.8200000000, xyz (Ang): -2.1960028000  10.8619660000  8.4490051000
Henry: MM Charge: 0.4100000000, xyz (Ang): -2.1219640000  11.9235052000  8.5840330000
Henry: MM Charge: 0.4100000000, xyz (Ang): -2.5400286000  10.6770204000  7.4849078000
Henry: MM Charge: -0.8200000000, xyz (Ang): -1.7520077000  -10.4929941000  3.0179965000
Henry: MM Charge: 0.4100000000, xyz (Ang): -1.3569444000  -11.4310351000  3.2140588000
Henry: MM Charge: 0.4100000000, xyz (Ang): -0.9809072000  -9.8300238000  3.2689820000
Henry: MM Charge: -0.8200000000, xyz (Ang): -2.9429821000  3.4200095000  8.7679887000
Henry: MM Charge: 0.4100000000, xyz (Ang): -2.6180767000  3.2179581000  7.8321306000
Henry: MM Charge: 0.4100000000, xyz (Ang): -3.9052606000  2.9578669000  8.8080275000
Henry: MM Charge: -0.8200000000, xyz (Ang): -4.4150026000  -11.7409747000  -3.0729833000
Henry: MM Charge: 0.4100000000, xyz (Ang): -3.4939234000  -11.2529006000  -3.1210328000
Henry: MM Charge: 0.4100000000, xyz (Ang): -4.3610120000  -12.7244904000  -3.5092158000
Henry: MM Charge: -0.8200000000, xyz (Ang): 9.4100282000  6.9859805000  -5.5280214000
Henry: MM Charge: 0.4100000000, xyz (Ang): 8.4464308000  7.5102347000  -5.4339123000
Henry: MM Charge: 0.4100000000, xyz (Ang): 9.7950902000  6.7529755000  -4.5717451000
Henry: MM Charge: -0.8200000000, xyz (Ang): -7.2049917000  2.8049996000  -11.0480226000
Henry: MM Charge: 0.4100000000, xyz (Ang): -7.2350853000  2.6050048000  -10.0157792000
Henry: MM Charge: 0.4100000000, xyz (Ang): -8.1550704000  3.1380163000  -11.2058898000
Henry: MM Charge: -0.8200000000, xyz (Ang): -4.5810014000  -6.6260076000  -7.6160148000
Henry: MM Charge: 0.4100000000, xyz (Ang): -3.7290226000  -7.0769285000  -7.2909198000
Henry: MM Charge: 0.4100000000, xyz (Ang): -4.6559667000  -5.8179251000  -6.9759276000
Henry: MM Charge: -0.8200000000, xyz (Ang): 1.1059998000  6.1369997000  -5.3159998000
Henry: MM Charge: 0.4100000000, xyz (Ang): 0.8940023000  5.6490012000  -6.1909991000
Henry: MM Charge: 0.4100000000, xyz (Ang): 1.8199985000  6.8249972000  -5.5899981000
Henry: MM Charge: -0.8200000000, xyz (Ang): 6.4829943000  4.6969913000  -0.9010093000
Henry: MM Charge: 0.4100000000, xyz (Ang): 5.6389266000  4.3949678000  -0.3659512000
Henry: MM Charge: 0.4100000000, xyz (Ang): 6.9861170000  5.3781536000  -0.2839113000
Henry: MM Charge: -0.8200000000, xyz (Ang): -3.7119974000  -2.6220139000  -7.9300178000
Henry: MM Charge: 0.4100000000, xyz (Ang): -3.6750323000  -3.4668758000  -8.4868197000
Henry: MM Charge: 0.4100000000, xyz (Ang): -2.8749770000  -2.5990279000  -7.3389706000
Henry: MM Charge: -0.8200000000, xyz (Ang): -4.3699915000  8.7900084000  -2.9950029000
Henry: MM Charge: 0.4100000000, xyz (Ang): -3.6160734000  8.3699140000  -2.4240015000
Henry: MM Charge: 0.4100000000, xyz (Ang): -4.1620278000  9.7708523000  -3.1299186000
Henry: MM Charge: -0.8200000000, xyz (Ang): -3.5630384000  -8.4750126000  -3.5340063000
Henry: MM Charge: 0.4100000000, xyz (Ang): -3.3388509000  -7.8228330000  -2.7468350000
Henry: MM Charge: 0.4100000000, xyz (Ang): -4.4745429000  -8.8039694000  -3.6330415000
Henry: MM Charge: -0.8200000000, xyz (Ang): 1.0979862000  4.6409965000  8.3879925000
Henry: MM Charge: 0.4100000000, xyz (Ang): 0.1572258000  4.9669123000  8.5489428000
Henry: MM Charge: 0.4100000000, xyz (Ang): 1.6409982000  4.9030818000  9.2320573000
Henry: MM Charge: -0.8200000000, xyz (Ang): 6.3210014000  -0.9999998000  1.2779993000
Henry: MM Charge: 0.4100000000, xyz (Ang): 5.8409850000  -1.9059978000  1.1350069000
Henry: MM Charge: 0.4100000000, xyz (Ang): 6.9519873000  -1.1619987000  2.0819992000
Henry: MM Charge: -0.8200000000, xyz (Ang): -0.4790070000  4.1820186000  -11.7209991000
Henry: MM Charge: 0.4100000000, xyz (Ang): -0.8959817000  5.1029254000  -11.6490651000
Henry: MM Charge: 0.4100000000, xyz (Ang): -0.9279925000  3.4779061000  -11.1039380000
Henry: MM Charge: -0.8200000000, xyz (Ang): 6.4550219000  6.4039981000  10.0290026000
Henry: MM Charge: 0.4100000000, xyz (Ang): 5.9508108000  6.8740346000  9.2469258000
Henry: MM Charge: 0.4100000000, xyz (Ang): 5.7808195000  6.3999833000  10.8070685000
Henry: MM Charge: -0.8200000000, xyz (Ang): 2.3819943000  -11.4689929000  1.7169916000
Henry: MM Charge: 0.4100000000, xyz (Ang): 2.9060183000  -10.9890222000  2.4560253000
Henry: MM Charge: 0.4100000000, xyz (Ang): 2.4790214000  -12.4730437000  1.8920589000
Henry: MM Charge: -0.8200000000, xyz (Ang): 9.5089907000  6.1479879000  0.8940078000
Henry: MM Charge: 0.4100000000, xyz (Ang): 10.1999673000  5.4880367000  0.5340425000
Henry: MM Charge: 0.4100000000, xyz (Ang): 8.7411677000  5.6510966000  1.3198836000
Henry: MM Charge: -0.8200000000, xyz (Ang): 3.6700084000  13.3130052000  -5.1579868000
Henry: MM Charge: 0.4100000000, xyz (Ang): 2.6489736000  13.3419365000  -5.2960691000
Henry: MM Charge: 0.4100000000, xyz (Ang): 3.9839542000  12.8989913000  -6.0450637000
Henry: MM Charge: -0.8200000000, xyz (Ang): -8.4079990000  1.8420007000  6.7270021000
Henry: MM Charge: 0.4100000000, xyz (Ang): -8.3210355000  0.9230874000  6.2979941000
Henry: MM Charge: 0.4100000000, xyz (Ang): -9.2689064000  2.2389493000  6.3930050000
Henry: MM Charge: -0.8200000000, xyz (Ang): -7.8460179000  -9.8910099000  6.4210263000
Henry: MM Charge: 0.4100000000, xyz (Ang): -8.5590431000  -9.3158902000  5.9629485000
Henry: MM Charge: 0.4100000000, xyz (Ang): -6.9786203000  -9.8699808000  5.7767166000
Henry: MM Charge: -0.8200000000, xyz (Ang): 4.8929982000  0.4150092000  -8.7330021000
Henry: MM Charge: 0.4100000000, xyz (Ang): 5.4168997000  1.2758435000  -8.7779480000
Henry: MM Charge: 0.4100000000, xyz (Ang): 5.5610889000  -0.2810108000  -8.3529369000
Henry: MM Charge: -0.8200000000, xyz (Ang): 3.6970011000  -10.2280020000  -8.3360064000
Henry: MM Charge: 0.4100000000, xyz (Ang): 3.2940198000  -10.0048882000  -7.4019100000
Henry: MM Charge: 0.4100000000, xyz (Ang): 4.2559173000  -9.3710010000  -8.3848496000
Henry: MM Charge: -0.8200000000, xyz (Ang): -8.5040108000  -4.9199905000  1.1179892000
Henry: MM Charge: 0.4100000000, xyz (Ang): -9.4326900000  -4.8850139000  0.8010656000
Henry: MM Charge: 0.4100000000, xyz (Ang): -8.0091201000  -4.3371233000  0.4580988000
Henry: MM Charge: -0.8200000000, xyz (Ang): -7.3689979000  -4.2950154000  -10.5769981000
Henry: MM Charge: 0.4100000000, xyz (Ang): -6.8550299000  -5.0069302000  -10.0459363000
Henry: MM Charge: 0.4100000000, xyz (Ang): -7.5590105000  -4.5599320000  -11.5410440000
Henry: MM Charge: -0.8200000000, xyz (Ang): -6.1789799000  -9.0359712000  -7.6529953000
Henry: MM Charge: 0.4100000000, xyz (Ang): -6.0230276000  -9.5739905000  -6.8120511000
Henry: MM Charge: 0.4100000000, xyz (Ang): -5.8022541000  -8.1514959000  -7.5940578000
Henry: MM Charge: -0.8200000000, xyz (Ang): -0.2480003000  -1.5860001000  6.9040016000
Henry: MM Charge: 0.4100000000, xyz (Ang): 0.6559991000  -1.8409962000  6.4979797000
Henry: MM Charge: 0.4100000000, xyz (Ang): -0.8099951000  -2.4129942000  7.1419855000
Henry: MM Charge: -0.8200000000, xyz (Ang): -3.5370112000  14.2490073000  -0.2740071000
Henry: MM Charge: 0.4100000000, xyz (Ang): -4.1778065000  13.9481547000  -0.9597065000
Henry: MM Charge: 0.4100000000, xyz (Ang): -3.9509319000  15.0777464000  0.0588658000
Henry: MM Charge: -0.8200000000, xyz (Ang): 0.5109997000  7.7709994000  -2.9779996000
Henry: MM Charge: 0.4100000000, xyz (Ang): 0.4970026000  6.9609972000  -3.6090023000
Henry: MM Charge: 0.4100000000, xyz (Ang): 1.1840027000  8.4160018000  -3.4250006000
Henry: MM Charge: -0.8200000000, xyz (Ang): 1.7319979000  -1.4910000000  -5.4279987000
Henry: MM Charge: 0.4100000000, xyz (Ang): 2.0570074000  -2.0569991000  -6.2390029000
Henry: MM Charge: 0.4100000000, xyz (Ang): 0.7130197000  -1.5610030000  -5.4530182000
Henry: MM Charge: -0.8200000000, xyz (Ang): -1.7760075000  2.2109965000  -9.9100082000
Henry: MM Charge: 0.4100000000, xyz (Ang): -2.5019175000  1.7580277000  -9.3679730000
Henry: MM Charge: 0.4100000000, xyz (Ang): -1.2180237000  2.6550285000  -9.1548854000
Henry: MM Charge: -0.8200000000, xyz (Ang): -8.8479970000  -8.0090096000  0.7779924000
Henry: MM Charge: 0.4100000000, xyz (Ang): -8.5910293000  -8.5948264000  1.5930697000
Henry: MM Charge: 0.4100000000, xyz (Ang): -8.8340334000  -7.1040704000  1.2491019000
Henry: MM Charge: -0.8200000000, xyz (Ang): -6.0119967000  -10.8110001000  1.1839806000
Henry: MM Charge: 0.4100000000, xyz (Ang): -5.2240921000  -10.2840344000  1.5459921000
Henry: MM Charge: 0.4100000000, xyz (Ang): -6.1029775000  -10.6629613000  0.2062489000
Henry: MM Charge: -0.8200000000, xyz (Ang): -4.1610156000  3.2739885000  12.2179992000
Henry: MM Charge: 0.4100000000, xyz (Ang): -3.1428749000  3.1629495000  12.0589827000
Henry: MM Charge: 0.4100000000, xyz (Ang): -4.5858901000  2.3822395000  12.1710309000
Henry: MM Charge: -0.8200000000, xyz (Ang): -1.2429987000  9.0569652000  -6.1549811000
Henry: MM Charge: 0.4100000000, xyz (Ang): -0.7522306000  8.3073285000  -5.7971698000
Henry: MM Charge: 0.4100000000, xyz (Ang): -0.5717814000  9.8572481000  -6.3831249000
Henry: MM Charge: -0.8200000000, xyz (Ang): 9.7099873000  -6.7350212000  7.8180171000
Henry: MM Charge: 0.4100000000, xyz (Ang): 9.5830425000  -5.7208167000  7.9829245000
Henry: MM Charge: 0.4100000000, xyz (Ang): 9.3651501000  -7.3898521000  8.4787833000
Henry: MM Charge: -0.8200000000, xyz (Ang): 3.1609987000  -3.4930005000  -0.8270031000
Henry: MM Charge: 0.4100000000, xyz (Ang): 3.7230094000  -4.2069999000  -1.3349895000
Henry: MM Charge: 0.4100000000, xyz (Ang): 2.9780143000  -2.7659989000  -1.5309722000
Henry: MM Charge: -0.8200000000, xyz (Ang): -0.0440001000  -6.1580012000  4.7759999000
Henry: MM Charge: 0.4100000000, xyz (Ang): 0.8259995000  -5.7039870000  5.1019931000
Henry: MM Charge: 0.4100000000, xyz (Ang): -0.8529973000  -5.5809856000  5.1029976000
Henry: MM Charge: -0.8200000000, xyz (Ang): -8.4669974000  -7.1939930000  -8.8460226000
Henry: MM Charge: 0.4100000000, xyz (Ang): -8.2720034000  -8.1561373000  -8.5208913000
Henry: MM Charge: 0.4100000000, xyz (Ang): -8.9341251000  -6.7359536000  -7.9836520000
Setting up the DFT grid...
time to set the grid = 0.01 s
DFT grid points: 40013 (952 points/atom)
Setting up the DFT grid...
time to set the grid = 0.01 s
DFT grid points: 111922 (2664 points/atom)

                      *** Start SCF Iterations ***

 Iter     DIIS Error       Energy change      Electrons        XC Energy           Energy        Time(s)
----------------------------------------------------------------------------------------------------------
Purifying guess...Purification run on GPU (mixed precision)  using TC2 purification.
Density matrix purification finished after a total of 0 matrix multiplies
                >>> SWITCHING TO GRID 1 <<<
   1     0.3347334666   -1014.0628390493   157.9993474819  -108.5194070902   -1014.0628390493     0.62  
                >>> SWITCHING TO GRID 0 <<<
   2     0.3540777112      -0.9697921258   158.0017811388  -115.5407972193   -1015.0326311750     0.51  
   3     0.2544813242      -4.0591713628   158.0053095266  -113.4126680633   -1019.0918025378     0.49  
   4     0.0668719966      -1.1119998752   158.0056635699  -112.3734928133   -1020.2038024130     0.50  
   5     0.0146348154      -0.0772380847   158.0055018332  -112.7568421488   -1020.2810404977     0.51  
   6     0.0083140041      -0.0124675832   158.0053688166  -112.7569129298   -1020.2935080809     0.49  
   7     0.0036018625      -0.0032517115   158.0054116035  -112.7229825241   -1020.2967597924     0.47  
                >>> SWITCHING TO GRID 1 <<<
   8     0.0007979063      -0.0009754341   157.9994177100  -112.7250267639   -1020.2977352265     0.61  
   9     0.0002921816      -0.0000337665   157.9994191877  -112.7275653811   -1020.2977689930     0.81  
  10     0.0003194370      -0.0000053390   157.9994196971  -112.7274084620   -1020.2977743320     1.06  
  11     0.0000889097      -0.0000043876   157.9994208052  -112.7285463902   -1020.2977787196     1.08  
  12     0.0000207419      -0.0000005328   157.9994206393  -112.7283338225   -1020.2977792524     0.77  
----------------------------------------------------------------------------------------------------------
FINAL ENERGY: -1020.2977792524 a.u.
HOMO-LUMO GAP: 4.094 eV
CENTER OF MASS: {-0.105451, 0.008503, -0.183286} ANGS
QM  DIPOLE MOMENT: {-6.348573, 3.121372, 7.369775} (|D| = 10.215719) DEBYE
MM  DIPOLE MOMENT: {3.118707, 37.851596, 29.364080} (|D| = 48.007487) DEBYE
TOT DIPOLE MOMENT: {-3.229866, 40.972968, 36.733855} (|D| = 55.123427) DEBYE

Running Mulliken population analysis...


  Restricted CIS Parameters
--------------------------------------------
Number of occupied orbitals:            79
Number of virtual orbitals:            278
Number of molecular orbitals:          357
Number of basis functions:             357
Multiplicity of target state:      singlet

 Generating 2nd functional diffs
      Davidson Diagonalization Parameters
-----------------------------------------------
Number of roots to find:                    2
Number of guess vectors:                    2
Maximum subspace size:                     20
Number of vectors to save:                  2
Collapse vectors per root:                  2
Number of CSFs:                         21962
Maximum Davidson iterations:               20
Residual convergence:                 1.0e-04
Orthogonality tolerance:              1.0e-12
Use incremental sigma vectors:             No

Davidson memory usage:   7.22 MB

Guess Vectors:
  79 ->  80 : D -> V :     0.150452
  79 ->  81 : D -> V :     0.161845

  Root           Eigenvalue       Energy Change        Residual
-------------------------------------------------------------------
Iteration:    0   Subspace Size:    2
Root: 1:         0.12049871         0.12049871         0.03993548  
Root: 2:         0.13760703         0.13760703         0.01976253  

Iteration:    1   Subspace Size:    4
Root: 1:         0.11909450        -0.00140421         0.00962233  
Root: 2:         0.13719505        -0.00041197         0.00469767  

Iteration:    2   Subspace Size:    6
Root: 1:         0.11892809        -0.00016641         0.00395027  
Root: 2:         0.13714721        -0.00004785         0.00196898  

Iteration:    3   Subspace Size:    8
Root: 1:         0.11890774        -0.00002035         0.00198509  
Root: 2:         0.13714349        -0.00000372         0.00050981  

Iteration:    4   Subspace Size:   10
Root: 1:         0.11889819        -0.00000955         0.00130811  
Root: 2:         0.13714301        -0.00000048         0.00033484  

Iteration:    5   Subspace Size:   12
Root: 1:         0.11889492        -0.00000328         0.00065708  
Root: 2:         0.13714276        -0.00000025         0.00024006  

Iteration:    6   Subspace Size:   14
Root: 1:         0.11889447        -0.00000045         0.00020557  
Root: 2:         0.13714267        -0.00000008         0.00009495  Converged

Iteration:    7   Subspace Size:   15
Root: 1:         0.11889442        -0.00000004         0.00006718  Converged
Root: 2:         0.13714267        -0.00000001         0.00005594  Converged

Davidson converged in 7 iterations
15 sigma vectors were formed

Computing orbital relaxation for Root 1
Solving CPSCF equations
Using DIIS solver

 Iter         Residual      
------  --------------------
    1      0.978140512239
    2      1.597476159783
    3      0.148275671949
    4      0.027561951043
    5      0.005158809545
    6      0.002449507725
    7      0.000443624339
    8      0.000174124263
    9      0.000071837261

CPSCF converged


Root 1: Total Excited State Gradient (Hartree/Bohr)

 Atom         dE/dX              dE/dY              dE/dZ
------  -----------------  -----------------  -----------------
    1      -0.0033217821       0.0058928994      -0.0039094051
    2      -0.0019984217      -0.0025918669       0.0042349782
    3       0.0036128990      -0.0030549623      -0.0004294100
    4       0.0017518242       0.0026325069       0.0016968914
    5       0.0012837568       0.0114114692      -0.0010293812
    6      -0.0030714844      -0.0010235689      -0.0041098755
    7      -0.0027296993      -0.0034731593       0.0033746029
    8       0.0033849303      -0.0043364815      -0.0005717313
    9       0.0058487263      -0.0174017031       0.0158845668
   10       0.0055291565       0.0031925828      -0.0136728320
   11      -0.0108169069      -0.0066358218      -0.0009739693
   12       0.0070554280       0.0041511561      -0.0067124038
   13      -0.0224913715       0.0061203469       0.0063099782
   14      -0.0101581208      -0.0080164126       0.0081933184
   15       0.0219920305       0.0028317828      -0.0085523913
   16      -0.0047784532       0.0044152398      -0.0038122177
   17      -0.0131553716      -0.0045918084      -0.0077895075
   18      -0.0012454594      -0.0015391115      -0.0020371474
   19       0.0282116649       0.0682457812      -0.0365077881
   20      -0.0034896569      -0.0513879565       0.0657899735
   21      -0.0122462573      -0.0445871142       0.0379640002
   22       0.0049562360       0.0029962175       0.0024341011
   23       0.0025350957       0.0383697671      -0.0409188244
   24       0.0027604310       0.0035898674      -0.0034397394
   25       0.0142054983       0.0060452124       0.0427404552
   26      -0.0132179704       0.0051135559      -0.0127995769
   27       0.0187046369      -0.0596155696      -0.0337123203
   28       0.0045905738       0.0274248129      -0.0012058414
   29      -0.0018999479       0.0012194304       0.0015492454
   30      -0.0004142550       0.0019600992      -0.0025998351
   31      -0.0043578643      -0.0034624935       0.0023053019
   32       0.0021564197       0.0043400349      -0.0027203028
   33      -0.0022045670      -0.0046185876       0.0011532991
   34      -0.0024948252      -0.0036934328      -0.0032957720
   35      -0.0292666658       0.0137261906       0.0044414014
   36       0.0050766418      -0.0020221144       0.0010796441
   37       0.0081681411       0.0044200265       0.0042660146
   38       0.0015217163      -0.0022943206      -0.0012168574
   39      -0.0002952477       0.0009524147      -0.0062062821
   40      -0.0032945519       0.0049458639      -0.0005602661
   41      -0.0031720976      -0.0014491730      -0.0000991270
   42       0.0016346384      -0.0040460805      -0.0044550113

  Root   Total Energy (a.u.)   Ex. Energy (a.u.)     Ex. Energy (eV)     Ex. Energy (nm)
-----------------------------------------------------------------------------------------
     1      -1020.17888483          0.11889442          3.23528133        383.22546980
     2      -1020.16063659          0.13714267          3.73184123        332.23337467

Unrelaxed excited state dipole moments:

  Root       Dx         Dy         Dz         |D|  (Debye)
------------------------------------------------------------
     1     0.0821     2.3965    20.2936    20.4347
     2    -6.7204   -12.9204    17.2150    22.5490

Relaxed excited state dipole moments:

  Root       Dx         Dy         Dz         |D|  (Debye)
------------------------------------------------------------
     1    -2.2804     2.6086    16.0891    16.4579

Transition dipole moments:

  Root       Tx         Ty         Tz         |T| (a.u.)
----------------------------------------------------------
     1     0.1039    -0.0450     0.1050     0.1545
     2     0.0472    -0.0347    -0.0282     0.0650

Transition dipole moments between excited states:

    Transition       Tx         Ty         Tz         |T| (a.u.)
------------------------------------------------------------------
     1 ->    2    -0.1008    -0.0944     0.0624     0.1515

Velocity transition dipole moments:

  Root       Tx         Ty         Tz         |T| (a.u.)
----------------------------------------------------------
     1     0.0236    -0.0155    -0.0139     0.0315
     2     0.0064    -0.0004    -0.0043     0.0077

Magnetic transition dipole moments and rotational strengths:

  Root       Lx         Ly         Lz       R(len)     R(vel) (a.u.)
--------------------------------------------------------------------
     1     0.1964     0.0093    -0.0174    -0.0182     0.0399
     2     0.0063     0.0177    -0.0555    -0.0012     0.0020


Electric transition quadrupole moments (Cartesian):

   Root       Qxy        Qxz        Qyz        Qxx        Qyy        Qzz       norm (a.u.)
--------------------------------------------------------------------------------------------
     1    -0.2476     0.3357    -0.4523    -0.1080     0.1267     0.7151     0.9579
     2     0.1348    -0.0059     0.0499     0.0212    -0.0912     0.0812     0.1899

Root 1: Largest CI coefficients:
  79 ->  80 : D -> V :  -0.996624

Root 2: Largest CI coefficients:
  79 ->  81 : D -> V :  -0.998902

  Final Excited State Results:

  Root   Total Energy (a.u.)   Ex. Energy (eV)   Osc. (a.u.)   < S^2 >   Max CI Coeff.      Excitation
------------------------------------------------------------------------------------------------------------
     1       -1020.17888483        3.23528133       0.0019      0.0000     -0.996624     79 ->  80 : D -> V
     2       -1020.16063659        3.73184123       0.0004      0.0000     -0.998902     79 ->  81 : D -> V

numlinkatoms = 0

Gradient units are Hartree/Bohr
---------------------------------------------------
        dE/dX            dE/dY            dE/dZ
   -0.0033217821     0.0058928994    -0.0039094051
   -0.0019984217    -0.0025918669     0.0042349782
    0.0036128990    -0.0030549623    -0.0004294100
    0.0017518242     0.0026325069     0.0016968914
    0.0012837568     0.0114114692    -0.0010293812
   -0.0030714844    -0.0010235689    -0.0041098755
   -0.0027296993    -0.0034731593     0.0033746029
    0.0033849303    -0.0043364815    -0.0005717313
    0.0058487263    -0.0174017031     0.0158845668
    0.0055291565     0.0031925828    -0.0136728320
   -0.0108169069    -0.0066358218    -0.0009739693
    0.0070554280     0.0041511561    -0.0067124038
   -0.0224913715     0.0061203469     0.0063099782
   -0.0101581208    -0.0080164126     0.0081933184
    0.0219920305     0.0028317828    -0.0085523913
   -0.0047784532     0.0044152398    -0.0038122177
   -0.0131553716    -0.0045918084    -0.0077895075
   -0.0012454594    -0.0015391115    -0.0020371474
    0.0282116649     0.0682457812    -0.0365077881
   -0.0034896569    -0.0513879565     0.0657899735
   -0.0122462573    -0.0445871142     0.0379640002
    0.0049562360     0.0029962175     0.0024341011
    0.0025350957     0.0383697671    -0.0409188244
    0.0027604310     0.0035898674    -0.0034397394
    0.0142054983     0.0060452124     0.0427404552
   -0.0132179704     0.0051135559    -0.0127995769
    0.0187046369    -0.0596155696    -0.0337123203
    0.0045905738     0.0274248129    -0.0012058414
   -0.0018999479     0.0012194304     0.0015492454
   -0.0004142550     0.0019600992    -0.0025998351
   -0.0043578643    -0.0034624935     0.0023053019
    0.0021564197     0.0043400349    -0.0027203028
   -0.0022045670    -0.0046185876     0.0011532991
   -0.0024948252    -0.0036934328    -0.0032957720
   -0.0292666658     0.0137261906     0.0044414014
    0.0050766418    -0.0020221144     0.0010796441
    0.0081681411     0.0044200265     0.0042660146
    0.0015217163    -0.0022943206    -0.0012168574
   -0.0002952477     0.0009524147    -0.0062062821
   -0.0032945519     0.0049458639    -0.0005602661
   -0.0031720976    -0.0014491730    -0.0000991270
    0.0016346384    -0.0040460805    -0.0044550113

------- MM / Point charge part -------
   -0.0035287903    -0.0004303258    -0.0022838314
    0.0039445725    -0.0002174984     0.0020539578
    0.0016263582    -0.0001442643     0.0000768120
   -0.0035674386    -0.0085169749     0.0164765388
   -0.0029774275     0.0136028531    -0.0156769560
    0.0026160072    -0.0051163651    -0.0004675816
    0.0422031256     0.0062301525     0.0348155708
    0.0104202236     0.0120078795    -0.0206016011
   -0.0381642946    -0.0210567020    -0.0058085586
   -0.0051966224     0.0086806876    -0.0025293188
    0.0014784395     0.0009937712     0.0046195292
   -0.0027027348    -0.0041908004     0.0011256219
   -0.0003064241    -0.0436058511     0.0116193821
   -0.0024905073     0.0170474012     0.0072681585
    0.0065049567     0.0256751145    -0.0234731784
   -0.0015856458    -0.0006760008     0.0009088499
    0.0006421322     0.0006266352    -0.0003696818
    0.0011536482    -0.0001362340    -0.0006925534
   -0.0384538640    -0.0268492700     0.0129278794
    0.0098554073    -0.0000246953     0.0039890371
    0.0317485235     0.0281480703    -0.0159917665
    0.0047197186    -0.0283744335     0.0213152066
   -0.0021295794     0.0179692214    -0.0228497352
    0.0033284323     0.0040865736     0.0010854155
   -0.0151026908     0.0177399137    -0.0123326928
   -0.0087689932    -0.0044460601     0.0001102693
    0.0176244368    -0.0159694521     0.0085405574
    0.0077156824    -0.0022584894    -0.0019444109
   -0.0120766207    -0.0098889448    -0.0062210754
    0.0047737490     0.0170754885     0.0092900954
   -0.0151693184     0.0033609670     0.0044387511
    0.0181563619    -0.0008265671    -0.0118001366
    0.0003243150     0.0006735736     0.0026005411
    0.0129669164     0.0101791891    -0.0265054060
   -0.0019771184     0.0036362807     0.0110221449
   -0.0046222642     0.0022908796     0.0043494508
    0.0548968396     0.0377349522    -0.0188265828
   -0.0159536333     0.0034852926    -0.0067138971
   -0.0371209396    -0.0409344061     0.0171293102
    0.0009453236     0.0057238766    -0.0028565455
   -0.0002034034    -0.0037823411     0.0023206207
   -0.0040586978     0.0025934973     0.0018691554
   -0.0004153142    -0.0022036276    -0.0021402059
    0.0002512515     0.0012407030     0.0011149398
    0.0005012311     0.0006700058     0.0011072584
   -0.0008029791     0.0088654015     0.0222444656
   -0.0106069901     0.0041520173    -0.0011786954
    0.0070406430    -0.0156345375    -0.0228823084
   -0.0072674567     0.0159690886    -0.0211337001
   -0.0023172471     0.0070919384     0.0081582003
    0.0077530704    -0.0178413789     0.0107608294
   -0.0118091706    -0.0131704288     0.0113161885
    0.0185997505     0.0190126988     0.0000679863
   -0.0068281874    -0.0029185395    -0.0176271409
    0.0037682144     0.0050587710     0.0127586710
    0.0031895567     0.0029229576    -0.0030777693
   -0.0034294358    -0.0076845983    -0.0085022180
    0.0080321166    -0.0092115721     0.0013304184
    0.0033774579     0.0021821400    -0.0021985661
   -0.0086337622     0.0023720480     0.0015132698
    0.0252761519     0.0326051337    -0.0095196178
   -0.0219325516    -0.0066966406    -0.0050833452
   -0.0112718837    -0.0234971245     0.0122509151
   -0.0200061211     0.0020607001     0.0035435765
    0.0048138906     0.0057084989    -0.0014543297
    0.0105693320    -0.0080815107     0.0006960000
    0.0290994324     0.0043951641     0.0043427724
   -0.0172602557    -0.0128715291    -0.0042584629
   -0.0147712378     0.0069480922     0.0026623486
   -0.0106154706     0.0025754983     0.0058660859
    0.0016625447    -0.0036860919    -0.0031952064
    0.0090182459     0.0029810781    -0.0027004966
   -0.0176442102    -0.0051025791     0.0122164723
    0.0155235891     0.0082225803    -0.0086286926
    0.0011157469    -0.0004624114    -0.0040428039
   -0.0000177612     0.0038364443     0.0018442707
   -0.0006040889    -0.0024597071    -0.0010100810
    0.0000659865    -0.0013552736    -0.0009971223
   -0.0113276884     0.0095078729    -0.0055174918
    0.0014982830    -0.0120445649    -0.0006106997
    0.0054053471     0.0027106239     0.0142900726
    0.0034521741     0.0227621788    -0.0097101306
   -0.0039338891    -0.0167668233     0.0149173176
   -0.0000188026     0.0054537287    -0.0006001117
   -0.0260893985     0.0113687724     0.0091480167
    0.0069774501     0.0046145053     0.0181741373
    0.0102269278    -0.0130441381    -0.0194850584
    0.0008923172     0.0167411532    -0.0210131976
    0.0043804016    -0.0119003172     0.0121091764
   -0.0061321575    -0.0036195969     0.0055541410
    0.0078926651     0.0206095590     0.0142948477
   -0.0036264932    -0.0112020112    -0.0037154146
   -0.0009384899    -0.0076936652    -0.0061516901
   -0.0009063670    -0.0145277700    -0.0065165217
   -0.0198895871     0.0147159832     0.0057403620
    0.0160566274     0.0042834286    -0.0061806861
   -0.0122913253    -0.0160655113     0.0367255041
    0.0181661619     0.0136116469    -0.0310621094
   -0.0014290528    -0.0030933044    -0.0024904623
   -0.0081711865    -0.0493850851    -0.0119091402
    0.0017936418    -0.0026544825     0.0137059684
    0.0047097701     0.0546555919     0.0027358020
   -0.0012819484    -0.0012680608    -0.0084074052
    0.0004529443     0.0015325401     0.0110631745
   -0.0046463710    -0.0047236690    -0.0013300635
   -0.0196975490     0.0131066443     0.0218274434
    0.0165341863    -0.0092570229    -0.0207333547
    0.0000657869    -0.0103922512    -0.0005057743
    0.0015999231    -0.0007753484     0.0002827885
   -0.0005836479     0.0005846731     0.0000717155
   -0.0007594076     0.0001678005    -0.0003902561
    0.0103207841    -0.0111610999     0.0231517073
   -0.0127059435     0.0168249492    -0.0102121130
    0.0040920871    -0.0083850794    -0.0197357532
   -0.0222217930     0.0008252910     0.0516198693
    0.0189172154     0.0056398064    -0.0498827742
    0.0029586110     0.0105551805     0.0023661866
   -0.0001255241    -0.0007751460    -0.0018610016
    0.0001152946     0.0001085260     0.0010642080
    0.0002252453     0.0007123883     0.0010717298
    0.0169712864     0.0063762547     0.0025700165
   -0.0140211476    -0.0045014335    -0.0037817987
   -0.0049389617    -0.0048908298     0.0045251818
   -0.0056810250    -0.0105589578     0.0369711866
   -0.0007376075    -0.0027681885    -0.0266564438
    0.0068014626     0.0120829691    -0.0049255841
   -0.0294349656    -0.0062399622     0.0249935338
    0.0039387142     0.0002921926    -0.0055680312
    0.0305167506     0.0022621372    -0.0218182676
    0.0093605599     0.0063005016    -0.0057720530
   -0.0026944235    -0.0017315366     0.0050819896
    0.0027734959    -0.0013279179     0.0015263344
    0.0186205641     0.0072403417    -0.0109522383
   -0.0167000092    -0.0091924686     0.0046676648
    0.0009426947     0.0019763378     0.0027721853
   -0.0509322828    -0.0012267689     0.0032184549
    0.0132767755    -0.0073087729    -0.0087254842
    0.0401619172     0.0049265321     0.0142552792
   -0.0422824682     0.0133561550     0.0237303375
    0.0462399031    -0.0272365975    -0.0147613314
    0.0013010982     0.0115673394     0.0041122220
   -0.0110455883     0.0021030917    -0.0010538476
    0.0145917410    -0.0014187918    -0.0066918865
    0.0022449530    -0.0034271290     0.0102463554
    0.0165030221    -0.0077263664    -0.0247655985
    0.0222857893     0.0072563875     0.0217354999
   -0.0038635472     0.0043752262     0.0070703978
   -0.0096637675    -0.0022406480    -0.0164399017
    0.0010652691    -0.0041037717    -0.0066777430
    0.0072412305     0.0070613902     0.0229278177
   -0.0252721360     0.0093857790    -0.0016867541
   -0.0050235166    -0.0036430277    -0.0154787166
    0.0346589621    -0.0059134389     0.0163411665
    0.0105715015     0.0090927227    -0.0038522179
   -0.0112125802     0.0067225362     0.0167766068
    0.0035209880    -0.0131086722    -0.0177558200
    0.0388338111     0.0159294595     0.0003099825
   -0.0128150004    -0.0023797949     0.0039059670
   -0.0175587877    -0.0065082300    -0.0046572068
    0.0003534859    -0.0001969310    -0.0000579755
   -0.0002529146     0.0003427302     0.0001516924
   -0.0001391877    -0.0001353648     0.0000993446
    0.0348443010    -0.0008794008     0.0459283861
   -0.0262501335     0.0117793767    -0.0092507049
   -0.0084624387    -0.0092843471    -0.0349438562
   -0.0090226523     0.0095005171    -0.0089947140
   -0.0011764218    -0.0030631671     0.0022235754
    0.0010193461    -0.0012367771    -0.0001243388
    0.0007096719     0.0007269080    -0.0020999476
   -0.0004028132    -0.0005809277     0.0012339661
   -0.0005490695    -0.0005113378     0.0008772138
    0.0031664594    -0.0105734754     0.0025680169
   -0.0056021979     0.0096251494    -0.0122390569
    0.0007797765    -0.0006899993     0.0080469611
    0.0050344453    -0.0038486226     0.0106410607
    0.0050624213     0.0084850557     0.0066150327
   -0.0030415817    -0.0017713910    -0.0173062404
    0.0068462095     0.0357600687     0.0128655476
    0.0058491625    -0.0139335310    -0.0015980165
   -0.0171466362    -0.0073929512    -0.0151871703
    0.0067137578    -0.0141260423    -0.0219349934
   -0.0047908924     0.0227750038     0.0040542608
    0.0078281910    -0.0074534499     0.0178481679
   -0.0062778302    -0.0118809938     0.0126369293
   -0.0114333408     0.0026576983    -0.0054584230
    0.0149638680     0.0117567107    -0.0007339288
   -0.0010319256     0.0014312231     0.0017907574
    0.0006343165    -0.0007309922    -0.0013687511
    0.0002309421    -0.0007166971    -0.0008252304
    0.0102232133     0.0156042870    -0.0071780864
    0.0024419954     0.0020471605     0.0000011689
   -0.0011059311    -0.0201502202     0.0067259759
   -0.0024326939    -0.0033348486    -0.0059969818
    0.0002387035     0.0029044157     0.0020931831
    0.0014783051     0.0016771900     0.0036123910
   -0.0104379803     0.0047482343    -0.0064726023
   -0.0062597524     0.0013307082    -0.0030659311
    0.0128544072    -0.0054761181     0.0122926080
   -0.0080385245    -0.0149388143     0.0020429230
    0.0050281591     0.0168349619    -0.0008548046
   -0.0006100612     0.0061918070     0.0023356384
    0.0135970071     0.0070388842    -0.0316301959
   -0.0146851567     0.0034225125     0.0059588744
   -0.0013913737    -0.0119807258     0.0208942752
   -0.0002737176     0.0008280042    -0.0007679560
    0.0002247372    -0.0005853033     0.0002352650
    0.0001925983    -0.0003004784     0.0008182712
   -0.0019296503    -0.0019895826     0.0010550157
    0.0009968379     0.0008134880    -0.0000385818
    0.0007392806     0.0006808000    -0.0007810321
   -0.0280657754     0.0033487708     0.0029707754
    0.0096199868    -0.0125761883    -0.0035866449
    0.0110267486     0.0040309182    -0.0003444391
    0.0027667174    -0.0061755570    -0.0146477397
   -0.0001001310     0.0030997954     0.0016062381
   -0.0027722697     0.0011386179     0.0059442992
    0.0081730990    -0.0223782546    -0.0078193302
   -0.0140372062     0.0039498801     0.0010062677
    0.0105180388     0.0039088489    -0.0017012755
    0.0022213090     0.0002893873     0.0038268366
   -0.0007592380    -0.0008659039    -0.0017205040
   -0.0015886022     0.0001704321    -0.0013386341
   -0.0099578877    -0.0019152094     0.0026252740
    0.0150511083    -0.0059016291     0.0078142109
   -0.0028138164     0.0120883434    -0.0133534064
   -0.0233678657    -0.0248209661    -0.0248226450
    0.0286071559     0.0096155481     0.0327166996
   -0.0023921483     0.0157017565    -0.0021936239
   -0.0101647423     0.0164507417    -0.0392318124
   -0.0075020507    -0.0057443606     0.0189967084
    0.0205855447    -0.0125375317     0.0151236392
    0.0010745315    -0.0002183718     0.0209798438
    0.0307408062     0.0118455159    -0.0009711027
   -0.0233951582    -0.0207781646    -0.0143274288
   -0.0021597873    -0.0007632923    -0.0020527588
    0.0014846377     0.0002843413     0.0012642734
    0.0011257717     0.0004401492     0.0015356978
   -0.0027017548    -0.0084687889     0.0087837057
    0.0112579192     0.0101852991    -0.0032914518
   -0.0163953881     0.0011107364     0.0005660789
   -0.0152635640     0.0051444163     0.0051714117
    0.0000585366     0.0025496986    -0.0113326996
    0.0102771922    -0.0015349762     0.0131293420
    0.0388941226     0.0151639358    -0.0046923781
   -0.0162293085    -0.0096119567    -0.0095101614
   -0.0333910359    -0.0034308636     0.0113755200
    0.0178053632    -0.0425533480    -0.0103135549
   -0.0138679263     0.0132295515     0.0072775688
    0.0054503960     0.0329375302    -0.0005273194
    0.0001401605    -0.0006513765    -0.0002559391
   -0.0000429702     0.0006870297    -0.0000435882
   -0.0000943569    -0.0000229798     0.0003006328
    0.0064498238    -0.0210533335    -0.0474953472
    0.0012675784     0.0046264882     0.0138315670
   -0.0058042254     0.0133677717     0.0357162905
   -0.0140940259     0.0285535190     0.0065697483
    0.0304292613    -0.0164047138    -0.0220883311
   -0.0178661871    -0.0185345291     0.0163056461
    0.0154013373     0.0544055492    -0.0058089868
   -0.0152159638    -0.0143601239    -0.0045172130
    0.0023493159    -0.0393191342     0.0128948991
   -0.0530727534     0.0027199903    -0.0079091432
   -0.0009969048    -0.0047261524     0.0038301143
    0.0589647223     0.0024948162     0.0020531678
   -0.0096380423     0.0030993363    -0.0063428580
    0.0050925930     0.0040677175     0.0130483086
    0.0092055465    -0.0168737089    -0.0043917462
   -0.0103857323    -0.0161931275     0.0018864483
   -0.0019505855     0.0075114018    -0.0079268231
    0.0089853077     0.0064138820     0.0038450855
    0.0113891548     0.0027867999     0.0095167368
   -0.0083920296     0.0078174612    -0.0104631354
    0.0015326592    -0.0093962860    -0.0024113813
    0.0411039583    -0.0348051057    -0.0200150470
   -0.0075106677     0.0217874475    -0.0066515832
   -0.0331102184     0.0189634591     0.0232685241
    0.0197365598     0.0108697724     0.0300142753
   -0.0159989810    -0.0164196167    -0.0088779558
   -0.0008589601     0.0090458205    -0.0176027349
   -0.0185743848    -0.0247315852     0.0348618077
    0.0141900681     0.0197285021    -0.0253182790
    0.0003162820     0.0067647184    -0.0080264225
    0.0489158320     0.0099113944    -0.0247283315
   -0.0074016818    -0.0157668792    -0.0019048661
   -0.0360654070     0.0012024145     0.0219215569
    0.0142599826     0.0128375503    -0.0210332898
   -0.0137310495    -0.0025586491     0.0177256748
    0.0003056005    -0.0056172410     0.0000400221
   -0.0182702382    -0.0104147110    -0.0337405102
   -0.0004502244    -0.0474715430     0.0118904116
    0.0181520126     0.0589088416     0.0258367979
    0.0175879135    -0.0061083747    -0.0068835203
   -0.0049295849     0.0020286061     0.0105077010
   -0.0194648320    -0.0033752699    -0.0023368676
   -0.0010004286    -0.0115468078    -0.0104259997
   -0.0082139214     0.0010018204     0.0009345110
    0.0079591850     0.0075864887     0.0055359684
    0.0116529170    -0.0000014483     0.0079915819
   -0.0006986466    -0.0023093637    -0.0043869916
   -0.0121838528    -0.0004631012    -0.0026887265
   -0.0795772763     0.0109960039     0.0107415847
    0.0334521704     0.0017858866    -0.0018833119
    0.0082609481    -0.0127755134    -0.0058729139
    0.0009067930     0.0013058959     0.0000001671
   -0.0004655610    -0.0010382245    -0.0000835485
   -0.0004606253    -0.0005996426     0.0000011722
   -0.0001335726     0.0014246695    -0.0006671703
    0.0000137658    -0.0002741116     0.0001690505
   -0.0000216398    -0.0009851071     0.0005487378
    0.0092327949     0.0319853414    -0.0218946369
   -0.0060034387    -0.0056311151     0.0020943666
   -0.0062506313    -0.0260289062     0.0184796997
   -0.0188172303    -0.0002419502     0.0096768428
    0.0049130596     0.0033337589    -0.0163955262
    0.0066003237    -0.0035581044     0.0107286581
   -0.0392682359     0.0267198041    -0.0078976357
    0.0216523460    -0.0197217755     0.0120770105
    0.0164920642    -0.0073710197    -0.0090732046
    0.0084269101     0.0639237226     0.0003766879
    0.0189004249    -0.0382089604    -0.0168602063
   -0.0256476744    -0.0331082516     0.0110817998
   -0.0237669343     0.0025437625    -0.0116738244
    0.0027258833     0.0031402999     0.0048396917
    0.0133865192     0.0007451643     0.0042565847
    0.0249656939    -0.0009896923    -0.0053359777
   -0.0021488033     0.0068270657     0.0071996661
   -0.0233179848    -0.0062048133    -0.0011481540
   -0.0046453422     0.0056098658    -0.0054881495
   -0.0009786776    -0.0043096310     0.0046033543
    0.0087565146    -0.0035516941     0.0045078383
    0.0000990241     0.0065130890    -0.0062788211
   -0.0102518885    -0.0035801375     0.0000600546
    0.0052429280    -0.0012136394     0.0023198124
   -0.0182383194     0.0139467610    -0.0154161409
    0.0046624998     0.0012469706     0.0043082316
    0.0062629566    -0.0144629085    -0.0017758950
    0.0013106833    -0.0016868307    -0.0032554267
    0.0002865744     0.0011489421     0.0019868524
   -0.0008606008     0.0002498636     0.0012938971
    0.0176229572     0.0341736549     0.0222778594
   -0.0147608411    -0.0187295381    -0.0125231974
    0.0018310589    -0.0154497157    -0.0124885546
    0.0239695853    -0.0126841378     0.0133402575
   -0.0064990824    -0.0072798051    -0.0024810030
   -0.0130666043     0.0126765807    -0.0204482386
    0.0491077100    -0.0069935355     0.0098648321
   -0.0144487136    -0.0044610304    -0.0180955148
   -0.0402840311     0.0134262863     0.0121705072
    0.0095343346    -0.0097627344     0.0049228935
   -0.0057698891     0.0092813568     0.0061195218
   -0.0034487205     0.0011447714    -0.0086360308
    0.0223447620     0.0261224707     0.0325342318
   -0.0133513713    -0.0160394596    -0.0306679400
   -0.0016492122    -0.0084129057    -0.0029295809
   -0.0001139979     0.0236164788    -0.0233802947
    0.0095672784    -0.0073863379     0.0125087740
    0.0041102594    -0.0101057355     0.0094324165
    0.0068675842    -0.0220652446    -0.0145434662
   -0.0187135174     0.0061467200     0.0100665305
    0.0065711157     0.0115265146     0.0027450111
   -0.0077434307     0.0075440686    -0.0141333697
    0.0121335121    -0.0018288944     0.0033964647
    0.0003309313    -0.0050218066     0.0108885177
   -0.0284458910     0.0391293320     0.0759907804
    0.0466034943    -0.0060936451    -0.0527096372
   -0.0167278840    -0.0401267971    -0.0221148628
    0.0129095192    -0.0004966191     0.0073699165
   -0.0104944920    -0.0058790412    -0.0118259881
    0.0026104556     0.0040898281     0.0022202170
    0.0544399468    -0.0019783635    -0.0044528329
    0.0065523262     0.0081718314     0.0089544832
   -0.0520185817    -0.0137632033    -0.0037692626
   -0.0272440968    -0.0109721396     0.0145793847
    0.0027866017    -0.0021385445     0.0018484730
    0.0215730065     0.0150923720    -0.0171958750
   -0.0272839628     0.0070624830     0.0211496669
    0.0101096551    -0.0047868805    -0.0054160519
    0.0159900323     0.0028893179    -0.0133055032
    0.0119028020     0.0130056667     0.0125235819
   -0.0085625153    -0.0052786680    -0.0040617788
   -0.0031608259    -0.0088572436    -0.0075137797
   -0.0077785172    -0.0065709074     0.0017108842
    0.0077760664     0.0079544164    -0.0003278470
    0.0019620800     0.0035723694     0.0024127545
   -0.0134818776     0.0102679778    -0.0635343896
   -0.0027702330    -0.0168312470     0.0522283638
    0.0125291994     0.0091564704     0.0094584380
   -0.0049804619    -0.0059470967     0.0114928820
    0.0010882383     0.0040738728    -0.0063074935
   -0.0067230950     0.0102833852     0.0008635433
   -0.0017490723     0.0047429389     0.0075060506
   -0.0000887169    -0.0018301175    -0.0017100282
    0.0013721596    -0.0006441473    -0.0016467199
   -0.0059035253    -0.0064124058    -0.0339524507
   -0.0038833655    -0.0076103860     0.0020112308
   -0.0003257871     0.0059127965     0.0233909548
   -0.0021563023     0.0219456490     0.0063703813
    0.0075873680     0.0003085781    -0.0113235859
   -0.0018473786    -0.0206346225     0.0081431870
    0.0021923142     0.0051713592    -0.0024492904
   -0.0032447762     0.0005498004     0.0005848076
   -0.0022113821    -0.0031095762     0.0013953715
    0.0180033146    -0.0066706489    -0.0338679721
   -0.0086926919     0.0036805174     0.0217903942
   -0.0114493387    -0.0014073940     0.0114074901
    0.0028398943     0.0049122345     0.0038797231
   -0.0028876139    -0.0010224224    -0.0043702385
   -0.0006368790    -0.0002385086     0.0020901429
    0.0175765369     0.0134303941    -0.0095597843
   -0.0094777004    -0.0098848045     0.0083823893
   -0.0084015426    -0.0007979386     0.0020978256
    0.0083462757     0.0182526223    -0.0049056082
   -0.0012007291    -0.0041111280    -0.0014484167
    0.0031564197    -0.0169491788     0.0204114104
    0.0077212215     0.0234253209     0.0375750315
   -0.0179380578    -0.0214028226    -0.0200776631
    0.0011341757    -0.0048609507    -0.0136494968
    0.0057475522    -0.0062704034     0.0219818578
    0.0162470822    -0.0045374045     0.0021180037
   -0.0208433646     0.0139358310    -0.0223637323
    0.0119764187     0.0319109712     0.0353620676
   -0.0042076752    -0.0034376504    -0.0065307643
   -0.0091567329    -0.0292654826    -0.0292877204
   -0.0074857118     0.0090007292    -0.0066104155
    0.0044234212    -0.0144577576     0.0032312642
    0.0001838908     0.0011064158     0.0004496202
   -0.0018043541    -0.0025600249    -0.0031749149
    0.0007369663     0.0015861790     0.0006853497
    0.0010388969     0.0013928618     0.0024586999
    0.0194603418    -0.0066999966    -0.0244519728
    0.0193375526    -0.0119138724     0.0082036216
   -0.0278769843     0.0124906872     0.0193834040
   -0.0014337611    -0.0017630267     0.0011459577
    0.0009189841     0.0019726806    -0.0014985688
    0.0010883347     0.0005070377    -0.0002671871
   -0.0097257036    -0.0031765433    -0.0017465018
    0.0075211070     0.0033236819     0.0012852696
    0.0044381842     0.0024815450     0.0021539238
    0.0207091095    -0.0231845353     0.0381157027
   -0.0073973643     0.0046473868     0.0077617201
   -0.0160396985     0.0169383425    -0.0341402383
   -0.0259302184    -0.0253071846    -0.0326726903
    0.0104997715    -0.0050031012     0.0220119119
    0.0134222492     0.0244188032     0.0051033054
    0.0039264217     0.0103239761     0.0280232540
   -0.0006599305     0.0017178765    -0.0126864188
    0.0021380534    -0.0093000644    -0.0095187691
    0.0000720073    -0.0030286984     0.0070498396
    0.0082418888     0.0005960983     0.0067000256
   -0.0053834370     0.0007013570    -0.0162988116
    0.0020882742    -0.0000877949     0.0013811306
   -0.0009149861    -0.0002010525    -0.0007503094
   -0.0011792174     0.0002059419    -0.0004698584
   -0.0090625272    -0.0206546257     0.0308484168
    0.0051165757     0.0028844630    -0.0308637480
    0.0022628465     0.0167738922    -0.0024038544
    0.0001630954    -0.0015383353     0.0002275745
   -0.0003345068     0.0004290737     0.0002370922
    0.0001666419     0.0012431927    -0.0004068669
    0.0201505639     0.0049669798    -0.0128189479
   -0.0128347771    -0.0033696640    -0.0155085287
   -0.0088843366     0.0026823521     0.0299611475
    0.0000331500     0.0008885917    -0.0002065703
    0.0000385388    -0.0001060096     0.0000785729
   -0.0001029849    -0.0006239757     0.0001907598
    0.0048655066     0.0256965436    -0.0225865995
   -0.0082633555    -0.0059698678     0.0011396764
    0.0026443492    -0.0169889157     0.0218049881
    0.0318844909    -0.0156232759    -0.0098854815
   -0.0041904435     0.0022262495     0.0041672766
   -0.0267900596     0.0145452903     0.0073055079
    0.0370312565    -0.0288900240    -0.0039774518
   -0.0194186067     0.0068347898     0.0126243360
   -0.0196071895     0.0245419517    -0.0056459353
   -0.0052811549     0.0075316604    -0.0199970592
    0.0023650408    -0.0096512783     0.0102226938
    0.0061669773     0.0016907501     0.0069043697
   -0.0254095724     0.0101285497     0.0004580155
    0.0027266136    -0.0034296301    -0.0016890463
    0.0232958055    -0.0095206952     0.0006592166
   -0.0236624945    -0.0058158664    -0.0230697171
    0.0258564073     0.0073611768     0.0052771966
    0.0004549195     0.0016397287     0.0236652390
   -0.0061355210    -0.0003336224     0.0068759559
    0.0050212333    -0.0057587755    -0.0062363077
   -0.0019651423     0.0021851208    -0.0030643885
    0.0356243127    -0.0112428695    -0.0408774744
   -0.0337368411     0.0220564271     0.0317671523
   -0.0025986409    -0.0104819084     0.0063848056
    0.0306924794    -0.0301245625     0.0431385612
   -0.0069182729     0.0063193282     0.0003965526
   -0.0193382317     0.0217175463    -0.0462661430
    0.0018401309     0.0131137501    -0.0041145421
    0.0022738537     0.0038463963     0.0062520081
   -0.0044156285    -0.0052540733     0.0032739180
   -0.0075369991    -0.0175363201     0.0067709118
   -0.0074107850    -0.0092491651     0.0030965250
    0.0142279925     0.0231842444    -0.0120367078
    0.0098896544     0.0182582440    -0.0047375415
   -0.0014529045     0.0026522136    -0.0060838477
    0.0040821084    -0.0054896443     0.0044376953
    0.0162732287     0.0168652270    -0.0146658931
   -0.0148768835    -0.0005211460     0.0161026666
   -0.0014496864    -0.0120480375    -0.0001014326
    0.0050649230     0.0018746157     0.0046314805
   -0.0130727457    -0.0046690650    -0.0112887847
    0.0025518218    -0.0028127299     0.0058818740
    0.0112875340    -0.0242459354    -0.0002246947
   -0.0009791340     0.0049457507    -0.0004874771
   -0.0123243846     0.0116127042     0.0010147213
    0.0034238412     0.0148990638     0.0060994017
    0.0033537725    -0.0124786162    -0.0130039264
   -0.0112736748    -0.0033030342     0.0061603398
    0.0111425216    -0.0257958801     0.0113286706
   -0.0118297784     0.0211263938    -0.0129029739
   -0.0026125491     0.0012823487     0.0012865249
   -0.0102753026    -0.0192916840    -0.0122292805
   -0.0015450504    -0.0130926627     0.0018329029
    0.0041730177     0.0279197706     0.0025374575
    0.0041342551     0.0181917667     0.0003988956
   -0.0049467440    -0.0013068122    -0.0091443598
   -0.0086208096    -0.0116414030     0.0031043430
    0.0049831637    -0.0096556198     0.0139730116
    0.0031395764    -0.0094425726    -0.0130068308
   -0.0015163494     0.0152939820    -0.0040321597
   -0.0296306307    -0.0130079323     0.0003837627
   -0.0023789671    -0.0002590963     0.0013047259
    0.0291044768     0.0083582777    -0.0055309984
    0.0044882585    -0.0065109499     0.0055543570
    0.0015948798     0.0033173420    -0.0081842567
   -0.0056371666     0.0051599617     0.0051003837
   -0.0211664558    -0.0357520467     0.0137059232
    0.0127747528     0.0056198448    -0.0063396941
    0.0045253950     0.0309638945    -0.0069411219
   -0.0253287313    -0.0002855068     0.0011501075
   -0.0006036714     0.0022980166    -0.0090167564
    0.0216673502    -0.0021961175     0.0027359075
   -0.0326618355    -0.0202874431     0.0258183599
    0.0085647248    -0.0048482737    -0.0180700888
    0.0235649120     0.0170646616    -0.0075535556
    0.0169393750    -0.0087809678     0.0213959980
   -0.0011841158    -0.0048475659    -0.0035400305
   -0.0099156012     0.0125057199    -0.0107813940
   -0.0004471724     0.0001962288    -0.0013570947
    0.0001878905    -0.0000602173     0.0008051595
    0.0000783023     0.0000248177     0.0003424209
   -0.0218838242     0.0256057827    -0.0362334628
   -0.0013131736    -0.0087979609     0.0008606203
    0.0232183073    -0.0099984234     0.0143180367
    0.0319321435     0.0372958546    -0.0142827129
   -0.0072279321    -0.0495194947    -0.0039805703
   -0.0225626236     0.0037419731     0.0179563587
   -0.0319700454    -0.0074416511     0.0513314665
    0.0073803700     0.0088042878    -0.0061554617
    0.0220925631    -0.0013383047    -0.0356439955
    0.0143506835    -0.0094764617    -0.0087711623
    0.0065073423     0.0011860349     0.0029689094
   -0.0178691630     0.0054907302     0.0024065155
   -0.0406546160    -0.0092840948     0.0132801307
    0.0182577314     0.0114767405    -0.0366416004
    0.0174425663    -0.0029607291     0.0312804204
   -0.0229917938     0.0108041591     0.0307656684
    0.0010585304    -0.0177985535    -0.0118885699
    0.0249850306     0.0100083461    -0.0221326944
   -0.0106425242     0.0021375210     0.0469576169
    0.0126540027     0.0122152901    -0.0166191741
    0.0034800834    -0.0132425224    -0.0236597880
    0.0293092059     0.0093843877     0.0071050487
   -0.0251335930     0.0038619292    -0.0024418275
   -0.0037933221    -0.0145976158    -0.0074118178
    0.0008402128    -0.0012909250    -0.0005843680
   -0.0002903429     0.0007891940     0.0007884156
   -0.0007022000     0.0009182967    -0.0000890883
   -0.0128379284    -0.0005573060    -0.0198023617
   -0.0024697324    -0.0020242280     0.0220386037
    0.0120136723    -0.0016167982    -0.0061974109
    0.0090179917    -0.0058055159     0.0004762848
   -0.0082150489     0.0128867774     0.0100470980
    0.0056829683    -0.0106749254    -0.0070054641
    0.0017041013     0.0025421738    -0.0001026499
   -0.0007927135    -0.0011119042     0.0004079291
   -0.0011205638    -0.0012186436    -0.0002012039
   -0.0266396547    -0.0276410206    -0.0185827873
   -0.0018114804     0.0003352619     0.0034309501
    0.0137177701     0.0157141946     0.0153312046
   -0.0165916921    -0.0168066323    -0.0204913625
   -0.0022052681    -0.0033075452    -0.0081647614
    0.0159288718     0.0141488017     0.0115079485
    0.0048251848     0.0219393800    -0.0204536899
   -0.0060438440    -0.0179913985     0.0158241689
    0.0004781258     0.0011513702     0.0031339683
    0.0299682476    -0.0488245528    -0.0163515625
    0.0037454664     0.0247812682     0.0202668259
   -0.0261201054     0.0245327288    -0.0004450311
    0.0138281829     0.0090769271    -0.0156203176
   -0.0027828385     0.0009774067     0.0052752238
   -0.0057557796    -0.0045630220     0.0075692275
   -0.0162837795    -0.0143432106    -0.0108249889
   -0.0033866835    -0.0122370909     0.0009774390
    0.0114089368     0.0250554898     0.0130325945
    0.0148470764     0.0201098795    -0.0184029287
   -0.0009190263    -0.0191627322     0.0155001300
   -0.0135105100     0.0017673117     0.0014230873
    0.0241562204    -0.0298863376     0.0084906605
    0.0008370827    -0.0084351016     0.0060553838
   -0.0269985888     0.0361016183    -0.0086972948
    0.0244554773     0.0108347090     0.0168922528
   -0.0112664616     0.0099269461    -0.0063125253
   -0.0169454601    -0.0218785850    -0.0145877401
    0.0122902426    -0.0192271684     0.0053315992
   -0.0006605756     0.0005716947    -0.0062529641
   -0.0149716184     0.0113944134    -0.0015356928
   -0.0002183097     0.0000057880    -0.0003248291
    0.0000724130    -0.0001795125     0.0002366945
    0.0001744670     0.0000310934     0.0001307937
   -0.0013086122     0.0000204304    -0.0008210878
    0.0010140805    -0.0003469449     0.0003762133
    0.0007348346     0.0001638956     0.0003477880
    0.0104308212     0.0085534068     0.0255461223
   -0.0056761579     0.0059155046    -0.0264480408
   -0.0102531048    -0.0090023570    -0.0070108430
    0.0144861856    -0.0318384101    -0.0126659446
    0.0072694270     0.0088414501     0.0130844448
   -0.0164027575     0.0218063566    -0.0090221104
   -0.0147163365    -0.0077806110    -0.0050266044
    0.0030773220     0.0010929030     0.0009070823
    0.0110325579     0.0079372667     0.0051498615
   -0.0054882020    -0.0021737949     0.0153586568
   -0.0054807660     0.0064838368    -0.0042346543
    0.0045240605     0.0000393214    -0.0114509752
    0.0486950471    -0.0520575481    -0.0040162896
   -0.0233985582     0.0490324451     0.0060179897
   -0.0201201121     0.0008214584    -0.0043431906
   -0.0136236720     0.0212435841     0.0324989179
   -0.0042992948    -0.0128992635    -0.0340078764
    0.0140304948    -0.0043991404     0.0076059961
   -0.0115864861    -0.0432090041     0.0104383249
    0.0073594495     0.0386991183    -0.0058910819
    0.0021256489     0.0091172355    -0.0023475643
   -0.0332965006    -0.0146828592    -0.0288670222
    0.0391856598     0.0177145358     0.0343096113
   -0.0053927629    -0.0031236082    -0.0083859943
    0.0011583506    -0.0017659798    -0.0158101156
   -0.0039236488     0.0052834927     0.0106565877
    0.0040761207    -0.0039672038     0.0055027503
   -0.0033688649     0.0020612840    -0.0005471816
    0.0022618528    -0.0041305819    -0.0023594959
    0.0018895660    -0.0005601361    -0.0004156895
   -0.0450244077    -0.0075235082    -0.0275834863
    0.0321004081    -0.0097861307     0.0191989928
    0.0108610652     0.0150412123     0.0125034618
   -0.0047540983     0.0376328884    -0.0018696767
    0.0003470427    -0.0326556799     0.0074272477
   -0.0004997986    -0.0024709006    -0.0012705948
   -0.0016144830     0.0114175753    -0.0097415314
   -0.0062006274    -0.0042261161     0.0219997917
   -0.0041023122    -0.0024434092    -0.0009169324
    0.0082445091     0.0004849631     0.0489932494
   -0.0229844434    -0.0107160796    -0.0376626792
    0.0161237046     0.0099815151    -0.0152424176
    0.0018299197     0.0148326638     0.0003461522
   -0.0015835841    -0.0109606055    -0.0020158475
    0.0059505930    -0.0111208165     0.0077190548
   -0.0448904230     0.0126831212    -0.0007182308
    0.0335784623    -0.0061774655    -0.0005468183
    0.0028215404    -0.0059342828     0.0017883708
    0.0195541720     0.0005720725    -0.0008974147
   -0.0112090368    -0.0014254317     0.0050565467
   -0.0064934744    -0.0010575568    -0.0035537185
    0.0180657095     0.0450023879    -0.0062843217
   -0.0223795507    -0.0317496163     0.0036931732
    0.0075485090    -0.0160098714     0.0034956837
    0.0038273960    -0.0285147997     0.0029260318
   -0.0044943970     0.0159878200     0.0048955716
    0.0019307339     0.0104726079    -0.0067217306
   -0.0605541913    -0.0197711651     0.0358281141
    0.0468105244     0.0214813856    -0.0388860339
    0.0191007461    -0.0046924349     0.0062042463
    0.0160275530    -0.0055905533    -0.0166770295
   -0.0053179659     0.0013653618     0.0081495715
   -0.0051582674     0.0039005506     0.0055327010
   -0.0221451838    -0.0024766448    -0.0742372309
   -0.0006505366     0.0089776831     0.0619662201
    0.0213545429    -0.0047049556     0.0102364420
   -0.0017326209    -0.0033291865    -0.0013262397
    0.0064549749    -0.0007965419    -0.0043254628
    0.0005182607    -0.0002515256    -0.0007797345
   -0.0043171774    -0.0007914019     0.0164085944
    0.0024507398     0.0030856443    -0.0182374657
    0.0042586618    -0.0026804588    -0.0013788046
    0.0142062149     0.0029438159     0.0110178489
   -0.0028158930     0.0013885627    -0.0052450738
   -0.0052604002    -0.0006629475     0.0014122972
    0.0231574625     0.0453942665    -0.0005194975
   -0.0064863208     0.0044574583    -0.0011062673
   -0.0084049054    -0.0512206071     0.0037252123
    0.0189250566    -0.0081291635     0.0126031428
   -0.0023743355     0.0016577720     0.0002002121
   -0.0222977344     0.0095177274    -0.0210966371
    0.0053078226     0.0094416249    -0.0413384286
    0.0047222854    -0.0019637026     0.0372995173
   -0.0148522658    -0.0060529818     0.0047480224
   -0.0122778283    -0.0187880288     0.0192486841
   -0.0011340201    -0.0006249378    -0.0133373169
    0.0041279106     0.0019655301     0.0055966034
   -0.0539809181    -0.0012677387     0.0262566057
    0.0134173150     0.0171381857    -0.0003138308
    0.0407578372    -0.0091252051    -0.0274350528
    0.0054687195    -0.0066148525    -0.0611829824
   -0.0139837314     0.0087571529     0.0258254080
    0.0114607431     0.0027918369     0.0304994791
    0.0089227577     0.0092287264     0.0068100855
   -0.0046652656     0.0023774721    -0.0080509005
    0.0002398339    -0.0134251113    -0.0025712557
   -0.0108032321     0.0056510858    -0.0039298513
    0.0102445743     0.0003659456     0.0004272499
    0.0001469754    -0.0015330199     0.0031130379
   -0.0055810241     0.0046042816     0.0059674975
    0.0026045332    -0.0011188497    -0.0092379388
    0.0039266923    -0.0049838441    -0.0006761264
   -0.0083255377    -0.0064673910    -0.0060304886
    0.0052871571     0.0043767415     0.0043701779
    0.0006617700     0.0013530924     0.0002574215
    0.0167559892     0.0176787861    -0.0153784577
   -0.0116323450     0.0063520885    -0.0125014477
    0.0051278435    -0.0200119733     0.0337276281
    0.0034787060     0.0044604053    -0.0140535588
   -0.0108347790     0.0157142927    -0.0074129913
    0.0059870646    -0.0173046915     0.0216697524
   -0.0147488397    -0.0139699247    -0.0843719440
    0.0304252982    -0.0031496829     0.0592555139
   -0.0171907291     0.0215817567     0.0245917563
   -0.0023416172    -0.0060133303     0.0046889006
    0.0034559377     0.0087352794    -0.0067145994
    0.0014456211     0.0016042410    -0.0011961633
   -0.0157759206    -0.0310735960     0.0207020319
    0.0099237722     0.0172862195    -0.0189533149
   -0.0024696752     0.0127053721    -0.0032897260
    0.0110616273    -0.0049606937     0.0428386970
   -0.0090009419     0.0144085495    -0.0106218592
   -0.0049305175    -0.0051875303    -0.0300906408
   -0.0128435619    -0.0171244713    -0.0096686364
    0.0035678234     0.0067560080     0.0060318329
    0.0092056869     0.0059811962     0.0054569171
   -0.0155015106     0.0131361025    -0.0063809718
    0.0146022660     0.0001382334     0.0010438439
   -0.0051232029    -0.0008712248     0.0058895187
   -0.0003625382     0.0025434946    -0.0004922029
   -0.0001001389    -0.0015809394     0.0001540193
    0.0001613292    -0.0010505912    -0.0000365265
   -0.0007911501    -0.0228600188    -0.0051011246
   -0.0027283090     0.0176169118    -0.0125117943
    0.0043318212    -0.0011966095     0.0100368459
   -0.0036938522     0.0004592836    -0.0019661140
    0.0054780604    -0.0027442390     0.0015989105
   -0.0003932052     0.0049046524    -0.0036647259
    0.0117520882     0.0112865991     0.0218762413
   -0.0111304259    -0.0097337604    -0.0166665216
   -0.0010350573    -0.0000674307    -0.0047066677
    0.0142910665    -0.0192103333    -0.0106434855
    0.0034484248     0.0115164225     0.0061905469
   -0.0152761221     0.0068479374     0.0016255347
   -0.0033291937     0.0040468565     0.0127196946
    0.0067354700    -0.0002087242    -0.0107550780
    0.0034832716    -0.0128808430    -0.0010977888
    0.0104542770    -0.0221645879     0.0123013446
    0.0034804803    -0.0031752716     0.0056267241
   -0.0121598533     0.0240702097    -0.0153895585
   -0.0018428036    -0.0008650129    -0.0026872716
    0.0007894487     0.0005676152     0.0006987923
    0.0012545444     0.0010095264     0.0015783508
   -0.0006819374     0.0020807852     0.0001779942
    0.0007315452    -0.0024018724    -0.0003013409
    0.0002940577    -0.0008518133    -0.0001382566
   -0.0245940939     0.0144789021    -0.0009176555
    0.0275727292    -0.0058105361    -0.0003774634
    0.0003032324    -0.0063275661     0.0034178313
   -0.0000556981     0.0334844855     0.0228103321
   -0.0031553512    -0.0041496596    -0.0311536010
    0.0072547730    -0.0284946608     0.0157172640
    0.0108867095    -0.0242707563    -0.0088915798
   -0.0082471834     0.0183391746     0.0033720465
   -0.0035737680     0.0058032747     0.0032802241
   -0.0239598695    -0.0235840895     0.0325347413
   -0.0003248038     0.0039020480     0.0005141110
    0.0191572823     0.0159824421    -0.0272684025
    0.0559754274     0.0180230959    -0.0074159952
   -0.0097979887     0.0152608863     0.0042603790
   -0.0494458846    -0.0308625503     0.0041799417
   -0.0114982941    -0.0052579348    -0.0297214758
    0.0090613820     0.0092433255     0.0222236359
    0.0023302280     0.0006659279     0.0067801343
    0.0086669029     0.0394562495     0.0154271028
   -0.0212275100     0.0010125221     0.0000243755
    0.0192606187    -0.0497482796    -0.0191085277
    0.0035707434    -0.0170195143     0.0194240637
   -0.0125654100     0.0087138600     0.0008098116
    0.0070190300     0.0064856206    -0.0197438527
   -0.0182117867    -0.0230441014     0.0075832501
   -0.0016573377     0.0029140796    -0.0009896416
    0.0153134720     0.0191708904    -0.0103753572
    0.0230836534     0.0314935414     0.0316653337
    0.0195024555    -0.0276299938    -0.0044259380
   -0.0468832880    -0.0035094172    -0.0232708329
   -0.0007400110     0.0350478797    -0.0020248170
    0.0073739768    -0.0134963869     0.0048076821
   -0.0069787122    -0.0275658983    -0.0013037635
   -0.0011937301     0.0125722125    -0.0136184295
    0.0053567415     0.0085248613     0.0068586654
   -0.0063387734    -0.0199926522    -0.0006181095
   -0.0294805702    -0.0203801847     0.0079454722
    0.0278938481     0.0236026903     0.0003483209
    0.0014228913     0.0015122763    -0.0111198967
    0.0011084419    -0.0036028439     0.0004071462
   -0.0007101796     0.0017561657    -0.0009777816
   -0.0002044673     0.0009215481     0.0001910436
   -0.0024304316     0.0195548385    -0.0081840898
    0.0100391437    -0.0177514489    -0.0016728267
   -0.0058767413    -0.0062764682     0.0088306748
   -0.0324342382    -0.0215199348     0.0057040763
    0.0177887876     0.0240574813    -0.0055480699
    0.0087036716     0.0007162831     0.0009665761
    0.0279060227     0.0396433197    -0.0129878929
   -0.0181142650    -0.0328929501     0.0121399428
   -0.0099736897    -0.0139312744    -0.0017826856
   -0.0503594468     0.0493323785    -0.0174585058
    0.0063171704    -0.0087591563    -0.0083705483
    0.0478789850    -0.0418016715     0.0235082128
   -0.0006790454     0.0084948701     0.0029571388
    0.0051055516    -0.0086525798    -0.0032745635
    0.0005025875     0.0006466563     0.0014896990
    0.0063828160    -0.0181965550     0.0178319924
   -0.0105215265     0.0192138703    -0.0076365922
   -0.0019045699     0.0018350104    -0.0062150256
    0.0088668412     0.0047418130     0.0146650982
   -0.0027536929    -0.0007263594    -0.0013716417
   -0.0094238355    -0.0103799584    -0.0202109224
   -0.0058766477    -0.0072186131     0.0023216305
    0.0123024553    -0.0066464007    -0.0043997819
    0.0004982540     0.0077134794     0.0050389825
   -0.0226063818    -0.0318803856     0.0050118501
    0.0239350926     0.0234912258    -0.0092775378
   -0.0014633397     0.0067224989     0.0073358013
    0.0326644699    -0.0096161829    -0.0196053509
   -0.0037355856     0.0103194641    -0.0061611523
   -0.0233149937    -0.0029580934     0.0170635779
   -0.0058407539     0.0311554099    -0.0337649840
    0.0043355367    -0.0216399241     0.0251893018
    0.0046320665     0.0053717716     0.0093785222
   -0.0178539604     0.0145991185    -0.0260292869
    0.0199260879    -0.0002921709     0.0158841522
    0.0028662154    -0.0122054016     0.0092509470
   -0.0004881641    -0.0125118870     0.0097583455
    0.0079364072     0.0017387525    -0.0008896445
   -0.0049443037     0.0082751601    -0.0054839297
   -0.0296303025     0.0238700043     0.0299686049
    0.0150566185     0.0032422916    -0.0293678386
    0.0171456895    -0.0295671936    -0.0043544602
    0.0009308692    -0.0022378842     0.0018324863
   -0.0005114480     0.0008219915    -0.0006544031
   -0.0003494263     0.0007996995    -0.0010288732
    0.0228721506    -0.0040082155     0.0046308132
   -0.0181543873     0.0025191582    -0.0029538827
   -0.0039615934     0.0007085165    -0.0032342248
    0.0032394126     0.0021342917     0.0011205646
    0.0053330278    -0.0019988317     0.0008244104
   -0.0079405321    -0.0026235281    -0.0024637064
    0.0104221769    -0.0239992334    -0.0116077602
    0.0072631307     0.0092735692     0.0001794678
   -0.0170926478     0.0196737884     0.0094825717
    0.0040855347    -0.0031088667     0.0020373285
   -0.0038328859     0.0020907545    -0.0010323233
   -0.0017697566     0.0024807712    -0.0019357243
   -0.0013995202    -0.0346712307    -0.0037460502
   -0.0082278661    -0.0050961494    -0.0010002675
    0.0076210700     0.0369445500     0.0045093101
   -0.0584358372    -0.0137261949    -0.0067504222
    0.0466808212     0.0174036594     0.0021098385
    0.0142468248    -0.0093338876     0.0034695527
   -0.0025454661     0.0009698704     0.0008351733
    0.0008736063    -0.0005828270    -0.0005539099
    0.0012334415    -0.0004159568    -0.0003892214
    0.0484206503    -0.0187835914     0.0323835597
   -0.0096299190    -0.0002565659    -0.0334811001
   -0.0336408863     0.0198121352    -0.0010782208
    0.0125643083     0.0086769129    -0.0151322057
   -0.0118217768    -0.0164622387     0.0104741697
    0.0003681455     0.0036682742     0.0012041537
   -0.0175304505    -0.0071779692    -0.0298266753
    0.0172638890    -0.0129648054    -0.0004102171
   -0.0006391227     0.0207155335     0.0306146370
   -0.0239121843    -0.0128384931     0.0055740572
    0.0023005769     0.0152553112    -0.0018194284
    0.0142727937     0.0018359744    -0.0012447015
    0.0018661154     0.0024038226    -0.0048365970
    0.0010743178     0.0000797324     0.0067740594
   -0.0013496612    -0.0011934336     0.0018077829
    0.0467677870     0.0245072270     0.0055371171
   -0.0112539497     0.0008673400     0.0149722978
   -0.0295064569    -0.0173583588    -0.0163266632
    0.0011843604     0.0010923344     0.0004458515
   -0.0008885308    -0.0002618061    -0.0002986076
   -0.0004334849    -0.0008666561    -0.0000485461
    0.0190990850    -0.0158282409    -0.0195253995
   -0.0091812019     0.0070997689     0.0179674475
   -0.0078100536     0.0085899933     0.0003282584
    0.0048344701     0.0053241527     0.0151660142
   -0.0043288834    -0.0275504181    -0.0239859689
   -0.0032563973     0.0211773091     0.0110354381
    0.0108249615    -0.0096184793     0.0419875847
    0.0022945000     0.0021546465    -0.0327192745
   -0.0146032918     0.0067467403    -0.0049353330
   -0.0336922599     0.0161700261     0.0037747611
   -0.0095604075    -0.0024095059     0.0049560156
    0.0422644693    -0.0143419342    -0.0106590093
    0.0056059598     0.0226755822    -0.0319720971
    0.0040777394    -0.0275470628     0.0002379076
   -0.0114557896     0.0193493858     0.0302882263
   -0.0103673319    -0.0037582518    -0.0091400040
    0.0025146628    -0.0067790105     0.0042861383
    0.0065824300     0.0089255991     0.0053682868
    0.0034074613     0.0016236208    -0.0004413430
   -0.0027213525    -0.0005578670    -0.0000022708
   -0.0010795364    -0.0004923665     0.0002004833
    0.0070873682     0.0140335893     0.0059644627
   -0.0101866575    -0.0075108802    -0.0105412001
    0.0015116675    -0.0049270866     0.0012524528
   -0.0004298911     0.0013447952     0.0005382867
    0.0003667734    -0.0005499274    -0.0002458421
    0.0000709934    -0.0007385898    -0.0004552943
    0.0054807211    -0.0089169022    -0.0058999206
   -0.0079558157     0.0102368087     0.0045773779
    0.0057660816    -0.0054161224     0.0112155320
   -0.0055774881    -0.0189025533    -0.0080628215
    0.0037824253     0.0073563157     0.0052640106
    0.0095130954     0.0094349694    -0.0028473896
    0.0250708792    -0.0076977609     0.0199311868
    0.0047076669    -0.0022582719    -0.0030354909
   -0.0267149103     0.0084484500    -0.0166837219
    0.0195667999     0.0094794928     0.0283143666
   -0.0107121462    -0.0099908237     0.0048617011
   -0.0066026515    -0.0008699053    -0.0316945252
   -0.0105292311    -0.0390643144    -0.0214744654
   -0.0003551714     0.0064846655     0.0107659022
    0.0044787212     0.0293289692     0.0095462578
    0.0395020162     0.0222649975     0.0064777326
   -0.0368273997    -0.0041184266     0.0081088434
   -0.0065814705    -0.0100081829    -0.0134100887
    0.0044593494     0.0013695910     0.0025972907
   -0.0148432121     0.0069117847    -0.0060319322
    0.0111962562    -0.0055328525     0.0026246378
   -0.0338849538    -0.0024927063     0.0268786522
   -0.0004728099     0.0060416511    -0.0072775180
    0.0262979638    -0.0105306386    -0.0221168961
    0.0213126108     0.0108777490     0.0019074056
    0.0043639966    -0.0107909654    -0.0044963691
   -0.0261709578     0.0023833170     0.0004087384
    0.0101126561     0.0049435207     0.0354906815
    0.0061318723    -0.0107762519    -0.0152074215
   -0.0238501061     0.0063497441    -0.0207980309
    0.0019935795    -0.0015421894    -0.0018664366
   -0.0011977784     0.0009847748     0.0004366509
   -0.0010237930     0.0010395597     0.0019427606
    0.0187390847     0.0159257578    -0.0188187438
   -0.0125347705     0.0054503044     0.0086428364
   -0.0020257298    -0.0241440291     0.0121675862
    0.0336409887    -0.0024707229     0.0074704459
   -0.0176825446     0.0133497952    -0.0044144946
   -0.0163353906    -0.0091025136     0.0025942337
    0.0100317780    -0.0082652715     0.0434803484
   -0.0101339444    -0.0053416557    -0.0058439997
   -0.0029233171     0.0146139482    -0.0376062276
    0.0050014769    -0.0021858683    -0.0011015879
   -0.0019027365     0.0016169849     0.0012577560
   -0.0013351995     0.0006108699     0.0003723707
   -0.0003282819     0.0030781698     0.0227118843
   -0.0028823430     0.0003373178    -0.0123092180
    0.0005508263    -0.0060198778    -0.0006853561
    0.0026579303     0.0040101295     0.0006630454
   -0.0018129498    -0.0022962027     0.0008031987
   -0.0011771298    -0.0013610085    -0.0005582498
   -0.0000332393     0.0000816133    -0.0003605557
    0.0000215440    -0.0000795562     0.0000907225
    0.0001128839    -0.0000229800     0.0002135402
    0.0003215290     0.0010854511     0.0015706270
   -0.0001673173    -0.0004847630    -0.0011946732
   -0.0003952092    -0.0006675309    -0.0006417111
   -0.0116914620    -0.0442906452    -0.0113354209
    0.0202675306     0.0352608696     0.0077159946
   -0.0096574656     0.0083624304     0.0005765487
    0.0102739535    -0.0036242683     0.0009650669
   -0.0004920929     0.0105663882     0.0041697852
   -0.0078296061    -0.0006822885    -0.0043102902
    0.0058549230     0.0088863702     0.0115778677
   -0.0133055313     0.0012640986     0.0069847039
    0.0183399282    -0.0003680870    -0.0078091368
    0.0107501759     0.0119815295     0.0061099549
   -0.0186323222     0.0067906363     0.0038150646
    0.0060995249    -0.0138208827    -0.0067990907
    0.0109592624    -0.0045644197    -0.0240305709
   -0.0046829333     0.0037393629     0.0016739694
   -0.0045523871     0.0055028489     0.0214750543
    0.0120710255     0.0342131513    -0.0258804207
    0.0075893234    -0.0391088195     0.0143404174
   -0.0189222385     0.0086385841     0.0155429855
    0.0089404191    -0.0005401892    -0.0174370688
    0.0011065697     0.0124420654     0.0096178315
   -0.0117933403    -0.0098723850     0.0075172918
   -0.0224554347    -0.0021176483    -0.0336112529
    0.0158422453    -0.0010556806    -0.0003125959
    0.0105405336    -0.0002787841     0.0315241385
    0.0021807254    -0.0083242396     0.0095402372
    0.0125813684     0.0092298723    -0.0021152609
   -0.0077375286     0.0008459236    -0.0028901595
   -0.0111336621     0.0168718077    -0.0203109091
   -0.0039913889     0.0008100775    -0.0029381059
    0.0088519211    -0.0201859101     0.0233454007
   -0.0251661503     0.0415376904    -0.0291142981
    0.0218836258    -0.0249361890     0.0284614811
   -0.0001885703    -0.0205986136    -0.0012769775
   -0.0148641862     0.0024682886     0.0015848055
    0.0027938645    -0.0004406617    -0.0080559470
    0.0152333562    -0.0037590061     0.0052419322
    0.0137345516     0.0151386593    -0.0084307562
   -0.0039340831    -0.0029309962     0.0069659596
   -0.0079706091    -0.0114068317    -0.0026383324
    0.0005755098     0.0015352932     0.0039813032
   -0.0000995584    -0.0002890732    -0.0013116554
   -0.0011538601    -0.0006526018    -0.0034374695
    0.0184798577     0.0106372799     0.0173951448
   -0.0224298253    -0.0085941105    -0.0117217805
    0.0034443130    -0.0033425455    -0.0080766177
    0.0345653670     0.0055295574     0.0386152399
   -0.0282942181     0.0084648694    -0.0461378340
   -0.0039852031    -0.0040584417     0.0032898667
    0.0328492805     0.0304959686     0.0195612274
   -0.0013020814    -0.0046922302    -0.0337355936
   -0.0285884379    -0.0261460825     0.0187040895
   -0.0030808978    -0.0187443375     0.0107250828
    0.0009896162     0.0220297891    -0.0190881831
   -0.0002644568    -0.0039676030     0.0054895001
   -0.0295294640     0.0055229171     0.0044498608
    0.0050444972    -0.0103218237    -0.0018220553
    0.0240870023     0.0020171026    -0.0034679011
    0.0255722649    -0.0153634722     0.0353083427
   -0.0174085689     0.0014051097    -0.0271651358
   -0.0022656126     0.0173109345    -0.0053316580
    0.0233668162     0.0004436659    -0.0176074289
   -0.0160533806    -0.0030329053     0.0065796109
   -0.0040471729    -0.0010837308     0.0020207204
    0.0023703506     0.0032257851    -0.0100444481
    0.0052330169    -0.0085272840     0.0037688020
   -0.0091838689    -0.0001418975     0.0075976966
   -0.0046939166    -0.0541176574     0.0091479804
    0.0036694214     0.0518107618     0.0034546797
   -0.0029527715     0.0021231965    -0.0093864847
   -0.0127256663     0.0083470118    -0.0053296339
    0.0056592157    -0.0036550173     0.0059997484
    0.0094360841    -0.0024145937    -0.0018079044
    0.0287793642     0.0158589560    -0.0173505244
   -0.0078491323    -0.0042353078     0.0133833953
   -0.0267048045    -0.0136234034     0.0028374273
   -0.0046839089     0.0397984950     0.0267299736
    0.0078282001     0.0100892521    -0.0033377980
   -0.0012293219    -0.0502919013    -0.0221121611
    0.0468833280    -0.0309941229    -0.0352580699
   -0.0581929165     0.0241589132     0.0089237422
    0.0093261221    -0.0024546166     0.0260542107
    0.0128001072    -0.0003974321    -0.0377274624
   -0.0087533633     0.0004852798     0.0225380961
   -0.0072712833     0.0016974954     0.0111207688
   -0.0026719687    -0.0130594611    -0.0248797719
   -0.0023431003     0.0072110250     0.0081334412
    0.0033443248     0.0076102243     0.0074155337
   -0.0000192771     0.0000471787    -0.0004702813
    0.0001967058     0.0002545640     0.0000828132
   -0.0001813846    -0.0001775686     0.0002065881
   -0.0085903772    -0.0139796208    -0.0153973923
   -0.0074094949    -0.0030420677     0.0050859005
    0.0120445860     0.0158470147     0.0091491851
    0.0038916845    -0.0226506233    -0.0296089177
   -0.0033513171     0.0126784645     0.0183417988
    0.0022580208    -0.0029739677     0.0029230123
    0.0131997049     0.0145747654    -0.0050504662
   -0.0074695410    -0.0086966005    -0.0001323565
   -0.0028791942    -0.0150689278     0.0082916171
   -0.0627865348    -0.0214961646    -0.0108319837
    0.0152101320     0.0171333169     0.0169677948
    0.0467630775     0.0032091516    -0.0041760252
   -0.0223755082    -0.0051126269    -0.0111900419
    0.0231067503    -0.0089588027    -0.0057901871
   -0.0001583622     0.0083465417     0.0059352235
    0.0028107853     0.0003485438    -0.0012745244
   -0.0014825903     0.0000746357     0.0008807442
   -0.0012305460     0.0000596971     0.0000339287
   -0.0112461213     0.0304712088     0.0001767574
    0.0018748665    -0.0075949303    -0.0067208531
    0.0007128267    -0.0095476011     0.0062306139
    0.0362231360    -0.0024505260     0.0051940451
   -0.0192669688     0.0036182046    -0.0075632561
   -0.0184055357    -0.0016527781     0.0071303623
   -0.0089554007     0.0102773361    -0.0133586951
    0.0018626760    -0.0023131027     0.0026066924
    0.0021763748    -0.0045502815     0.0060181382
   -0.0141897713    -0.0191052289     0.0126223197
   -0.0032642449     0.0038218952     0.0043552500
    0.0172481534     0.0099795867    -0.0118644927
    0.0140580941     0.0098632331     0.0207925184
   -0.0027074840    -0.0063657892    -0.0070638434
   -0.0046356174    -0.0008054488    -0.0065452712
    0.0006441836     0.0013198809     0.0040013007
   -0.0036385940     0.0089378028    -0.0005425876
    0.0095372352    -0.0051815730     0.0005617815
   -0.0299857274    -0.0170726458     0.0433480486
   -0.0044867930     0.0111604469    -0.0052394696
    0.0388475066     0.0019064481    -0.0289922594
   -0.0024892317     0.0150220377    -0.0041483204
   -0.0101873045    -0.0160100654     0.0051515862
    0.0091626313    -0.0011610502     0.0063000322
    0.0022789789    -0.0042307902    -0.0112546156
    0.0019958965     0.0113031410     0.0091639070
   -0.0084083908    -0.0002163133     0.0152417157
   -0.0185439921     0.0148604424    -0.0175716487
    0.0317045754    -0.0014476687     0.0067591086
   -0.0122809973    -0.0126417306     0.0101546494
    0.0027095803    -0.0252274600     0.0019429033
   -0.0031060737     0.0070684203     0.0064021418
   -0.0011383205     0.0068747785    -0.0045659602
    0.0320110395     0.0459459485     0.0067291172
   -0.0028539641     0.0009159053    -0.0052464639
   -0.0260388086    -0.0508543803    -0.0059332533
   -0.0004385244    -0.0003460084     0.0036002179
   -0.0002044149     0.0003606854    -0.0021628864
    0.0004730923     0.0005902448    -0.0015771200
   -0.0187918402     0.0134541371    -0.0116692380
    0.0198187654     0.0158974867     0.0300268936
    0.0069877846    -0.0258676276    -0.0137066701
   -0.0004221725    -0.0000138321     0.0000913077
    0.0002395617    -0.0002540910    -0.0001017189
    0.0002515499     0.0002158178    -0.0000065734
   -0.0035819347     0.0004749780     0.0021744033
    0.0008310302    -0.0001360534    -0.0005227954
    0.0022055101    -0.0007922940    -0.0023495087
   -0.0122477189    -0.0055160367    -0.0141244475
    0.0083506662     0.0028788990     0.0025981338
   -0.0024231089     0.0029943384     0.0115681205
    0.0038782710    -0.0163505727    -0.0122379376
   -0.0030223353     0.0176351353     0.0070724939
   -0.0034211731    -0.0071972714     0.0103820607
    0.0047445694    -0.0012530413    -0.0312866563
   -0.0094257685    -0.0035653732    -0.0008161459
    0.0022775268     0.0038550171     0.0254969015
   -0.0258059081    -0.0183570320     0.0000572252
    0.0127898902    -0.0051274583    -0.0017061261
    0.0112291433     0.0245374537     0.0032098828
    0.0019970865    -0.0556129774     0.0300075796
   -0.0236284614     0.0337312214    -0.0173867175
    0.0223771812     0.0254988759    -0.0127780163
   -0.0194519632    -0.0352107632     0.0285912218
    0.0043627545     0.0187223516    -0.0076001898
    0.0153934438     0.0151270491    -0.0221302018
   -0.0013361008    -0.0008010614    -0.0055332009
    0.0008757261    -0.0001744528     0.0011791106
    0.0011788452    -0.0003600843     0.0030525986
   -0.0000492172    -0.0028004947     0.0004040320
   -0.0001215781     0.0013642097    -0.0007207431
    0.0002466755     0.0015513156    -0.0003061943
    0.0033845190     0.0105564431    -0.0377478921
   -0.0003779468    -0.0141363361     0.0110569474
   -0.0128888545     0.0047534786     0.0355443503
---------------------------------------------------
Net gradient:  7.280482e-08 -3.078492e-08  1.430021e-07
Net torque:    1.438177e-03  9.120093e-04 -1.261285e-03


Gradient units are Hartree/Bohr
---------------------------------------------------
        dE/dX            dE/dY            dE/dZ
   -0.0033217821     0.0058928994    -0.0039094051
   -0.0019984217    -0.0025918669     0.0042349782
    0.0036128990    -0.0030549623    -0.0004294100
    0.0017518242     0.0026325069     0.0016968914
    0.0012837568     0.0114114692    -0.0010293812
   -0.0030714844    -0.0010235689    -0.0041098755
   -0.0027296993    -0.0034731593     0.0033746029
    0.0033849303    -0.0043364815    -0.0005717313
    0.0058487263    -0.0174017031     0.0158845668
    0.0055291565     0.0031925828    -0.0136728320
   -0.0108169069    -0.0066358218    -0.0009739693
    0.0070554280     0.0041511561    -0.0067124038
   -0.0224913715     0.0061203469     0.0063099782
   -0.0101581208    -0.0080164126     0.0081933184
    0.0219920305     0.0028317828    -0.0085523913
   -0.0047784532     0.0044152398    -0.0038122177
   -0.0131553716    -0.0045918084    -0.0077895075
   -0.0012454594    -0.0015391115    -0.0020371474
    0.0282116649     0.0682457812    -0.0365077881
   -0.0034896569    -0.0513879565     0.0657899735
   -0.0122462573    -0.0445871142     0.0379640002
    0.0049562360     0.0029962175     0.0024341011
    0.0025350957     0.0383697671    -0.0409188244
    0.0027604310     0.0035898674    -0.0034397394
    0.0142054983     0.0060452124     0.0427404552
   -0.0132179704     0.0051135559    -0.0127995769
    0.0187046369    -0.0596155696    -0.0337123203
    0.0045905738     0.0274248129    -0.0012058414
   -0.0018999479     0.0012194304     0.0015492454
   -0.0004142550     0.0019600992    -0.0025998351
   -0.0043578643    -0.0034624935     0.0023053019
    0.0021564197     0.0043400349    -0.0027203028
   -0.0022045670    -0.0046185876     0.0011532991
   -0.0024948252    -0.0036934328    -0.0032957720
   -0.0292666658     0.0137261906     0.0044414014
    0.0050766418    -0.0020221144     0.0010796441
    0.0081681411     0.0044200265     0.0042660146
    0.0015217163    -0.0022943206    -0.0012168574
   -0.0002952477     0.0009524147    -0.0062062821
   -0.0032945519     0.0049458639    -0.0005602661
   -0.0031720976    -0.0014491730    -0.0000991270
    0.0016346384    -0.0040460805    -0.0044550113

------- MM / Point charge part -------
   -0.0035287903    -0.0004303258    -0.0022838314
    0.0039445725    -0.0002174984     0.0020539578
    0.0016263582    -0.0001442643     0.0000768120
   -0.0035674386    -0.0085169749     0.0164765388
   -0.0029774275     0.0136028531    -0.0156769560
    0.0026160072    -0.0051163651    -0.0004675816
    0.0422031256     0.0062301525     0.0348155708
    0.0104202236     0.0120078795    -0.0206016011
   -0.0381642946    -0.0210567020    -0.0058085586
   -0.0051966224     0.0086806876    -0.0025293188
    0.0014784395     0.0009937712     0.0046195292
   -0.0027027348    -0.0041908004     0.0011256219
   -0.0003064241    -0.0436058511     0.0116193821
   -0.0024905073     0.0170474012     0.0072681585
    0.0065049567     0.0256751145    -0.0234731784
   -0.0015856458    -0.0006760008     0.0009088499
    0.0006421322     0.0006266352    -0.0003696818
    0.0011536482    -0.0001362340    -0.0006925534
   -0.0384538640    -0.0268492700     0.0129278794
    0.0098554073    -0.0000246953     0.0039890371
    0.0317485235     0.0281480703    -0.0159917665
    0.0047197186    -0.0283744335     0.0213152066
   -0.0021295794     0.0179692214    -0.0228497352
    0.0033284323     0.0040865736     0.0010854155
   -0.0151026908     0.0177399137    -0.0123326928
   -0.0087689932    -0.0044460601     0.0001102693
    0.0176244368    -0.0159694521     0.0085405574
    0.0077156824    -0.0022584894    -0.0019444109
   -0.0120766207    -0.0098889448    -0.0062210754
    0.0047737490     0.0170754885     0.0092900954
   -0.0151693184     0.0033609670     0.0044387511
    0.0181563619    -0.0008265671    -0.0118001366
    0.0003243150     0.0006735736     0.0026005411
    0.0129669164     0.0101791891    -0.0265054060
   -0.0019771184     0.0036362807     0.0110221449
   -0.0046222642     0.0022908796     0.0043494508
    0.0548968396     0.0377349522    -0.0188265828
   -0.0159536333     0.0034852926    -0.0067138971
   -0.0371209396    -0.0409344061     0.0171293102
    0.0009453236     0.0057238766    -0.0028565455
   -0.0002034034    -0.0037823411     0.0023206207
   -0.0040586978     0.0025934973     0.0018691554
   -0.0004153142    -0.0022036276    -0.0021402059
    0.0002512515     0.0012407030     0.0011149398
    0.0005012311     0.0006700058     0.0011072584
   -0.0008029791     0.0088654015     0.0222444656
   -0.0106069901     0.0041520173    -0.0011786954
    0.0070406430    -0.0156345375    -0.0228823084
   -0.0072674567     0.0159690886    -0.0211337001
   -0.0023172471     0.0070919384     0.0081582003
    0.0077530704    -0.0178413789     0.0107608294
   -0.0118091706    -0.0131704288     0.0113161885
    0.0185997505     0.0190126988     0.0000679863
   -0.0068281874    -0.0029185395    -0.0176271409
    0.0037682144     0.0050587710     0.0127586710
    0.0031895567     0.0029229576    -0.0030777693
   -0.0034294358    -0.0076845983    -0.0085022180
    0.0080321166    -0.0092115721     0.0013304184
    0.0033774579     0.0021821400    -0.0021985661
   -0.0086337622     0.0023720480     0.0015132698
    0.0252761519     0.0326051337    -0.0095196178
   -0.0219325516    -0.0066966406    -0.0050833452
   -0.0112718837    -0.0234971245     0.0122509151
   -0.0200061211     0.0020607001     0.0035435765
    0.0048138906     0.0057084989    -0.0014543297
    0.0105693320    -0.0080815107     0.0006960000
    0.0290994324     0.0043951641     0.0043427724
   -0.0172602557    -0.0128715291    -0.0042584629
   -0.0147712378     0.0069480922     0.0026623486
   -0.0106154706     0.0025754983     0.0058660859
    0.0016625447    -0.0036860919    -0.0031952064
    0.0090182459     0.0029810781    -0.0027004966
   -0.0176442102    -0.0051025791     0.0122164723
    0.0155235891     0.0082225803    -0.0086286926
    0.0011157469    -0.0004624114    -0.0040428039
   -0.0000177612     0.0038364443     0.0018442707
   -0.0006040889    -0.0024597071    -0.0010100810
    0.0000659865    -0.0013552736    -0.0009971223
   -0.0113276884     0.0095078729    -0.0055174918
    0.0014982830    -0.0120445649    -0.0006106997
    0.0054053471     0.0027106239     0.0142900726
    0.0034521741     0.0227621788    -0.0097101306
   -0.0039338891    -0.0167668233     0.0149173176
   -0.0000188026     0.0054537287    -0.0006001117
   -0.0260893985     0.0113687724     0.0091480167
    0.0069774501     0.0046145053     0.0181741373
    0.0102269278    -0.0130441381    -0.0194850584
    0.0008923172     0.0167411532    -0.0210131976
    0.0043804016    -0.0119003172     0.0121091764
   -0.0061321575    -0.0036195969     0.0055541410
    0.0078926651     0.0206095590     0.0142948477
   -0.0036264932    -0.0112020112    -0.0037154146
   -0.0009384899    -0.0076936652    -0.0061516901
   -0.0009063670    -0.0145277700    -0.0065165217
   -0.0198895871     0.0147159832     0.0057403620
    0.0160566274     0.0042834286    -0.0061806861
   -0.0122913253    -0.0160655113     0.0367255041
    0.0181661619     0.0136116469    -0.0310621094
   -0.0014290528    -0.0030933044    -0.0024904623
   -0.0081711865    -0.0493850851    -0.0119091402
    0.0017936418    -0.0026544825     0.0137059684
    0.0047097701     0.0546555919     0.0027358020
   -0.0012819484    -0.0012680608    -0.0084074052
    0.0004529443     0.0015325401     0.0110631745
   -0.0046463710    -0.0047236690    -0.0013300635
   -0.0196975490     0.0131066443     0.0218274434
    0.0165341863    -0.0092570229    -0.0207333547
    0.0000657869    -0.0103922512    -0.0005057743
    0.0015999231    -0.0007753484     0.0002827885
   -0.0005836479     0.0005846731     0.0000717155
   -0.0007594076     0.0001678005    -0.0003902561
    0.0103207841    -0.0111610999     0.0231517073
   -0.0127059435     0.0168249492    -0.0102121130
    0.0040920871    -0.0083850794    -0.0197357532
   -0.0222217930     0.0008252910     0.0516198693
    0.0189172154     0.0056398064    -0.0498827742
    0.0029586110     0.0105551805     0.0023661866
   -0.0001255241    -0.0007751460    -0.0018610016
    0.0001152946     0.0001085260     0.0010642080
    0.0002252453     0.0007123883     0.0010717298
    0.0169712864     0.0063762547     0.0025700165
   -0.0140211476    -0.0045014335    -0.0037817987
   -0.0049389617    -0.0048908298     0.0045251818
   -0.0056810250    -0.0105589578     0.0369711866
   -0.0007376075    -0.0027681885    -0.0266564438
    0.0068014626     0.0120829691    -0.0049255841
   -0.0294349656    -0.0062399622     0.0249935338
    0.0039387142     0.0002921926    -0.0055680312
    0.0305167506     0.0022621372    -0.0218182676
    0.0093605599     0.0063005016    -0.0057720530
   -0.0026944235    -0.0017315366     0.0050819896
    0.0027734959    -0.0013279179     0.0015263344
    0.0186205641     0.0072403417    -0.0109522383
   -0.0167000092    -0.0091924686     0.0046676648
    0.0009426947     0.0019763378     0.0027721853
   -0.0509322828    -0.0012267689     0.0032184549
    0.0132767755    -0.0073087729    -0.0087254842
    0.0401619172     0.0049265321     0.0142552792
   -0.0422824682     0.0133561550     0.0237303375
    0.0462399031    -0.0272365975    -0.0147613314
    0.0013010982     0.0115673394     0.0041122220
   -0.0110455883     0.0021030917    -0.0010538476
    0.0145917410    -0.0014187918    -0.0066918865
    0.0022449530    -0.0034271290     0.0102463554
    0.0165030221    -0.0077263664    -0.0247655985
    0.0222857893     0.0072563875     0.0217354999
   -0.0038635472     0.0043752262     0.0070703978
   -0.0096637675    -0.0022406480    -0.0164399017
    0.0010652691    -0.0041037717    -0.0066777430
    0.0072412305     0.0070613902     0.0229278177
   -0.0252721360     0.0093857790    -0.0016867541
   -0.0050235166    -0.0036430277    -0.0154787166
    0.0346589621    -0.0059134389     0.0163411665
    0.0105715015     0.0090927227    -0.0038522179
   -0.0112125802     0.0067225362     0.0167766068
    0.0035209880    -0.0131086722    -0.0177558200
    0.0388338111     0.0159294595     0.0003099825
   -0.0128150004    -0.0023797949     0.0039059670
   -0.0175587877    -0.0065082300    -0.0046572068
    0.0003534859    -0.0001969310    -0.0000579755
   -0.0002529146     0.0003427302     0.0001516924
   -0.0001391877    -0.0001353648     0.0000993446
    0.0348443010    -0.0008794008     0.0459283861
   -0.0262501335     0.0117793767    -0.0092507049
   -0.0084624387    -0.0092843471    -0.0349438562
   -0.0090226523     0.0095005171    -0.0089947140
   -0.0011764218    -0.0030631671     0.0022235754
    0.0010193461    -0.0012367771    -0.0001243388
    0.0007096719     0.0007269080    -0.0020999476
   -0.0004028132    -0.0005809277     0.0012339661
   -0.0005490695    -0.0005113378     0.0008772138
    0.0031664594    -0.0105734754     0.0025680169
   -0.0056021979     0.0096251494    -0.0122390569
    0.0007797765    -0.0006899993     0.0080469611
    0.0050344453    -0.0038486226     0.0106410607
    0.0050624213     0.0084850557     0.0066150327
   -0.0030415817    -0.0017713910    -0.0173062404
    0.0068462095     0.0357600687     0.0128655476
    0.0058491625    -0.0139335310    -0.0015980165
   -0.0171466362    -0.0073929512    -0.0151871703
    0.0067137578    -0.0141260423    -0.0219349934
   -0.0047908924     0.0227750038     0.0040542608
    0.0078281910    -0.0074534499     0.0178481679
   -0.0062778302    -0.0118809938     0.0126369293
   -0.0114333408     0.0026576983    -0.0054584230
    0.0149638680     0.0117567107    -0.0007339288
   -0.0010319256     0.0014312231     0.0017907574
    0.0006343165    -0.0007309922    -0.0013687511
    0.0002309421    -0.0007166971    -0.0008252304
    0.0102232133     0.0156042870    -0.0071780864
    0.0024419954     0.0020471605     0.0000011689
   -0.0011059311    -0.0201502202     0.0067259759
   -0.0024326939    -0.0033348486    -0.0059969818
    0.0002387035     0.0029044157     0.0020931831
    0.0014783051     0.0016771900     0.0036123910
   -0.0104379803     0.0047482343    -0.0064726023
   -0.0062597524     0.0013307082    -0.0030659311
    0.0128544072    -0.0054761181     0.0122926080
   -0.0080385245    -0.0149388143     0.0020429230
    0.0050281591     0.0168349619    -0.0008548046
   -0.0006100612     0.0061918070     0.0023356384
    0.0135970071     0.0070388842    -0.0316301959
   -0.0146851567     0.0034225125     0.0059588744
   -0.0013913737    -0.0119807258     0.0208942752
   -0.0002737176     0.0008280042    -0.0007679560
    0.0002247372    -0.0005853033     0.0002352650
    0.0001925983    -0.0003004784     0.0008182712
   -0.0019296503    -0.0019895826     0.0010550157
    0.0009968379     0.0008134880    -0.0000385818
    0.0007392806     0.0006808000    -0.0007810321
   -0.0280657754     0.0033487708     0.0029707754
    0.0096199868    -0.0125761883    -0.0035866449
    0.0110267486     0.0040309182    -0.0003444391
    0.0027667174    -0.0061755570    -0.0146477397
   -0.0001001310     0.0030997954     0.0016062381
   -0.0027722697     0.0011386179     0.0059442992
    0.0081730990    -0.0223782546    -0.0078193302
   -0.0140372062     0.0039498801     0.0010062677
    0.0105180388     0.0039088489    -0.0017012755
    0.0022213090     0.0002893873     0.0038268366
   -0.0007592380    -0.0008659039    -0.0017205040
   -0.0015886022     0.0001704321    -0.0013386341
   -0.0099578877    -0.0019152094     0.0026252740
    0.0150511083    -0.0059016291     0.0078142109
   -0.0028138164     0.0120883434    -0.0133534064
   -0.0233678657    -0.0248209661    -0.0248226450
    0.0286071559     0.0096155481     0.0327166996
   -0.0023921483     0.0157017565    -0.0021936239
   -0.0101647423     0.0164507417    -0.0392318124
   -0.0075020507    -0.0057443606     0.0189967084
    0.0205855447    -0.0125375317     0.0151236392
    0.0010745315    -0.0002183718     0.0209798438
    0.0307408062     0.0118455159    -0.0009711027
   -0.0233951582    -0.0207781646    -0.0143274288
   -0.0021597873    -0.0007632923    -0.0020527588
    0.0014846377     0.0002843413     0.0012642734
    0.0011257717     0.0004401492     0.0015356978
   -0.0027017548    -0.0084687889     0.0087837057
    0.0112579192     0.0101852991    -0.0032914518
   -0.0163953881     0.0011107364     0.0005660789
   -0.0152635640     0.0051444163     0.0051714117
    0.0000585366     0.0025496986    -0.0113326996
    0.0102771922    -0.0015349762     0.0131293420
    0.0388941226     0.0151639358    -0.0046923781
   -0.0162293085    -0.0096119567    -0.0095101614
   -0.0333910359    -0.0034308636     0.0113755200
    0.0178053632    -0.0425533480    -0.0103135549
   -0.0138679263     0.0132295515     0.0072775688
    0.0054503960     0.0329375302    -0.0005273194
    0.0001401605    -0.0006513765    -0.0002559391
   -0.0000429702     0.0006870297    -0.0000435882
   -0.0000943569    -0.0000229798     0.0003006328
    0.0064498238    -0.0210533335    -0.0474953472
    0.0012675784     0.0046264882     0.0138315670
   -0.0058042254     0.0133677717     0.0357162905
   -0.0140940259     0.0285535190     0.0065697483
    0.0304292613    -0.0164047138    -0.0220883311
   -0.0178661871    -0.0185345291     0.0163056461
    0.0154013373     0.0544055492    -0.0058089868
   -0.0152159638    -0.0143601239    -0.0045172130
    0.0023493159    -0.0393191342     0.0128948991
   -0.0530727534     0.0027199903    -0.0079091432
   -0.0009969048    -0.0047261524     0.0038301143
    0.0589647223     0.0024948162     0.0020531678
   -0.0096380423     0.0030993363    -0.0063428580
    0.0050925930     0.0040677175     0.0130483086
    0.0092055465    -0.0168737089    -0.0043917462
   -0.0103857323    -0.0161931275     0.0018864483
   -0.0019505855     0.0075114018    -0.0079268231
    0.0089853077     0.0064138820     0.0038450855
    0.0113891548     0.0027867999     0.0095167368
   -0.0083920296     0.0078174612    -0.0104631354
    0.0015326592    -0.0093962860    -0.0024113813
    0.0411039583    -0.0348051057    -0.0200150470
   -0.0075106677     0.0217874475    -0.0066515832
   -0.0331102184     0.0189634591     0.0232685241
    0.0197365598     0.0108697724     0.0300142753
   -0.0159989810    -0.0164196167    -0.0088779558
   -0.0008589601     0.0090458205    -0.0176027349
   -0.0185743848    -0.0247315852     0.0348618077
    0.0141900681     0.0197285021    -0.0253182790
    0.0003162820     0.0067647184    -0.0080264225
    0.0489158320     0.0099113944    -0.0247283315
   -0.0074016818    -0.0157668792    -0.0019048661
   -0.0360654070     0.0012024145     0.0219215569
    0.0142599826     0.0128375503    -0.0210332898
   -0.0137310495    -0.0025586491     0.0177256748
    0.0003056005    -0.0056172410     0.0000400221
   -0.0182702382    -0.0104147110    -0.0337405102
   -0.0004502244    -0.0474715430     0.0118904116
    0.0181520126     0.0589088416     0.0258367979
    0.0175879135    -0.0061083747    -0.0068835203
   -0.0049295849     0.0020286061     0.0105077010
   -0.0194648320    -0.0033752699    -0.0023368676
   -0.0010004286    -0.0115468078    -0.0104259997
   -0.0082139214     0.0010018204     0.0009345110
    0.0079591850     0.0075864887     0.0055359684
    0.0116529170    -0.0000014483     0.0079915819
   -0.0006986466    -0.0023093637    -0.0043869916
   -0.0121838528    -0.0004631012    -0.0026887265
   -0.0795772763     0.0109960039     0.0107415847
    0.0334521704     0.0017858866    -0.0018833119
    0.0082609481    -0.0127755134    -0.0058729139
    0.0009067930     0.0013058959     0.0000001671
   -0.0004655610    -0.0010382245    -0.0000835485
   -0.0004606253    -0.0005996426     0.0000011722
   -0.0001335726     0.0014246695    -0.0006671703
    0.0000137658    -0.0002741116     0.0001690505
   -0.0000216398    -0.0009851071     0.0005487378
    0.0092327949     0.0319853414    -0.0218946369
   -0.0060034387    -0.0056311151     0.0020943666
   -0.0062506313    -0.0260289062     0.0184796997
   -0.0188172303    -0.0002419502     0.0096768428
    0.0049130596     0.0033337589    -0.0163955262
    0.0066003237    -0.0035581044     0.0107286581
   -0.0392682359     0.0267198041    -0.0078976357
    0.0216523460    -0.0197217755     0.0120770105
    0.0164920642    -0.0073710197    -0.0090732046
    0.0084269101     0.0639237226     0.0003766879
    0.0189004249    -0.0382089604    -0.0168602063
   -0.0256476744    -0.0331082516     0.0110817998
   -0.0237669343     0.0025437625    -0.0116738244
    0.0027258833     0.0031402999     0.0048396917
    0.0133865192     0.0007451643     0.0042565847
    0.0249656939    -0.0009896923    -0.0053359777
   -0.0021488033     0.0068270657     0.0071996661
   -0.0233179848    -0.0062048133    -0.0011481540
   -0.0046453422     0.0056098658    -0.0054881495
   -0.0009786776    -0.0043096310     0.0046033543
    0.0087565146    -0.0035516941     0.0045078383
    0.0000990241     0.0065130890    -0.0062788211
   -0.0102518885    -0.0035801375     0.0000600546
    0.0052429280    -0.0012136394     0.0023198124
   -0.0182383194     0.0139467610    -0.0154161409
    0.0046624998     0.0012469706     0.0043082316
    0.0062629566    -0.0144629085    -0.0017758950
    0.0013106833    -0.0016868307    -0.0032554267
    0.0002865744     0.0011489421     0.0019868524
   -0.0008606008     0.0002498636     0.0012938971
    0.0176229572     0.0341736549     0.0222778594
   -0.0147608411    -0.0187295381    -0.0125231974
    0.0018310589    -0.0154497157    -0.0124885546
    0.0239695853    -0.0126841378     0.0133402575
   -0.0064990824    -0.0072798051    -0.0024810030
   -0.0130666043     0.0126765807    -0.0204482386
    0.0491077100    -0.0069935355     0.0098648321
   -0.0144487136    -0.0044610304    -0.0180955148
   -0.0402840311     0.0134262863     0.0121705072
    0.0095343346    -0.0097627344     0.0049228935
   -0.0057698891     0.0092813568     0.0061195218
   -0.0034487205     0.0011447714    -0.0086360308
    0.0223447620     0.0261224707     0.0325342318
   -0.0133513713    -0.0160394596    -0.0306679400
   -0.0016492122    -0.0084129057    -0.0029295809
   -0.0001139979     0.0236164788    -0.0233802947
    0.0095672784    -0.0073863379     0.0125087740
    0.0041102594    -0.0101057355     0.0094324165
    0.0068675842    -0.0220652446    -0.0145434662
   -0.0187135174     0.0061467200     0.0100665305
    0.0065711157     0.0115265146     0.0027450111
   -0.0077434307     0.0075440686    -0.0141333697
    0.0121335121    -0.0018288944     0.0033964647
    0.0003309313    -0.0050218066     0.0108885177
   -0.0284458910     0.0391293320     0.0759907804
    0.0466034943    -0.0060936451    -0.0527096372
   -0.0167278840    -0.0401267971    -0.0221148628
    0.0129095192    -0.0004966191     0.0073699165
   -0.0104944920    -0.0058790412    -0.0118259881
    0.0026104556     0.0040898281     0.0022202170
    0.0544399468    -0.0019783635    -0.0044528329
    0.0065523262     0.0081718314     0.0089544832
   -0.0520185817    -0.0137632033    -0.0037692626
   -0.0272440968    -0.0109721396     0.0145793847
    0.0027866017    -0.0021385445     0.0018484730
    0.0215730065     0.0150923720    -0.0171958750
   -0.0272839628     0.0070624830     0.0211496669
    0.0101096551    -0.0047868805    -0.0054160519
    0.0159900323     0.0028893179    -0.0133055032
    0.0119028020     0.0130056667     0.0125235819
   -0.0085625153    -0.0052786680    -0.0040617788
   -0.0031608259    -0.0088572436    -0.0075137797
   -0.0077785172    -0.0065709074     0.0017108842
    0.0077760664     0.0079544164    -0.0003278470
    0.0019620800     0.0035723694     0.0024127545
   -0.0134818776     0.0102679778    -0.0635343896
   -0.0027702330    -0.0168312470     0.0522283638
    0.0125291994     0.0091564704     0.0094584380
   -0.0049804619    -0.0059470967     0.0114928820
    0.0010882383     0.0040738728    -0.0063074935
   -0.0067230950     0.0102833852     0.0008635433
   -0.0017490723     0.0047429389     0.0075060506
   -0.0000887169    -0.0018301175    -0.0017100282
    0.0013721596    -0.0006441473    -0.0016467199
   -0.0059035253    -0.0064124058    -0.0339524507
   -0.0038833655    -0.0076103860     0.0020112308
   -0.0003257871     0.0059127965     0.0233909548
   -0.0021563023     0.0219456490     0.0063703813
    0.0075873680     0.0003085781    -0.0113235859
   -0.0018473786    -0.0206346225     0.0081431870
    0.0021923142     0.0051713592    -0.0024492904
   -0.0032447762     0.0005498004     0.0005848076
   -0.0022113821    -0.0031095762     0.0013953715
    0.0180033146    -0.0066706489    -0.0338679721
   -0.0086926919     0.0036805174     0.0217903942
   -0.0114493387    -0.0014073940     0.0114074901
    0.0028398943     0.0049122345     0.0038797231
   -0.0028876139    -0.0010224224    -0.0043702385
   -0.0006368790    -0.0002385086     0.0020901429
    0.0175765369     0.0134303941    -0.0095597843
   -0.0094777004    -0.0098848045     0.0083823893
   -0.0084015426    -0.0007979386     0.0020978256
    0.0083462757     0.0182526223    -0.0049056082
   -0.0012007291    -0.0041111280    -0.0014484167
    0.0031564197    -0.0169491788     0.0204114104
    0.0077212215     0.0234253209     0.0375750315
   -0.0179380578    -0.0214028226    -0.0200776631
    0.0011341757    -0.0048609507    -0.0136494968
    0.0057475522    -0.0062704034     0.0219818578
    0.0162470822    -0.0045374045     0.0021180037
   -0.0208433646     0.0139358310    -0.0223637323
    0.0119764187     0.0319109712     0.0353620676
   -0.0042076752    -0.0034376504    -0.0065307643
   -0.0091567329    -0.0292654826    -0.0292877204
   -0.0074857118     0.0090007292    -0.0066104155
    0.0044234212    -0.0144577576     0.0032312642
    0.0001838908     0.0011064158     0.0004496202
   -0.0018043541    -0.0025600249    -0.0031749149
    0.0007369663     0.0015861790     0.0006853497
    0.0010388969     0.0013928618     0.0024586999
    0.0194603418    -0.0066999966    -0.0244519728
    0.0193375526    -0.0119138724     0.0082036216
   -0.0278769843     0.0124906872     0.0193834040
   -0.0014337611    -0.0017630267     0.0011459577
    0.0009189841     0.0019726806    -0.0014985688
    0.0010883347     0.0005070377    -0.0002671871
   -0.0097257036    -0.0031765433    -0.0017465018
    0.0075211070     0.0033236819     0.0012852696
    0.0044381842     0.0024815450     0.0021539238
    0.0207091095    -0.0231845353     0.0381157027
   -0.0073973643     0.0046473868     0.0077617201
   -0.0160396985     0.0169383425    -0.0341402383
   -0.0259302184    -0.0253071846    -0.0326726903
    0.0104997715    -0.0050031012     0.0220119119
    0.0134222492     0.0244188032     0.0051033054
    0.0039264217     0.0103239761     0.0280232540
   -0.0006599305     0.0017178765    -0.0126864188
    0.0021380534    -0.0093000644    -0.0095187691
    0.0000720073    -0.0030286984     0.0070498396
    0.0082418888     0.0005960983     0.0067000256
   -0.0053834370     0.0007013570    -0.0162988116
    0.0020882742    -0.0000877949     0.0013811306
   -0.0009149861    -0.0002010525    -0.0007503094
   -0.0011792174     0.0002059419    -0.0004698584
   -0.0090625272    -0.0206546257     0.0308484168
    0.0051165757     0.0028844630    -0.0308637480
    0.0022628465     0.0167738922    -0.0024038544
    0.0001630954    -0.0015383353     0.0002275745
   -0.0003345068     0.0004290737     0.0002370922
    0.0001666419     0.0012431927    -0.0004068669
    0.0201505639     0.0049669798    -0.0128189479
   -0.0128347771    -0.0033696640    -0.0155085287
   -0.0088843366     0.0026823521     0.0299611475
    0.0000331500     0.0008885917    -0.0002065703
    0.0000385388    -0.0001060096     0.0000785729
   -0.0001029849    -0.0006239757     0.0001907598
    0.0048655066     0.0256965436    -0.0225865995
   -0.0082633555    -0.0059698678     0.0011396764
    0.0026443492    -0.0169889157     0.0218049881
    0.0318844909    -0.0156232759    -0.0098854815
   -0.0041904435     0.0022262495     0.0041672766
   -0.0267900596     0.0145452903     0.0073055079
    0.0370312565    -0.0288900240    -0.0039774518
   -0.0194186067     0.0068347898     0.0126243360
   -0.0196071895     0.0245419517    -0.0056459353
   -0.0052811549     0.0075316604    -0.0199970592
    0.0023650408    -0.0096512783     0.0102226938
    0.0061669773     0.0016907501     0.0069043697
   -0.0254095724     0.0101285497     0.0004580155
    0.0027266136    -0.0034296301    -0.0016890463
    0.0232958055    -0.0095206952     0.0006592166
   -0.0236624945    -0.0058158664    -0.0230697171
    0.0258564073     0.0073611768     0.0052771966
    0.0004549195     0.0016397287     0.0236652390
   -0.0061355210    -0.0003336224     0.0068759559
    0.0050212333    -0.0057587755    -0.0062363077
   -0.0019651423     0.0021851208    -0.0030643885
    0.0356243127    -0.0112428695    -0.0408774744
   -0.0337368411     0.0220564271     0.0317671523
   -0.0025986409    -0.0104819084     0.0063848056
    0.0306924794    -0.0301245625     0.0431385612
   -0.0069182729     0.0063193282     0.0003965526
   -0.0193382317     0.0217175463    -0.0462661430
    0.0018401309     0.0131137501    -0.0041145421
    0.0022738537     0.0038463963     0.0062520081
   -0.0044156285    -0.0052540733     0.0032739180
   -0.0075369991    -0.0175363201     0.0067709118
   -0.0074107850    -0.0092491651     0.0030965250
    0.0142279925     0.0231842444    -0.0120367078
    0.0098896544     0.0182582440    -0.0047375415
   -0.0014529045     0.0026522136    -0.0060838477
    0.0040821084    -0.0054896443     0.0044376953
    0.0162732287     0.0168652270    -0.0146658931
   -0.0148768835    -0.0005211460     0.0161026666
   -0.0014496864    -0.0120480375    -0.0001014326
    0.0050649230     0.0018746157     0.0046314805
   -0.0130727457    -0.0046690650    -0.0112887847
    0.0025518218    -0.0028127299     0.0058818740
    0.0112875340    -0.0242459354    -0.0002246947
   -0.0009791340     0.0049457507    -0.0004874771
   -0.0123243846     0.0116127042     0.0010147213
    0.0034238412     0.0148990638     0.0060994017
    0.0033537725    -0.0124786162    -0.0130039264
   -0.0112736748    -0.0033030342     0.0061603398
    0.0111425216    -0.0257958801     0.0113286706
   -0.0118297784     0.0211263938    -0.0129029739
   -0.0026125491     0.0012823487     0.0012865249
   -0.0102753026    -0.0192916840    -0.0122292805
   -0.0015450504    -0.0130926627     0.0018329029
    0.0041730177     0.0279197706     0.0025374575
    0.0041342551     0.0181917667     0.0003988956
   -0.0049467440    -0.0013068122    -0.0091443598
   -0.0086208096    -0.0116414030     0.0031043430
    0.0049831637    -0.0096556198     0.0139730116
    0.0031395764    -0.0094425726    -0.0130068308
   -0.0015163494     0.0152939820    -0.0040321597
   -0.0296306307    -0.0130079323     0.0003837627
   -0.0023789671    -0.0002590963     0.0013047259
    0.0291044768     0.0083582777    -0.0055309984
    0.0044882585    -0.0065109499     0.0055543570
    0.0015948798     0.0033173420    -0.0081842567
   -0.0056371666     0.0051599617     0.0051003837
   -0.0211664558    -0.0357520467     0.0137059232
    0.0127747528     0.0056198448    -0.0063396941
    0.0045253950     0.0309638945    -0.0069411219
   -0.0253287313    -0.0002855068     0.0011501075
   -0.0006036714     0.0022980166    -0.0090167564
    0.0216673502    -0.0021961175     0.0027359075
   -0.0326618355    -0.0202874431     0.0258183599
    0.0085647248    -0.0048482737    -0.0180700888
    0.0235649120     0.0170646616    -0.0075535556
    0.0169393750    -0.0087809678     0.0213959980
   -0.0011841158    -0.0048475659    -0.0035400305
   -0.0099156012     0.0125057199    -0.0107813940
   -0.0004471724     0.0001962288    -0.0013570947
    0.0001878905    -0.0000602173     0.0008051595
    0.0000783023     0.0000248177     0.0003424209
   -0.0218838242     0.0256057827    -0.0362334628
   -0.0013131736    -0.0087979609     0.0008606203
    0.0232183073    -0.0099984234     0.0143180367
    0.0319321435     0.0372958546    -0.0142827129
   -0.0072279321    -0.0495194947    -0.0039805703
   -0.0225626236     0.0037419731     0.0179563587
   -0.0319700454    -0.0074416511     0.0513314665
    0.0073803700     0.0088042878    -0.0061554617
    0.0220925631    -0.0013383047    -0.0356439955
    0.0143506835    -0.0094764617    -0.0087711623
    0.0065073423     0.0011860349     0.0029689094
   -0.0178691630     0.0054907302     0.0024065155
   -0.0406546160    -0.0092840948     0.0132801307
    0.0182577314     0.0114767405    -0.0366416004
    0.0174425663    -0.0029607291     0.0312804204
   -0.0229917938     0.0108041591     0.0307656684
    0.0010585304    -0.0177985535    -0.0118885699
    0.0249850306     0.0100083461    -0.0221326944
   -0.0106425242     0.0021375210     0.0469576169
    0.0126540027     0.0122152901    -0.0166191741
    0.0034800834    -0.0132425224    -0.0236597880
    0.0293092059     0.0093843877     0.0071050487
   -0.0251335930     0.0038619292    -0.0024418275
   -0.0037933221    -0.0145976158    -0.0074118178
    0.0008402128    -0.0012909250    -0.0005843680
   -0.0002903429     0.0007891940     0.0007884156
   -0.0007022000     0.0009182967    -0.0000890883
   -0.0128379284    -0.0005573060    -0.0198023617
   -0.0024697324    -0.0020242280     0.0220386037
    0.0120136723    -0.0016167982    -0.0061974109
    0.0090179917    -0.0058055159     0.0004762848
   -0.0082150489     0.0128867774     0.0100470980
    0.0056829683    -0.0106749254    -0.0070054641
    0.0017041013     0.0025421738    -0.0001026499
   -0.0007927135    -0.0011119042     0.0004079291
   -0.0011205638    -0.0012186436    -0.0002012039
   -0.0266396547    -0.0276410206    -0.0185827873
   -0.0018114804     0.0003352619     0.0034309501
    0.0137177701     0.0157141946     0.0153312046
   -0.0165916921    -0.0168066323    -0.0204913625
   -0.0022052681    -0.0033075452    -0.0081647614
    0.0159288718     0.0141488017     0.0115079485
    0.0048251848     0.0219393800    -0.0204536899
   -0.0060438440    -0.0179913985     0.0158241689
    0.0004781258     0.0011513702     0.0031339683
    0.0299682476    -0.0488245528    -0.0163515625
    0.0037454664     0.0247812682     0.0202668259
   -0.0261201054     0.0245327288    -0.0004450311
    0.0138281829     0.0090769271    -0.0156203176
   -0.0027828385     0.0009774067     0.0052752238
   -0.0057557796    -0.0045630220     0.0075692275
   -0.0162837795    -0.0143432106    -0.0108249889
   -0.0033866835    -0.0122370909     0.0009774390
    0.0114089368     0.0250554898     0.0130325945
    0.0148470764     0.0201098795    -0.0184029287
   -0.0009190263    -0.0191627322     0.0155001300
   -0.0135105100     0.0017673117     0.0014230873
    0.0241562204    -0.0298863376     0.0084906605
    0.0008370827    -0.0084351016     0.0060553838
   -0.0269985888     0.0361016183    -0.0086972948
    0.0244554773     0.0108347090     0.0168922528
   -0.0112664616     0.0099269461    -0.0063125253
   -0.0169454601    -0.0218785850    -0.0145877401
    0.0122902426    -0.0192271684     0.0053315992
   -0.0006605756     0.0005716947    -0.0062529641
   -0.0149716184     0.0113944134    -0.0015356928
   -0.0002183097     0.0000057880    -0.0003248291
    0.0000724130    -0.0001795125     0.0002366945
    0.0001744670     0.0000310934     0.0001307937
   -0.0013086122     0.0000204304    -0.0008210878
    0.0010140805    -0.0003469449     0.0003762133
    0.0007348346     0.0001638956     0.0003477880
    0.0104308212     0.0085534068     0.0255461223
   -0.0056761579     0.0059155046    -0.0264480408
   -0.0102531048    -0.0090023570    -0.0070108430
    0.0144861856    -0.0318384101    -0.0126659446
    0.0072694270     0.0088414501     0.0130844448
   -0.0164027575     0.0218063566    -0.0090221104
   -0.0147163365    -0.0077806110    -0.0050266044
    0.0030773220     0.0010929030     0.0009070823
    0.0110325579     0.0079372667     0.0051498615
   -0.0054882020    -0.0021737949     0.0153586568
   -0.0054807660     0.0064838368    -0.0042346543
    0.0045240605     0.0000393214    -0.0114509752
    0.0486950471    -0.0520575481    -0.0040162896
   -0.0233985582     0.0490324451     0.0060179897
   -0.0201201121     0.0008214584    -0.0043431906
   -0.0136236720     0.0212435841     0.0324989179
   -0.0042992948    -0.0128992635    -0.0340078764
    0.0140304948    -0.0043991404     0.0076059961
   -0.0115864861    -0.0432090041     0.0104383249
    0.0073594495     0.0386991183    -0.0058910819
    0.0021256489     0.0091172355    -0.0023475643
   -0.0332965006    -0.0146828592    -0.0288670222
    0.0391856598     0.0177145358     0.0343096113
   -0.0053927629    -0.0031236082    -0.0083859943
    0.0011583506    -0.0017659798    -0.0158101156
   -0.0039236488     0.0052834927     0.0106565877
    0.0040761207    -0.0039672038     0.0055027503
   -0.0033688649     0.0020612840    -0.0005471816
    0.0022618528    -0.0041305819    -0.0023594959
    0.0018895660    -0.0005601361    -0.0004156895
   -0.0450244077    -0.0075235082    -0.0275834863
    0.0321004081    -0.0097861307     0.0191989928
    0.0108610652     0.0150412123     0.0125034618
   -0.0047540983     0.0376328884    -0.0018696767
    0.0003470427    -0.0326556799     0.0074272477
   -0.0004997986    -0.0024709006    -0.0012705948
   -0.0016144830     0.0114175753    -0.0097415314
   -0.0062006274    -0.0042261161     0.0219997917
   -0.0041023122    -0.0024434092    -0.0009169324
    0.0082445091     0.0004849631     0.0489932494
   -0.0229844434    -0.0107160796    -0.0376626792
    0.0161237046     0.0099815151    -0.0152424176
    0.0018299197     0.0148326638     0.0003461522
   -0.0015835841    -0.0109606055    -0.0020158475
    0.0059505930    -0.0111208165     0.0077190548
   -0.0448904230     0.0126831212    -0.0007182308
    0.0335784623    -0.0061774655    -0.0005468183
    0.0028215404    -0.0059342828     0.0017883708
    0.0195541720     0.0005720725    -0.0008974147
   -0.0112090368    -0.0014254317     0.0050565467
   -0.0064934744    -0.0010575568    -0.0035537185
    0.0180657095     0.0450023879    -0.0062843217
   -0.0223795507    -0.0317496163     0.0036931732
    0.0075485090    -0.0160098714     0.0034956837
    0.0038273960    -0.0285147997     0.0029260318
   -0.0044943970     0.0159878200     0.0048955716
    0.0019307339     0.0104726079    -0.0067217306
   -0.0605541913    -0.0197711651     0.0358281141
    0.0468105244     0.0214813856    -0.0388860339
    0.0191007461    -0.0046924349     0.0062042463
    0.0160275530    -0.0055905533    -0.0166770295
   -0.0053179659     0.0013653618     0.0081495715
   -0.0051582674     0.0039005506     0.0055327010
   -0.0221451838    -0.0024766448    -0.0742372309
   -0.0006505366     0.0089776831     0.0619662201
    0.0213545429    -0.0047049556     0.0102364420
   -0.0017326209    -0.0033291865    -0.0013262397
    0.0064549749    -0.0007965419    -0.0043254628
    0.0005182607    -0.0002515256    -0.0007797345
   -0.0043171774    -0.0007914019     0.0164085944
    0.0024507398     0.0030856443    -0.0182374657
    0.0042586618    -0.0026804588    -0.0013788046
    0.0142062149     0.0029438159     0.0110178489
   -0.0028158930     0.0013885627    -0.0052450738
   -0.0052604002    -0.0006629475     0.0014122972
    0.0231574625     0.0453942665    -0.0005194975
   -0.0064863208     0.0044574583    -0.0011062673
   -0.0084049054    -0.0512206071     0.0037252123
    0.0189250566    -0.0081291635     0.0126031428
   -0.0023743355     0.0016577720     0.0002002121
   -0.0222977344     0.0095177274    -0.0210966371
    0.0053078226     0.0094416249    -0.0413384286
    0.0047222854    -0.0019637026     0.0372995173
   -0.0148522658    -0.0060529818     0.0047480224
   -0.0122778283    -0.0187880288     0.0192486841
   -0.0011340201    -0.0006249378    -0.0133373169
    0.0041279106     0.0019655301     0.0055966034
   -0.0539809181    -0.0012677387     0.0262566057
    0.0134173150     0.0171381857    -0.0003138308
    0.0407578372    -0.0091252051    -0.0274350528
    0.0054687195    -0.0066148525    -0.0611829824
   -0.0139837314     0.0087571529     0.0258254080
    0.0114607431     0.0027918369     0.0304994791
    0.0089227577     0.0092287264     0.0068100855
   -0.0046652656     0.0023774721    -0.0080509005
    0.0002398339    -0.0134251113    -0.0025712557
   -0.0108032321     0.0056510858    -0.0039298513
    0.0102445743     0.0003659456     0.0004272499
    0.0001469754    -0.0015330199     0.0031130379
   -0.0055810241     0.0046042816     0.0059674975
    0.0026045332    -0.0011188497    -0.0092379388
    0.0039266923    -0.0049838441    -0.0006761264
   -0.0083255377    -0.0064673910    -0.0060304886
    0.0052871571     0.0043767415     0.0043701779
    0.0006617700     0.0013530924     0.0002574215
    0.0167559892     0.0176787861    -0.0153784577
   -0.0116323450     0.0063520885    -0.0125014477
    0.0051278435    -0.0200119733     0.0337276281
    0.0034787060     0.0044604053    -0.0140535588
   -0.0108347790     0.0157142927    -0.0074129913
    0.0059870646    -0.0173046915     0.0216697524
   -0.0147488397    -0.0139699247    -0.0843719440
    0.0304252982    -0.0031496829     0.0592555139
   -0.0171907291     0.0215817567     0.0245917563
   -0.0023416172    -0.0060133303     0.0046889006
    0.0034559377     0.0087352794    -0.0067145994
    0.0014456211     0.0016042410    -0.0011961633
   -0.0157759206    -0.0310735960     0.0207020319
    0.0099237722     0.0172862195    -0.0189533149
   -0.0024696752     0.0127053721    -0.0032897260
    0.0110616273    -0.0049606937     0.0428386970
   -0.0090009419     0.0144085495    -0.0106218592
   -0.0049305175    -0.0051875303    -0.0300906408
   -0.0128435619    -0.0171244713    -0.0096686364
    0.0035678234     0.0067560080     0.0060318329
    0.0092056869     0.0059811962     0.0054569171
   -0.0155015106     0.0131361025    -0.0063809718
    0.0146022660     0.0001382334     0.0010438439
   -0.0051232029    -0.0008712248     0.0058895187
   -0.0003625382     0.0025434946    -0.0004922029
   -0.0001001389    -0.0015809394     0.0001540193
    0.0001613292    -0.0010505912    -0.0000365265
   -0.0007911501    -0.0228600188    -0.0051011246
   -0.0027283090     0.0176169118    -0.0125117943
    0.0043318212    -0.0011966095     0.0100368459
   -0.0036938522     0.0004592836    -0.0019661140
    0.0054780604    -0.0027442390     0.0015989105
   -0.0003932052     0.0049046524    -0.0036647259
    0.0117520882     0.0112865991     0.0218762413
   -0.0111304259    -0.0097337604    -0.0166665216
   -0.0010350573    -0.0000674307    -0.0047066677
    0.0142910665    -0.0192103333    -0.0106434855
    0.0034484248     0.0115164225     0.0061905469
   -0.0152761221     0.0068479374     0.0016255347
   -0.0033291937     0.0040468565     0.0127196946
    0.0067354700    -0.0002087242    -0.0107550780
    0.0034832716    -0.0128808430    -0.0010977888
    0.0104542770    -0.0221645879     0.0123013446
    0.0034804803    -0.0031752716     0.0056267241
   -0.0121598533     0.0240702097    -0.0153895585
   -0.0018428036    -0.0008650129    -0.0026872716
    0.0007894487     0.0005676152     0.0006987923
    0.0012545444     0.0010095264     0.0015783508
   -0.0006819374     0.0020807852     0.0001779942
    0.0007315452    -0.0024018724    -0.0003013409
    0.0002940577    -0.0008518133    -0.0001382566
   -0.0245940939     0.0144789021    -0.0009176555
    0.0275727292    -0.0058105361    -0.0003774634
    0.0003032324    -0.0063275661     0.0034178313
   -0.0000556981     0.0334844855     0.0228103321
   -0.0031553512    -0.0041496596    -0.0311536010
    0.0072547730    -0.0284946608     0.0157172640
    0.0108867095    -0.0242707563    -0.0088915798
   -0.0082471834     0.0183391746     0.0033720465
   -0.0035737680     0.0058032747     0.0032802241
   -0.0239598695    -0.0235840895     0.0325347413
   -0.0003248038     0.0039020480     0.0005141110
    0.0191572823     0.0159824421    -0.0272684025
    0.0559754274     0.0180230959    -0.0074159952
   -0.0097979887     0.0152608863     0.0042603790
   -0.0494458846    -0.0308625503     0.0041799417
   -0.0114982941    -0.0052579348    -0.0297214758
    0.0090613820     0.0092433255     0.0222236359
    0.0023302280     0.0006659279     0.0067801343
    0.0086669029     0.0394562495     0.0154271028
   -0.0212275100     0.0010125221     0.0000243755
    0.0192606187    -0.0497482796    -0.0191085277
    0.0035707434    -0.0170195143     0.0194240637
   -0.0125654100     0.0087138600     0.0008098116
    0.0070190300     0.0064856206    -0.0197438527
   -0.0182117867    -0.0230441014     0.0075832501
   -0.0016573377     0.0029140796    -0.0009896416
    0.0153134720     0.0191708904    -0.0103753572
    0.0230836534     0.0314935414     0.0316653337
    0.0195024555    -0.0276299938    -0.0044259380
   -0.0468832880    -0.0035094172    -0.0232708329
   -0.0007400110     0.0350478797    -0.0020248170
    0.0073739768    -0.0134963869     0.0048076821
   -0.0069787122    -0.0275658983    -0.0013037635
   -0.0011937301     0.0125722125    -0.0136184295
    0.0053567415     0.0085248613     0.0068586654
   -0.0063387734    -0.0199926522    -0.0006181095
   -0.0294805702    -0.0203801847     0.0079454722
    0.0278938481     0.0236026903     0.0003483209
    0.0014228913     0.0015122763    -0.0111198967
    0.0011084419    -0.0036028439     0.0004071462
   -0.0007101796     0.0017561657    -0.0009777816
   -0.0002044673     0.0009215481     0.0001910436
   -0.0024304316     0.0195548385    -0.0081840898
    0.0100391437    -0.0177514489    -0.0016728267
   -0.0058767413    -0.0062764682     0.0088306748
   -0.0324342382    -0.0215199348     0.0057040763
    0.0177887876     0.0240574813    -0.0055480699
    0.0087036716     0.0007162831     0.0009665761
    0.0279060227     0.0396433197    -0.0129878929
   -0.0181142650    -0.0328929501     0.0121399428
   -0.0099736897    -0.0139312744    -0.0017826856
   -0.0503594468     0.0493323785    -0.0174585058
    0.0063171704    -0.0087591563    -0.0083705483
    0.0478789850    -0.0418016715     0.0235082128
   -0.0006790454     0.0084948701     0.0029571388
    0.0051055516    -0.0086525798    -0.0032745635
    0.0005025875     0.0006466563     0.0014896990
    0.0063828160    -0.0181965550     0.0178319924
   -0.0105215265     0.0192138703    -0.0076365922
   -0.0019045699     0.0018350104    -0.0062150256
    0.0088668412     0.0047418130     0.0146650982
   -0.0027536929    -0.0007263594    -0.0013716417
   -0.0094238355    -0.0103799584    -0.0202109224
   -0.0058766477    -0.0072186131     0.0023216305
    0.0123024553    -0.0066464007    -0.0043997819
    0.0004982540     0.0077134794     0.0050389825
   -0.0226063818    -0.0318803856     0.0050118501
    0.0239350926     0.0234912258    -0.0092775378
   -0.0014633397     0.0067224989     0.0073358013
    0.0326644699    -0.0096161829    -0.0196053509
   -0.0037355856     0.0103194641    -0.0061611523
   -0.0233149937    -0.0029580934     0.0170635779
   -0.0058407539     0.0311554099    -0.0337649840
    0.0043355367    -0.0216399241     0.0251893018
    0.0046320665     0.0053717716     0.0093785222
   -0.0178539604     0.0145991185    -0.0260292869
    0.0199260879    -0.0002921709     0.0158841522
    0.0028662154    -0.0122054016     0.0092509470
   -0.0004881641    -0.0125118870     0.0097583455
    0.0079364072     0.0017387525    -0.0008896445
   -0.0049443037     0.0082751601    -0.0054839297
   -0.0296303025     0.0238700043     0.0299686049
    0.0150566185     0.0032422916    -0.0293678386
    0.0171456895    -0.0295671936    -0.0043544602
    0.0009308692    -0.0022378842     0.0018324863
   -0.0005114480     0.0008219915    -0.0006544031
   -0.0003494263     0.0007996995    -0.0010288732
    0.0228721506    -0.0040082155     0.0046308132
   -0.0181543873     0.0025191582    -0.0029538827
   -0.0039615934     0.0007085165    -0.0032342248
    0.0032394126     0.0021342917     0.0011205646
    0.0053330278    -0.0019988317     0.0008244104
   -0.0079405321    -0.0026235281    -0.0024637064
    0.0104221769    -0.0239992334    -0.0116077602
    0.0072631307     0.0092735692     0.0001794678
   -0.0170926478     0.0196737884     0.0094825717
    0.0040855347    -0.0031088667     0.0020373285
   -0.0038328859     0.0020907545    -0.0010323233
   -0.0017697566     0.0024807712    -0.0019357243
   -0.0013995202    -0.0346712307    -0.0037460502
   -0.0082278661    -0.0050961494    -0.0010002675
    0.0076210700     0.0369445500     0.0045093101
   -0.0584358372    -0.0137261949    -0.0067504222
    0.0466808212     0.0174036594     0.0021098385
    0.0142468248    -0.0093338876     0.0034695527
   -0.0025454661     0.0009698704     0.0008351733
    0.0008736063    -0.0005828270    -0.0005539099
    0.0012334415    -0.0004159568    -0.0003892214
    0.0484206503    -0.0187835914     0.0323835597
   -0.0096299190    -0.0002565659    -0.0334811001
   -0.0336408863     0.0198121352    -0.0010782208
    0.0125643083     0.0086769129    -0.0151322057
   -0.0118217768    -0.0164622387     0.0104741697
    0.0003681455     0.0036682742     0.0012041537
   -0.0175304505    -0.0071779692    -0.0298266753
    0.0172638890    -0.0129648054    -0.0004102171
   -0.0006391227     0.0207155335     0.0306146370
   -0.0239121843    -0.0128384931     0.0055740572
    0.0023005769     0.0152553112    -0.0018194284
    0.0142727937     0.0018359744    -0.0012447015
    0.0018661154     0.0024038226    -0.0048365970
    0.0010743178     0.0000797324     0.0067740594
   -0.0013496612    -0.0011934336     0.0018077829
    0.0467677870     0.0245072270     0.0055371171
   -0.0112539497     0.0008673400     0.0149722978
   -0.0295064569    -0.0173583588    -0.0163266632
    0.0011843604     0.0010923344     0.0004458515
   -0.0008885308    -0.0002618061    -0.0002986076
   -0.0004334849    -0.0008666561    -0.0000485461
    0.0190990850    -0.0158282409    -0.0195253995
   -0.0091812019     0.0070997689     0.0179674475
   -0.0078100536     0.0085899933     0.0003282584
    0.0048344701     0.0053241527     0.0151660142
   -0.0043288834    -0.0275504181    -0.0239859689
   -0.0032563973     0.0211773091     0.0110354381
    0.0108249615    -0.0096184793     0.0419875847
    0.0022945000     0.0021546465    -0.0327192745
   -0.0146032918     0.0067467403    -0.0049353330
   -0.0336922599     0.0161700261     0.0037747611
   -0.0095604075    -0.0024095059     0.0049560156
    0.0422644693    -0.0143419342    -0.0106590093
    0.0056059598     0.0226755822    -0.0319720971
    0.0040777394    -0.0275470628     0.0002379076
   -0.0114557896     0.0193493858     0.0302882263
   -0.0103673319    -0.0037582518    -0.0091400040
    0.0025146628    -0.0067790105     0.0042861383
    0.0065824300     0.0089255991     0.0053682868
    0.0034074613     0.0016236208    -0.0004413430
   -0.0027213525    -0.0005578670    -0.0000022708
   -0.0010795364    -0.0004923665     0.0002004833
    0.0070873682     0.0140335893     0.0059644627
   -0.0101866575    -0.0075108802    -0.0105412001
    0.0015116675    -0.0049270866     0.0012524528
   -0.0004298911     0.0013447952     0.0005382867
    0.0003667734    -0.0005499274    -0.0002458421
    0.0000709934    -0.0007385898    -0.0004552943
    0.0054807211    -0.0089169022    -0.0058999206
   -0.0079558157     0.0102368087     0.0045773779
    0.0057660816    -0.0054161224     0.0112155320
   -0.0055774881    -0.0189025533    -0.0080628215
    0.0037824253     0.0073563157     0.0052640106
    0.0095130954     0.0094349694    -0.0028473896
    0.0250708792    -0.0076977609     0.0199311868
    0.0047076669    -0.0022582719    -0.0030354909
   -0.0267149103     0.0084484500    -0.0166837219
    0.0195667999     0.0094794928     0.0283143666
   -0.0107121462    -0.0099908237     0.0048617011
   -0.0066026515    -0.0008699053    -0.0316945252
   -0.0105292311    -0.0390643144    -0.0214744654
   -0.0003551714     0.0064846655     0.0107659022
    0.0044787212     0.0293289692     0.0095462578
    0.0395020162     0.0222649975     0.0064777326
   -0.0368273997    -0.0041184266     0.0081088434
   -0.0065814705    -0.0100081829    -0.0134100887
    0.0044593494     0.0013695910     0.0025972907
   -0.0148432121     0.0069117847    -0.0060319322
    0.0111962562    -0.0055328525     0.0026246378
   -0.0338849538    -0.0024927063     0.0268786522
   -0.0004728099     0.0060416511    -0.0072775180
    0.0262979638    -0.0105306386    -0.0221168961
    0.0213126108     0.0108777490     0.0019074056
    0.0043639966    -0.0107909654    -0.0044963691
   -0.0261709578     0.0023833170     0.0004087384
    0.0101126561     0.0049435207     0.0354906815
    0.0061318723    -0.0107762519    -0.0152074215
   -0.0238501061     0.0063497441    -0.0207980309
    0.0019935795    -0.0015421894    -0.0018664366
   -0.0011977784     0.0009847748     0.0004366509
   -0.0010237930     0.0010395597     0.0019427606
    0.0187390847     0.0159257578    -0.0188187438
   -0.0125347705     0.0054503044     0.0086428364
   -0.0020257298    -0.0241440291     0.0121675862
    0.0336409887    -0.0024707229     0.0074704459
   -0.0176825446     0.0133497952    -0.0044144946
   -0.0163353906    -0.0091025136     0.0025942337
    0.0100317780    -0.0082652715     0.0434803484
   -0.0101339444    -0.0053416557    -0.0058439997
   -0.0029233171     0.0146139482    -0.0376062276
    0.0050014769    -0.0021858683    -0.0011015879
   -0.0019027365     0.0016169849     0.0012577560
   -0.0013351995     0.0006108699     0.0003723707
   -0.0003282819     0.0030781698     0.0227118843
   -0.0028823430     0.0003373178    -0.0123092180
    0.0005508263    -0.0060198778    -0.0006853561
    0.0026579303     0.0040101295     0.0006630454
   -0.0018129498    -0.0022962027     0.0008031987
   -0.0011771298    -0.0013610085    -0.0005582498
   -0.0000332393     0.0000816133    -0.0003605557
    0.0000215440    -0.0000795562     0.0000907225
    0.0001128839    -0.0000229800     0.0002135402
    0.0003215290     0.0010854511     0.0015706270
   -0.0001673173    -0.0004847630    -0.0011946732
   -0.0003952092    -0.0006675309    -0.0006417111
   -0.0116914620    -0.0442906452    -0.0113354209
    0.0202675306     0.0352608696     0.0077159946
   -0.0096574656     0.0083624304     0.0005765487
    0.0102739535    -0.0036242683     0.0009650669
   -0.0004920929     0.0105663882     0.0041697852
   -0.0078296061    -0.0006822885    -0.0043102902
    0.0058549230     0.0088863702     0.0115778677
   -0.0133055313     0.0012640986     0.0069847039
    0.0183399282    -0.0003680870    -0.0078091368
    0.0107501759     0.0119815295     0.0061099549
   -0.0186323222     0.0067906363     0.0038150646
    0.0060995249    -0.0138208827    -0.0067990907
    0.0109592624    -0.0045644197    -0.0240305709
   -0.0046829333     0.0037393629     0.0016739694
   -0.0045523871     0.0055028489     0.0214750543
    0.0120710255     0.0342131513    -0.0258804207
    0.0075893234    -0.0391088195     0.0143404174
   -0.0189222385     0.0086385841     0.0155429855
    0.0089404191    -0.0005401892    -0.0174370688
    0.0011065697     0.0124420654     0.0096178315
   -0.0117933403    -0.0098723850     0.0075172918
   -0.0224554347    -0.0021176483    -0.0336112529
    0.0158422453    -0.0010556806    -0.0003125959
    0.0105405336    -0.0002787841     0.0315241385
    0.0021807254    -0.0083242396     0.0095402372
    0.0125813684     0.0092298723    -0.0021152609
   -0.0077375286     0.0008459236    -0.0028901595
   -0.0111336621     0.0168718077    -0.0203109091
   -0.0039913889     0.0008100775    -0.0029381059
    0.0088519211    -0.0201859101     0.0233454007
   -0.0251661503     0.0415376904    -0.0291142981
    0.0218836258    -0.0249361890     0.0284614811
   -0.0001885703    -0.0205986136    -0.0012769775
   -0.0148641862     0.0024682886     0.0015848055
    0.0027938645    -0.0004406617    -0.0080559470
    0.0152333562    -0.0037590061     0.0052419322
    0.0137345516     0.0151386593    -0.0084307562
   -0.0039340831    -0.0029309962     0.0069659596
   -0.0079706091    -0.0114068317    -0.0026383324
    0.0005755098     0.0015352932     0.0039813032
   -0.0000995584    -0.0002890732    -0.0013116554
   -0.0011538601    -0.0006526018    -0.0034374695
    0.0184798577     0.0106372799     0.0173951448
   -0.0224298253    -0.0085941105    -0.0117217805
    0.0034443130    -0.0033425455    -0.0080766177
    0.0345653670     0.0055295574     0.0386152399
   -0.0282942181     0.0084648694    -0.0461378340
   -0.0039852031    -0.0040584417     0.0032898667
    0.0328492805     0.0304959686     0.0195612274
   -0.0013020814    -0.0046922302    -0.0337355936
   -0.0285884379    -0.0261460825     0.0187040895
   -0.0030808978    -0.0187443375     0.0107250828
    0.0009896162     0.0220297891    -0.0190881831
   -0.0002644568    -0.0039676030     0.0054895001
   -0.0295294640     0.0055229171     0.0044498608
    0.0050444972    -0.0103218237    -0.0018220553
    0.0240870023     0.0020171026    -0.0034679011
    0.0255722649    -0.0153634722     0.0353083427
   -0.0174085689     0.0014051097    -0.0271651358
   -0.0022656126     0.0173109345    -0.0053316580
    0.0233668162     0.0004436659    -0.0176074289
   -0.0160533806    -0.0030329053     0.0065796109
   -0.0040471729    -0.0010837308     0.0020207204
    0.0023703506     0.0032257851    -0.0100444481
    0.0052330169    -0.0085272840     0.0037688020
   -0.0091838689    -0.0001418975     0.0075976966
   -0.0046939166    -0.0541176574     0.0091479804
    0.0036694214     0.0518107618     0.0034546797
   -0.0029527715     0.0021231965    -0.0093864847
   -0.0127256663     0.0083470118    -0.0053296339
    0.0056592157    -0.0036550173     0.0059997484
    0.0094360841    -0.0024145937    -0.0018079044
    0.0287793642     0.0158589560    -0.0173505244
   -0.0078491323    -0.0042353078     0.0133833953
   -0.0267048045    -0.0136234034     0.0028374273
   -0.0046839089     0.0397984950     0.0267299736
    0.0078282001     0.0100892521    -0.0033377980
   -0.0012293219    -0.0502919013    -0.0221121611
    0.0468833280    -0.0309941229    -0.0352580699
   -0.0581929165     0.0241589132     0.0089237422
    0.0093261221    -0.0024546166     0.0260542107
    0.0128001072    -0.0003974321    -0.0377274624
   -0.0087533633     0.0004852798     0.0225380961
   -0.0072712833     0.0016974954     0.0111207688
   -0.0026719687    -0.0130594611    -0.0248797719
   -0.0023431003     0.0072110250     0.0081334412
    0.0033443248     0.0076102243     0.0074155337
   -0.0000192771     0.0000471787    -0.0004702813
    0.0001967058     0.0002545640     0.0000828132
   -0.0001813846    -0.0001775686     0.0002065881
   -0.0085903772    -0.0139796208    -0.0153973923
   -0.0074094949    -0.0030420677     0.0050859005
    0.0120445860     0.0158470147     0.0091491851
    0.0038916845    -0.0226506233    -0.0296089177
   -0.0033513171     0.0126784645     0.0183417988
    0.0022580208    -0.0029739677     0.0029230123
    0.0131997049     0.0145747654    -0.0050504662
   -0.0074695410    -0.0086966005    -0.0001323565
   -0.0028791942    -0.0150689278     0.0082916171
   -0.0627865348    -0.0214961646    -0.0108319837
    0.0152101320     0.0171333169     0.0169677948
    0.0467630775     0.0032091516    -0.0041760252
   -0.0223755082    -0.0051126269    -0.0111900419
    0.0231067503    -0.0089588027    -0.0057901871
   -0.0001583622     0.0083465417     0.0059352235
    0.0028107853     0.0003485438    -0.0012745244
   -0.0014825903     0.0000746357     0.0008807442
   -0.0012305460     0.0000596971     0.0000339287
   -0.0112461213     0.0304712088     0.0001767574
    0.0018748665    -0.0075949303    -0.0067208531
    0.0007128267    -0.0095476011     0.0062306139
    0.0362231360    -0.0024505260     0.0051940451
   -0.0192669688     0.0036182046    -0.0075632561
   -0.0184055357    -0.0016527781     0.0071303623
   -0.0089554007     0.0102773361    -0.0133586951
    0.0018626760    -0.0023131027     0.0026066924
    0.0021763748    -0.0045502815     0.0060181382
   -0.0141897713    -0.0191052289     0.0126223197
   -0.0032642449     0.0038218952     0.0043552500
    0.0172481534     0.0099795867    -0.0118644927
    0.0140580941     0.0098632331     0.0207925184
   -0.0027074840    -0.0063657892    -0.0070638434
   -0.0046356174    -0.0008054488    -0.0065452712
    0.0006441836     0.0013198809     0.0040013007
   -0.0036385940     0.0089378028    -0.0005425876
    0.0095372352    -0.0051815730     0.0005617815
   -0.0299857274    -0.0170726458     0.0433480486
   -0.0044867930     0.0111604469    -0.0052394696
    0.0388475066     0.0019064481    -0.0289922594
   -0.0024892317     0.0150220377    -0.0041483204
   -0.0101873045    -0.0160100654     0.0051515862
    0.0091626313    -0.0011610502     0.0063000322
    0.0022789789    -0.0042307902    -0.0112546156
    0.0019958965     0.0113031410     0.0091639070
   -0.0084083908    -0.0002163133     0.0152417157
   -0.0185439921     0.0148604424    -0.0175716487
    0.0317045754    -0.0014476687     0.0067591086
   -0.0122809973    -0.0126417306     0.0101546494
    0.0027095803    -0.0252274600     0.0019429033
   -0.0031060737     0.0070684203     0.0064021418
   -0.0011383205     0.0068747785    -0.0045659602
    0.0320110395     0.0459459485     0.0067291172
   -0.0028539641     0.0009159053    -0.0052464639
   -0.0260388086    -0.0508543803    -0.0059332533
   -0.0004385244    -0.0003460084     0.0036002179
   -0.0002044149     0.0003606854    -0.0021628864
    0.0004730923     0.0005902448    -0.0015771200
   -0.0187918402     0.0134541371    -0.0116692380
    0.0198187654     0.0158974867     0.0300268936
    0.0069877846    -0.0258676276    -0.0137066701
   -0.0004221725    -0.0000138321     0.0000913077
    0.0002395617    -0.0002540910    -0.0001017189
    0.0002515499     0.0002158178    -0.0000065734
   -0.0035819347     0.0004749780     0.0021744033
    0.0008310302    -0.0001360534    -0.0005227954
    0.0022055101    -0.0007922940    -0.0023495087
   -0.0122477189    -0.0055160367    -0.0141244475
    0.0083506662     0.0028788990     0.0025981338
   -0.0024231089     0.0029943384     0.0115681205
    0.0038782710    -0.0163505727    -0.0122379376
   -0.0030223353     0.0176351353     0.0070724939
   -0.0034211731    -0.0071972714     0.0103820607
    0.0047445694    -0.0012530413    -0.0312866563
   -0.0094257685    -0.0035653732    -0.0008161459
    0.0022775268     0.0038550171     0.0254969015
   -0.0258059081    -0.0183570320     0.0000572252
    0.0127898902    -0.0051274583    -0.0017061261
    0.0112291433     0.0245374537     0.0032098828
    0.0019970865    -0.0556129774     0.0300075796
   -0.0236284614     0.0337312214    -0.0173867175
    0.0223771812     0.0254988759    -0.0127780163
   -0.0194519632    -0.0352107632     0.0285912218
    0.0043627545     0.0187223516    -0.0076001898
    0.0153934438     0.0151270491    -0.0221302018
   -0.0013361008    -0.0008010614    -0.0055332009
    0.0008757261    -0.0001744528     0.0011791106
    0.0011788452    -0.0003600843     0.0030525986
   -0.0000492172    -0.0028004947     0.0004040320
   -0.0001215781     0.0013642097    -0.0007207431
    0.0002466755     0.0015513156    -0.0003061943
    0.0033845190     0.0105564431    -0.0377478921
   -0.0003779468    -0.0141363361     0.0110569474
   -0.0128888545     0.0047534786     0.0355443503
---------------------------------------------------
Net gradient:  7.280482e-08 -3.078492e-08  1.430021e-07
Net torque:    1.438177e-03  9.120093e-04 -1.261285e-03

