Jobname: geom
Scratch directory: server_2025-09-17-13.02.39/job_5/scr
Random number seed: 1458392987

XYZ coordinates server_2025-09-17-13.02.39/job_5/geom.rst7
Amber prmtop file server_2025-09-17-13.02.39/job_5/parameters.prmtop
QM index file server_2025-09-17-13.02.39/job_5/region.qm
Molden File Output: server_2025-09-17-13.02.39/job_5/scr/geom.molden
Using basis set: 6-31gs
dmrgstart not found
Spin multiplicity: 1
DIIS will use up to 10 vectors.
Condition number limit for the DIIS overlap matrix is            0
WF convergence threshold: 3.00e-05
Using DIIS algorithm to converge WF
Maximum number of SCF iterations: 100
Incremental fock with rebuild every 8 iterations
Will switch to conventional Fock if diffuse functions are detected
X-matrix tolerance: 1.00e-04
PRECISION: DOUBLE
DFT Functional requested: b3lyp1
Method: B3LYP 
  Hartree-Fock exact exchange:          0.20 
  Slater exchange functional:           0.80 
  Becke 1988 exchange functional:       0.72 
  Lee-Yang-Parr correlation functional: 0.81 
  VWN(I) correlation functional:        0.19 
Wavefunction: RESTRICTED
DFT grid type: 1
Using dynamic DFT grids.
Initial guess generated by maximum overlap

Using OpenMM. QM/MM is enabled.
The energies and gradients will have MM components, but this will be computed by OpenMM.

********************************************
**** SINGLE POINT GRADIENT CALCULATIONS ****
********************************************
SCF:   Initial guess is taken from previous step
CIS:   Initial guess is taken from previous step
Z-vec: Initial guess is taken from previous step
*************WARNING***************
Unrecognized or unnecessary keywords:
These are being ignored.
   genscrdata false
***********************************
REMARK  Using OpenMM platform CPU
Made it passed OpenMM system construction
Number of MM atoms: 1170
Number of QM atoms:   42 (including 0 link atoms)
Number of MM atoms:   1170



Basis set:       6-31gs
Total atoms:     42
Total charge:    0
Total electrons: 158 (79-alpha, 79-beta)
Number electrons modeled by ECPs: 0
Total orbitals:  357
Total AO shells: 168 (105 S-shells; 42 P-shells; 21 D-shells; 0 F-shells; 0 G-shells)
Spin multiplicity: 1
Nuclear repulsion energy (QM atoms): 1871.449445374428 a.u.

Total charge from MM point charges: 0.00e

Henry: MM Charge: -0.8200000000, xyz (Ang): -3.3540004000  -0.1780000000  2.8019995000
Henry: MM Charge: 0.4100000000, xyz (Ang): -2.3469879000  -0.2310000000  2.6520039000
Henry: MM Charge: 0.4100000000, xyz (Ang): -3.4879958000  0.3839993000  3.6640001000
Henry: MM Charge: -0.8200000000, xyz (Ang): 7.4379989000  -10.6730006000  3.9540023000
Henry: MM Charge: 0.4100000000, xyz (Ang): 7.8019924000  -11.3989661000  4.5369614000
Henry: MM Charge: 0.4100000000, xyz (Ang): 8.2550059000  -10.2990119000  3.4669986000
Henry: MM Charge: -0.8200000000, xyz (Ang): -1.2359934000  6.7030005000  -11.3919939000
Henry: MM Charge: 0.4100000000, xyz (Ang): -0.9189744000  7.1300288000  -12.2940494000
Henry: MM Charge: 0.4100000000, xyz (Ang): -2.2230928000  6.2729481000  -11.5170134000
Henry: MM Charge: -0.8200000000, xyz (Ang): -10.4670001000  0.0510013000  0.9779996000
Henry: MM Charge: 0.4100000000, xyz (Ang): -10.1879958000  -0.7619975000  0.4150112000
Henry: MM Charge: 0.4100000000, xyz (Ang): -10.4390061000  -0.2870102000  1.9380025000
Henry: MM Charge: -0.8200000000, xyz (Ang): 2.0119998000  -7.1460062000  11.0610010000
Henry: MM Charge: 0.4100000000, xyz (Ang): 2.0299938000  -6.4379579000  11.8300169000
Henry: MM Charge: 0.4100000000, xyz (Ang): 2.0720159000  -6.5939369000  10.1509423000
Henry: MM Charge: -0.8200000000, xyz (Ang): 2.4089997000  1.2409999000  -5.6529997000
Henry: MM Charge: 0.4100000000, xyz (Ang): 2.9950008000  1.6180003000  -4.8829983000
Henry: MM Charge: 0.4100000000, xyz (Ang): 2.3800019000  0.2089997000  -5.6159993000
Henry: MM Charge: -0.8200000000, xyz (Ang): 9.2349935000  -4.0680039000  9.9010013000
Henry: MM Charge: 0.4100000000, xyz (Ang): 8.4210236000  -3.9259998000  9.3250090000
Henry: MM Charge: 0.4100000000, xyz (Ang): 10.0030768000  -3.3999311000  9.6059603000
Henry: MM Charge: -0.8200000000, xyz (Ang): 3.7360005000  -5.8220040000  -9.0359961000
Henry: MM Charge: 0.4100000000, xyz (Ang): 3.6309945000  -6.4149555000  -8.2490551000
Henry: MM Charge: 0.4100000000, xyz (Ang): 4.2900078000  -4.9649895000  -8.8399966000
Henry: MM Charge: -0.8200000000, xyz (Ang): -5.5130020000  13.4680018000  -2.3110017000
Henry: MM Charge: 0.4100000000, xyz (Ang): -5.8160211000  12.7079884000  -1.6699998000
Henry: MM Charge: 0.4100000000, xyz (Ang): -6.2819566000  14.0489601000  -2.5249790000
Henry: MM Charge: -0.8200000000, xyz (Ang): 8.6660006000  -3.4560001000  6.5739993000
Henry: MM Charge: 0.4100000000, xyz (Ang): 9.2209699000  -2.6210239000  6.5099842000
Henry: MM Charge: 0.4100000000, xyz (Ang): 8.6300112000  -3.7869578000  5.6180221000
Henry: MM Charge: -0.8200000000, xyz (Ang): 5.9579973000  6.1160001000  -10.4529987000
Henry: MM Charge: 0.4100000000, xyz (Ang): 6.7390438000  6.0399975000  -11.1310279000
Henry: MM Charge: 0.4100000000, xyz (Ang): 5.1330004000  5.5290011000  -10.6179928000
Henry: MM Charge: -0.8200000000, xyz (Ang): -1.2379979000  -9.9239978000  -8.3810035000
Henry: MM Charge: 0.4100000000, xyz (Ang): -0.8870047000  -9.0959903000  -8.8889724000
Henry: MM Charge: 0.4100000000, xyz (Ang): -1.7640111000  -9.6289938000  -7.5389890000
Henry: MM Charge: -0.8200000000, xyz (Ang): 5.1650081000  9.6170052000  -7.2950024000
Henry: MM Charge: 0.4100000000, xyz (Ang): 5.8029606000  9.6880078000  -6.5180158000
Henry: MM Charge: 0.4100000000, xyz (Ang): 4.5079092000  8.7818995000  -7.0589577000
Henry: MM Charge: -0.8200000000, xyz (Ang): 11.7929994000  4.1960006000  -4.0890002000
Henry: MM Charge: 0.4100000000, xyz (Ang): 11.0359986000  4.8369903000  -3.8179940000
Henry: MM Charge: 0.4100000000, xyz (Ang): 11.8199891000  3.4530061000  -3.3869952000
Henry: MM Charge: -0.8200000000, xyz (Ang): -4.1999998000  2.6079995000  -1.1600001000
Henry: MM Charge: 0.4100000000, xyz (Ang): -4.3299990000  1.8520027000  -0.4709983000
Henry: MM Charge: 0.4100000000, xyz (Ang): -4.1649986000  3.5300013000  -0.6929980000
Henry: MM Charge: -0.8200000000, xyz (Ang): -5.8189997000  7.2180009000  0.1880034000
Henry: MM Charge: 0.4100000000, xyz (Ang): -6.5070257000  6.7270099000  -0.4020029000
Henry: MM Charge: 0.4100000000, xyz (Ang): -6.3289826000  7.7509614000  0.8489440000
Henry: MM Charge: -0.8200000000, xyz (Ang): 6.8459984000  6.2410021000  -3.2600031000
Henry: MM Charge: 0.4100000000, xyz (Ang): 6.7189937000  5.5920165000  -2.4669799000
Henry: MM Charge: 0.4100000000, xyz (Ang): 6.3450186000  7.0259555000  -2.8619733000
Henry: MM Charge: -0.8200000000, xyz (Ang): -5.6690014000  11.7039972000  -0.3079982000
Henry: MM Charge: 0.4100000000, xyz (Ang): -6.4469543000  11.0910458000  -0.4269999000
Henry: MM Charge: 0.4100000000, xyz (Ang): -5.7570165000  12.0929922000  0.6159569000
Henry: MM Charge: -0.8200000000, xyz (Ang): 0.9700005000  -2.3449991000  -11.1749973000
Henry: MM Charge: 0.4100000000, xyz (Ang): 0.3330078000  -2.9799925000  -10.6850066000
Henry: MM Charge: 0.4100000000, xyz (Ang): 1.5129916000  -1.7770185000  -10.5460197000
Henry: MM Charge: -0.8200000000, xyz (Ang): -13.1679979000  0.2609986000  1.1270001000
Henry: MM Charge: 0.4100000000, xyz (Ang): -13.2409909000  1.0390053000  0.4579946000
Henry: MM Charge: 0.4100000000, xyz (Ang): -12.2270203000  -0.0929942000  1.0170036000
Henry: MM Charge: -0.8200000000, xyz (Ang): -1.1939960000  14.5010040000  0.8619985000
Henry: MM Charge: 0.4100000000, xyz (Ang): -2.1600533000  14.2319828000  0.5179876000
Henry: MM Charge: 0.4100000000, xyz (Ang): -0.9720275000  15.3459418000  0.4110298000
Henry: MM Charge: -0.8200000000, xyz (Ang): -9.0880025000  -5.8299993000  4.3170003000
Henry: MM Charge: 0.4100000000, xyz (Ang): -8.8039878000  -4.9999858000  3.7879963000
Henry: MM Charge: 0.4100000000, xyz (Ang): -8.2799738000  -6.4870193000  4.2660015000
Henry: MM Charge: -0.8200000000, xyz (Ang): -7.3879950000  8.9050001000  -2.4589992000
Henry: MM Charge: 0.4100000000, xyz (Ang): -7.8580418000  8.1089681000  -2.9490102000
Henry: MM Charge: 0.4100000000, xyz (Ang): -6.4440357000  8.7050165000  -2.1519933000
Henry: MM Charge: -0.8200000000, xyz (Ang): 3.4339981000  10.8889997000  5.2010006000
Henry: MM Charge: 0.4100000000, xyz (Ang): 3.0880039000  11.5029902000  4.4489918000
Henry: MM Charge: 0.4100000000, xyz (Ang): 2.7420219000  10.4020066000  5.7499931000
Henry: MM Charge: -0.8200000000, xyz (Ang): 7.2159968000  10.0679986000  -3.2559979000
Henry: MM Charge: 0.4100000000, xyz (Ang): 6.3920375000  9.6610193000  -2.8580209000
Henry: MM Charge: 0.4100000000, xyz (Ang): 8.0370022000  9.9969981000  -2.6540098000
Henry: MM Charge: -0.8200000000, xyz (Ang): 0.6119999000  2.2150004000  4.1030001000
Henry: MM Charge: 0.4100000000, xyz (Ang): 1.5409987000  1.9579942000  3.7409967000
Henry: MM Charge: 0.4100000000, xyz (Ang): 0.6840005000  2.3779968000  5.1149971000
Henry: MM Charge: -0.8200000000, xyz (Ang): -7.2620013000  -3.8789983000  9.6159985000
Henry: MM Charge: 0.4100000000, xyz (Ang): -6.9189960000  -4.8190291000  9.9119979000
Henry: MM Charge: 0.4100000000, xyz (Ang): -7.5359864000  -3.9679931000  8.6390344000
Henry: MM Charge: -0.8200000000, xyz (Ang): 1.0000004000  -10.1189958000  -4.6030012000
Henry: MM Charge: 0.4100000000, xyz (Ang): 0.8239904000  -11.0570401000  -4.1479634000
Henry: MM Charge: 0.4100000000, xyz (Ang): 0.8840001000  -9.4119860000  -3.8520015000
Henry: MM Charge: -0.8200000000, xyz (Ang): -2.0300039000  5.9370013000  4.6890011000
Henry: MM Charge: 0.4100000000, xyz (Ang): -2.5389829000  5.9320113000  3.8210443000
Henry: MM Charge: 0.4100000000, xyz (Ang): -2.4509749000  6.6329680000  5.2769522000
Henry: MM Charge: -0.8200000000, xyz (Ang): -11.0729991000  -8.1649969000  -0.7250032000
Henry: MM Charge: 0.4100000000, xyz (Ang): -11.2649885000  -9.1450284000  -0.4759703000
Henry: MM Charge: 0.4100000000, xyz (Ang): -10.2910145000  -7.9640084000  -0.0849864000
Henry: MM Charge: -0.8200000000, xyz (Ang): -7.1929983000  9.1010026000  2.2450021000
Henry: MM Charge: 0.4100000000, xyz (Ang): -6.9400085000  9.6689720000  3.0479908000
Henry: MM Charge: 0.4100000000, xyz (Ang): -7.3880019000  9.6189805000  1.3749848000
Henry: MM Charge: -0.8200000000, xyz (Ang): 4.2219996000  -11.7400015000  -0.3840010000
Henry: MM Charge: 0.4100000000, xyz (Ang): 3.4389513000  -11.2919633000  0.1520138000
Henry: MM Charge: 0.4100000000, xyz (Ang): 5.1220391000  -11.8689886000  0.1139846000
Henry: MM Charge: -0.8200000000, xyz (Ang): 5.5559977000  -10.7400018000  -2.5489942000
Henry: MM Charge: 0.4100000000, xyz (Ang): 5.3220442000  -10.9749660000  -1.6190756000
Henry: MM Charge: 0.4100000000, xyz (Ang): 5.1459962000  -11.4510068000  -3.1640059000
Henry: MM Charge: -0.8200000000, xyz (Ang): -7.5630008000  2.5089923000  -8.2140013000
Henry: MM Charge: 0.4100000000, xyz (Ang): -7.4139949000  1.9969934000  -7.3139660000
Henry: MM Charge: 0.4100000000, xyz (Ang): -7.4219879000  3.5671330000  -8.0799929000
Henry: MM Charge: -0.8200000000, xyz (Ang): -0.2080002000  11.7369990000  0.9079986000
Henry: MM Charge: 0.4100000000, xyz (Ang): -0.8049989000  11.5690031000  0.1000270000
Henry: MM Charge: 0.4100000000, xyz (Ang): -0.5680114000  12.6319877000  1.2519967000
Henry: MM Charge: -0.8200000000, xyz (Ang): 7.2129965000  -8.0849975000  -5.3149963000
Henry: MM Charge: 0.4100000000, xyz (Ang): 7.8040398000  -8.5710218000  -6.0250502000
Henry: MM Charge: 0.4100000000, xyz (Ang): 7.2279997000  -7.0860247000  -5.4580009000
Henry: MM Charge: -0.8200000000, xyz (Ang): -6.2099994000  0.6699998000  -3.6739997000
Henry: MM Charge: 0.4100000000, xyz (Ang): -5.7570005000  1.5990012000  -3.6869999000
Henry: MM Charge: 0.4100000000, xyz (Ang): -6.7100010000  0.5850004000  -4.5750008000
Henry: MM Charge: -0.8200000000, xyz (Ang): -9.4119978000  -3.0220015000  10.9540028000
Henry: MM Charge: 0.4100000000, xyz (Ang): -9.9360304000  -2.2209589000  10.5609744000
Henry: MM Charge: 0.4100000000, xyz (Ang): -8.7549897000  -3.4420203000  10.2519511000
Henry: MM Charge: -0.8200000000, xyz (Ang): -6.2770030000  -1.5029998000  -10.5689914000
Henry: MM Charge: 0.4100000000, xyz (Ang): -5.9299533000  -1.3829861000  -11.5861208000
Henry: MM Charge: 0.4100000000, xyz (Ang): -6.6719923000  -2.4429740000  -10.4659935000
Henry: MM Charge: -0.8200000000, xyz (Ang): 2.7149998000  -7.7039996000  0.7069997000
Henry: MM Charge: 0.4100000000, xyz (Ang): 3.0300004000  -7.6899992000  -0.2789976000
Henry: MM Charge: 0.4100000000, xyz (Ang): 2.1430009000  -6.8559980000  0.8210024000
Henry: MM Charge: -0.8200000000, xyz (Ang): 4.2190023000  -2.3019989000  13.4259995000
Henry: MM Charge: 0.4100000000, xyz (Ang): 3.1769657000  -2.3160109000  13.3289899000
Henry: MM Charge: 0.4100000000, xyz (Ang): 4.5799877000  -1.9900118000  12.5300102000
Henry: MM Charge: -0.8200000000, xyz (Ang): -5.5620005000  -5.5830013000  12.8610048000
Henry: MM Charge: 0.4100000000, xyz (Ang): -5.8150013000  -5.9140063000  11.8919342000
Henry: MM Charge: 0.4100000000, xyz (Ang): -5.2669830000  -4.5959703000  12.7289872000
Henry: MM Charge: -0.8200000000, xyz (Ang): 8.3089949000  8.1609985000  -0.4789961000
Henry: MM Charge: 0.4100000000, xyz (Ang): 8.7850091000  7.4210000000  0.0689862000
Henry: MM Charge: 0.4100000000, xyz (Ang): 9.0390739000  8.4440047000  -1.2060531000
Henry: MM Charge: -0.8200000000, xyz (Ang): -6.2429981000  -8.4249985000  -4.3160006000
Henry: MM Charge: 0.4100000000, xyz (Ang): -7.1470061000  -8.1990038000  -3.8889874000
Henry: MM Charge: 0.4100000000, xyz (Ang): -6.3319928000  -9.3960027000  -4.6419961000
Henry: MM Charge: -0.8200000000, xyz (Ang): -5.2769968000  6.7940007000  -7.9300012000
Henry: MM Charge: 0.4100000000, xyz (Ang): -4.5210404000  7.4669771000  -8.0119881000
Henry: MM Charge: 0.4100000000, xyz (Ang): -5.6559972000  7.0630043000  -7.0059929000
Henry: MM Charge: -0.8200000000, xyz (Ang): -5.1370075000  5.0559994000  6.9530000000
Henry: MM Charge: 0.4100000000, xyz (Ang): -4.5759673000  4.4349821000  6.3399785000
Henry: MM Charge: 0.4100000000, xyz (Ang): -6.1099018000  5.0450119000  6.7960345000
Henry: MM Charge: -0.8200000000, xyz (Ang): 10.5099928000  -3.6739977000  0.5590036000
Henry: MM Charge: 0.4100000000, xyz (Ang): 11.2641121000  -4.3850659000  0.2689639000
Henry: MM Charge: 0.4100000000, xyz (Ang): 9.5080024000  -3.9019712000  0.5700099000
Henry: MM Charge: -0.8200000000, xyz (Ang): -2.7720015000  -4.3819994000  10.2579991000
Henry: MM Charge: 0.4100000000, xyz (Ang): -3.6119642000  -4.4640033000  10.8029831000
Henry: MM Charge: 0.4100000000, xyz (Ang): -1.9929945000  -4.3340082000  10.9600245000
Henry: MM Charge: -0.8200000000, xyz (Ang): -0.0029974000  -11.7370004000  5.8939958000
Henry: MM Charge: 0.4100000000, xyz (Ang): -0.5979455000  -12.0259817000  5.1670527000
Henry: MM Charge: 0.4100000000, xyz (Ang): -0.4860093000  -11.0979888000  6.5780169000
Henry: MM Charge: -0.8200000000, xyz (Ang): -7.0910010000  8.0669991000  7.8659970000
Henry: MM Charge: 0.4100000000, xyz (Ang): -6.5739970000  7.3599895000  8.3959831000
Henry: MM Charge: 0.4100000000, xyz (Ang): -7.2529818000  7.6700167000  6.9670555000
Henry: MM Charge: -0.8200000000, xyz (Ang): 5.0459958000  -0.2629985000  -11.5479995000
Henry: MM Charge: 0.4100000000, xyz (Ang): 5.0369872000  0.0899912000  -10.6030368000
Henry: MM Charge: 0.4100000000, xyz (Ang): 4.1350842000  -0.1670144000  -11.8749591000
Henry: MM Charge: -0.8200000000, xyz (Ang): 7.0390012000  -5.1179983000  -4.3320003000
Henry: MM Charge: 0.4100000000, xyz (Ang): 7.8009721000  -5.0489829000  -4.9929587000
Henry: MM Charge: 0.4100000000, xyz (Ang): 7.2390081000  -4.3930313000  -3.6610432000
Henry: MM Charge: -0.8200000000, xyz (Ang): -8.9069934000  3.3940022000  2.1839999000
Henry: MM Charge: 0.4100000000, xyz (Ang): -9.4200309000  3.3059940000  1.2920095000
Henry: MM Charge: 0.4100000000, xyz (Ang): -9.6490424000  2.9629840000  2.7849882000
Henry: MM Charge: -0.8200000000, xyz (Ang): 3.7429997000  6.7819995000  -0.4020000000
Henry: MM Charge: 0.4100000000, xyz (Ang): 3.9890002000  5.8539997000  -0.0409997000
Henry: MM Charge: 0.4100000000, xyz (Ang): 4.5099999000  7.4579990000  -0.2289998000
Henry: MM Charge: -0.8200000000, xyz (Ang): 13.1570045000  -4.3599999000  3.8600068000
Henry: MM Charge: 0.4100000000, xyz (Ang): 12.2329352000  -3.9339710000  3.5269771000
Henry: MM Charge: 0.4100000000, xyz (Ang): 13.3439785000  -4.0980223000  4.7719144000
Henry: MM Charge: -0.8200000000, xyz (Ang): 8.1579981000  1.0700014000  5.1829983000
Henry: MM Charge: 0.4100000000, xyz (Ang): 8.3949966000  1.9949924000  5.5830049000
Henry: MM Charge: 0.4100000000, xyz (Ang): 8.9940019000  0.6479970000  4.7549992000
Henry: MM Charge: -0.8200000000, xyz (Ang): 4.3209998000  4.1310000000  0.7349997000
Henry: MM Charge: 0.4100000000, xyz (Ang): 4.3059982000  3.1049968000  0.7200012000
Henry: MM Charge: 0.4100000000, xyz (Ang): 4.0749987000  4.4389976000  1.6870015000
Henry: MM Charge: -0.8200000000, xyz (Ang): -0.9069995000  5.5009980000  -8.8869990000
Henry: MM Charge: 0.4100000000, xyz (Ang): -1.1520135000  6.0940229000  -9.7120292000
Henry: MM Charge: 0.4100000000, xyz (Ang): -1.7709978000  5.1669977000  -8.4279796000
Henry: MM Charge: -0.8200000000, xyz (Ang): 0.7300007000  -11.6279998000  -7.0139979000
Henry: MM Charge: 0.4100000000, xyz (Ang): 0.2750125000  -11.0189784000  -7.6979833000
Henry: MM Charge: 0.4100000000, xyz (Ang): 0.9689926000  -10.9910034000  -6.2800420000
Henry: MM Charge: -0.8200000000, xyz (Ang): -1.3219989000  5.7020051000  9.2150014000
Henry: MM Charge: 0.4100000000, xyz (Ang): -1.4629855000  6.6189656000  8.7969954000
Henry: MM Charge: 0.4100000000, xyz (Ang): -2.1140416000  5.0939818000  8.8739623000
Henry: MM Charge: -0.8200000000, xyz (Ang): -10.3469983000  -0.9280021000  -2.5570032000
Henry: MM Charge: 0.4100000000, xyz (Ang): -11.0530108000  -0.1749442000  -2.3469900000
Henry: MM Charge: 0.4100000000, xyz (Ang): -10.2319802000  -1.5330180000  -1.7019564000
Henry: MM Charge: -0.8200000000, xyz (Ang): -3.1160008000  -0.6690018000  8.6660013000
Henry: MM Charge: 0.4100000000, xyz (Ang): -3.8660278000  -0.6479933000  7.9429865000
Henry: MM Charge: 0.4100000000, xyz (Ang): -2.3759634000  0.0300288000  8.4189980000
Henry: MM Charge: -0.8200000000, xyz (Ang): -1.3970001000  0.8080001000  7.0109998000
Henry: MM Charge: 0.4100000000, xyz (Ang): -0.9739983000  -0.1400014000  6.9239968000
Henry: MM Charge: 0.4100000000, xyz (Ang): -0.6079992000  1.4699984000  7.0259978000
Henry: MM Charge: -0.8200000000, xyz (Ang): 2.7580014000  12.4490016000  0.6199989000
Henry: MM Charge: 0.4100000000, xyz (Ang): 1.8040059000  12.0820043000  0.5309999000
Henry: MM Charge: 0.4100000000, xyz (Ang): 2.7189971000  13.4419500000  0.5490165000
Henry: MM Charge: -0.8200000000, xyz (Ang): 1.4709994000  -5.1800002000  0.7349991000
Henry: MM Charge: 0.4100000000, xyz (Ang): 1.9790012000  -5.1519926000  1.6440049000
Henry: MM Charge: 0.4100000000, xyz (Ang): 1.9140044000  -4.4979956000  0.1020084000
Henry: MM Charge: -0.8200000000, xyz (Ang): 1.7189983000  0.3530007000  -9.9280004000
Henry: MM Charge: 0.4100000000, xyz (Ang): 1.6329845000  1.2230031000  -10.4730065000
Henry: MM Charge: 0.4100000000, xyz (Ang): 2.5580311000  0.3389865000  -9.3089689000
Henry: MM Charge: -0.8200000000, xyz (Ang): -6.8520008000  4.8389974000  1.5430002000
Henry: MM Charge: 0.4100000000, xyz (Ang): -7.7639875000  4.4270411000  1.7679978000
Henry: MM Charge: 0.4100000000, xyz (Ang): -6.8340012000  5.0500150000  0.5360055000
Henry: MM Charge: -0.8200000000, xyz (Ang): 5.4560017000  9.0610005000  4.9709948000
Henry: MM Charge: 0.4100000000, xyz (Ang): 4.6499639000  9.7310076000  4.9500143000
Henry: MM Charge: 0.4100000000, xyz (Ang): 5.9639965000  8.9279699000  4.1070507000
Henry: MM Charge: -0.8200000000, xyz (Ang): -2.2119999000  -7.6909993000  0.4659998000
Henry: MM Charge: 0.4100000000, xyz (Ang): -1.9059993000  -7.4960018000  -0.4939995000
Henry: MM Charge: 0.4100000000, xyz (Ang): -1.6909994000  -7.0720012000  1.1060021000
Henry: MM Charge: -0.8200000000, xyz (Ang): -2.0910001000  -4.8629999000  5.7289997000
Henry: MM Charge: 0.4100000000, xyz (Ang): -3.0189976000  -5.2009980000  5.4319999000
Henry: MM Charge: 0.4100000000, xyz (Ang): -2.2199982000  -4.2189983000  6.5349982000
Henry: MM Charge: -0.8200000000, xyz (Ang): -2.0960042000  -10.5759988000  -0.0379995000
Henry: MM Charge: 0.4100000000, xyz (Ang): -2.3259763000  -9.7600304000  0.5079913000
Henry: MM Charge: 0.4100000000, xyz (Ang): -1.0569730000  -10.5429896000  -0.0300009000
Henry: MM Charge: -0.8200000000, xyz (Ang): 4.4490001000  13.4289982000  -2.6540021000
Henry: MM Charge: 0.4100000000, xyz (Ang): 4.7179995000  12.5530067000  -2.2089959000
Henry: MM Charge: 0.4100000000, xyz (Ang): 4.1239929000  13.3010019000  -3.6269853000
Henry: MM Charge: -0.8200000000, xyz (Ang): 8.2260007000  -4.7040032000  3.9419986000
Henry: MM Charge: 0.4100000000, xyz (Ang): 8.8529651000  -5.3939900000  3.5090020000
Henry: MM Charge: 0.4100000000, xyz (Ang): 7.3320254000  -4.9139900000  3.4899954000
Henry: MM Charge: -0.8200000000, xyz (Ang): 2.5740001000  -1.6839999000  6.2770002000
Henry: MM Charge: 0.4100000000, xyz (Ang): 2.4949984000  -0.6890019000  6.5529955000
Henry: MM Charge: 0.4100000000, xyz (Ang): 3.4869963000  -1.7949994000  5.8089963000
Henry: MM Charge: -0.8200000000, xyz (Ang): -3.9280012000  -9.1639997000  2.2400002000
Henry: MM Charge: 0.4100000000, xyz (Ang): -3.0209631000  -9.5880140000  2.5870190000
Henry: MM Charge: 0.4100000000, xyz (Ang): -3.7480069000  -8.4649703000  1.4849673000
Henry: MM Charge: -0.8200000000, xyz (Ang): 1.4869963000  -6.1780034000  -10.4320031000
Henry: MM Charge: 0.4100000000, xyz (Ang): 2.2970696000  -6.0219759000  -9.7269194000
Henry: MM Charge: 0.4100000000, xyz (Ang): 0.8809943000  -5.3309611000  -10.3890046000
Henry: MM Charge: -0.8200000000, xyz (Ang): 4.8929981000  8.2440020000  -3.1540058000
Henry: MM Charge: 0.4100000000, xyz (Ang): 4.4619818000  7.9889853000  -2.2369537000
Henry: MM Charge: 0.4100000000, xyz (Ang): 4.2450501000  8.7649688000  -3.6919630000
Henry: MM Charge: -0.8200000000, xyz (Ang): -1.4519997000  2.9019998000  11.2460025000
Henry: MM Charge: 0.4100000000, xyz (Ang): -0.6269248000  3.4810286000  10.9449971000
Henry: MM Charge: 0.4100000000, xyz (Ang): -2.1730569000  2.6729489000  10.4989646000
Henry: MM Charge: -0.8200000000, xyz (Ang): -4.5960000000  -2.5790000000  3.3089994000
Henry: MM Charge: 0.4100000000, xyz (Ang): -4.1389965000  -1.6809989000  3.0800029000
Henry: MM Charge: 0.4100000000, xyz (Ang): -4.1039977000  -3.3499987000  2.8380038000
Henry: MM Charge: -0.8200000000, xyz (Ang): -6.1240000000  2.7239985000  5.6080010000
Henry: MM Charge: 0.4100000000, xyz (Ang): -5.7929722000  3.5490247000  5.0439919000
Henry: MM Charge: 0.4100000000, xyz (Ang): -7.1310397000  2.8040026000  5.8800010000
Henry: MM Charge: -0.8200000000, xyz (Ang): 9.8759970000  9.6840002000  -2.0819991000
Henry: MM Charge: 0.4100000000, xyz (Ang): 10.0699994000  9.9260055000  -3.0680275000
Henry: MM Charge: 0.4100000000, xyz (Ang): 10.7350243000  9.6649955000  -1.5059678000
Henry: MM Charge: -0.8200000000, xyz (Ang): -9.8899934000  2.7520021000  -3.1680005000
Henry: MM Charge: 0.4100000000, xyz (Ang): -10.3000390000  2.1579765000  -3.9340230000
Henry: MM Charge: 0.4100000000, xyz (Ang): -8.9180808000  2.9289915000  -3.2349720000
Henry: MM Charge: -0.8200000000, xyz (Ang): 6.7520023000  11.9499927000  1.1329984000
Henry: MM Charge: 0.4100000000, xyz (Ang): 7.5519657000  11.9470317000  0.4990176000
Henry: MM Charge: 0.4100000000, xyz (Ang): 6.7080130000  12.9770795000  1.3489985000
Henry: MM Charge: -0.8200000000, xyz (Ang): 0.1140000000  9.0919993000  1.8739998000
Henry: MM Charge: 0.4100000000, xyz (Ang): 0.0079999000  10.0890012000  1.6279998000
Henry: MM Charge: 0.4100000000, xyz (Ang): 0.6749998000  8.6839998000  1.0970009000
Henry: MM Charge: -0.8200000000, xyz (Ang): 6.9480005000  -6.4040028000  9.8139920000
Henry: MM Charge: 0.4100000000, xyz (Ang): 7.8370026000  -6.7569882000  10.1750333000
Henry: MM Charge: 0.4100000000, xyz (Ang): 6.5369857000  -6.0099670000  10.7010865000
Henry: MM Charge: -0.8200000000, xyz (Ang): -3.0930020000  12.6010035000  -8.1949984000
Henry: MM Charge: 0.4100000000, xyz (Ang): -2.2929256000  12.1049592000  -8.7240534000
Henry: MM Charge: 0.4100000000, xyz (Ang): -3.7750433000  11.9009540000  -7.7629597000
Henry: MM Charge: -0.8200000000, xyz (Ang): 7.9130018000  -1.8639915000  3.4379989000
Henry: MM Charge: 0.4100000000, xyz (Ang): 8.7549624000  -1.4710349000  3.8279886000
Henry: MM Charge: 0.4100000000, xyz (Ang): 7.9480053000  -2.9150955000  3.6660311000
Henry: MM Charge: -0.8200000000, xyz (Ang): 6.1679914000  8.3539999000  7.5899983000
Henry: MM Charge: 0.4100000000, xyz (Ang): 5.7979972000  8.5349878000  6.6440088000
Henry: MM Charge: 0.4100000000, xyz (Ang): 7.2421434000  8.4570054000  7.6010045000
Henry: MM Charge: -0.8200000000, xyz (Ang): 2.9959983000  7.5070000000  -6.8850005000
Henry: MM Charge: 0.4100000000, xyz (Ang): 2.4300123000  8.1790094000  -7.4149676000
Henry: MM Charge: 0.4100000000, xyz (Ang): 3.1430224000  6.6079581000  -7.3980101000
Henry: MM Charge: -0.8200000000, xyz (Ang): 8.2469978000  -9.0310019000  8.8569997000
Henry: MM Charge: 0.4100000000, xyz (Ang): 7.7629948000  -8.8499810000  7.9559801000
Henry: MM Charge: 0.4100000000, xyz (Ang): 7.9740216000  -9.8379837000  9.3950089000
Henry: MM Charge: -0.8200000000, xyz (Ang): -6.1729978000  -1.1539995000  9.2890008000
Henry: MM Charge: 0.4100000000, xyz (Ang): -7.0550200000  -0.6359809000  9.1019738000
Henry: MM Charge: 0.4100000000, xyz (Ang): -6.3819959000  -2.1410228000  9.5459935000
Henry: MM Charge: -0.8200000000, xyz (Ang): 6.4640059000  -2.9280052000  8.1239964000
Henry: MM Charge: 0.4100000000, xyz (Ang): 6.2969813000  -1.9069467000  7.9359832000
Henry: MM Charge: 0.4100000000, xyz (Ang): 7.1829189000  -3.1159533000  7.4760561000
Henry: MM Charge: -0.8200000000, xyz (Ang): 4.9200027000  -3.3979981000  -8.8729948000
Henry: MM Charge: 0.4100000000, xyz (Ang): 5.6699605000  -2.8080397000  -8.5530209000
Henry: MM Charge: 0.4100000000, xyz (Ang): 4.8089975000  -3.1409775000  -9.8890420000
Henry: MM Charge: -0.8200000000, xyz (Ang): 5.2389968000  -8.0780033000  -8.4959941000
Henry: MM Charge: 0.4100000000, xyz (Ang): 5.3000345000  -7.5959512000  -9.4480610000
Henry: MM Charge: 0.4100000000, xyz (Ang): 6.2040004000  -8.0559827000  -8.2080192000
Henry: MM Charge: -0.8200000000, xyz (Ang): -2.7459923000  10.0530008000  5.8319958000
Henry: MM Charge: 0.4100000000, xyz (Ang): -3.1140179000  9.0799611000  5.7679950000
Henry: MM Charge: 0.4100000000, xyz (Ang): -1.8430877000  10.0800024000  5.4220532000
Henry: MM Charge: -0.8200000000, xyz (Ang): -4.8239975000  10.8170013000  -7.3230027000
Henry: MM Charge: 0.4100000000, xyz (Ang): -5.4620331000  10.6979930000  -6.5129564000
Henry: MM Charge: 0.4100000000, xyz (Ang): -4.3429990000  9.9189856000  -7.5179995000
Henry: MM Charge: -0.8200000000, xyz (Ang): -1.8980027000  -0.7100016000  13.0939940000
Henry: MM Charge: 0.4100000000, xyz (Ang): -1.8320010000  -1.6881158000  13.5270280000
Henry: MM Charge: 0.4100000000, xyz (Ang): -1.6309556000  0.1811438000  13.6620620000
Henry: MM Charge: -0.8200000000, xyz (Ang): 4.6490024000  11.1099983000  -0.6240010000
Henry: MM Charge: 0.4100000000, xyz (Ang): 3.7269879000  11.4600042000  -0.2829743000
Henry: MM Charge: 0.4100000000, xyz (Ang): 5.1839520000  11.4249910000  0.1779944000
Henry: MM Charge: -0.8200000000, xyz (Ang): -2.3290000000  -9.1090012000  -5.9810012000
Henry: MM Charge: 0.4100000000, xyz (Ang): -3.1010199000  -8.9159970000  -5.3199977000
Henry: MM Charge: 0.4100000000, xyz (Ang): -1.5299804000  -8.5499809000  -5.6209863000
Henry: MM Charge: -0.8200000000, xyz (Ang): -9.6329976000  -6.8919995000  7.6920007000
Henry: MM Charge: 0.4100000000, xyz (Ang): -9.3890012000  -7.5570052000  6.9639889000
Henry: MM Charge: 0.4100000000, xyz (Ang): -10.6550291000  -6.8170007000  7.7639929000
Henry: MM Charge: -0.8200000000, xyz (Ang): 2.4079876000  -11.6689975000  6.0320013000
Henry: MM Charge: 0.4100000000, xyz (Ang): 1.3940815000  -11.6849950000  6.0949951000
Henry: MM Charge: 0.4100000000, xyz (Ang): 2.7710201000  -12.6290303000  6.1129851000
Henry: MM Charge: -0.8200000000, xyz (Ang): 3.2729999000  4.5129999000  3.4329998000
Henry: MM Charge: 0.4100000000, xyz (Ang): 3.1069989000  3.4959970000  3.4049990000
Henry: MM Charge: 0.4100000000, xyz (Ang): 2.3569990000  5.0009979000  3.4589997000
Henry: MM Charge: -0.8200000000, xyz (Ang): -1.7029999000  7.2459997000  0.7499998000
Henry: MM Charge: 0.4100000000, xyz (Ang): -1.1000001000  7.8829992000  1.2900006000
Henry: MM Charge: 0.4100000000, xyz (Ang): -2.0250002000  6.4759974000  1.3490014000
Henry: MM Charge: -0.8200000000, xyz (Ang): -7.8699981000  7.1220045000  -9.2510028000
Henry: MM Charge: 0.4100000000, xyz (Ang): -6.8800141000  7.1259856000  -9.0069943000
Henry: MM Charge: 0.4100000000, xyz (Ang): -8.2570145000  6.2869361000  -8.7619543000
Henry: MM Charge: -0.8200000000, xyz (Ang): -5.1090026000  8.2619994000  4.5400012000
Henry: MM Charge: 0.4100000000, xyz (Ang): -4.5709878000  8.3840078000  3.6349598000
Henry: MM Charge: 0.4100000000, xyz (Ang): -4.5009837000  7.8389910000  5.2820259000
Henry: MM Charge: -0.8200000000, xyz (Ang): 7.6659935000  -1.6929958000  -5.6030009000
Henry: MM Charge: 0.4100000000, xyz (Ang): 8.4640519000  -2.2690478000  -5.2149701000
Henry: MM Charge: 0.4100000000, xyz (Ang): 6.9590393000  -1.8320177000  -4.8910215000
Henry: MM Charge: -0.8200000000, xyz (Ang): -9.7959981000  6.3700094000  -2.2079998000
Henry: MM Charge: 0.4100000000, xyz (Ang): -10.0839532000  7.2659065000  -1.9940412000
Henry: MM Charge: 0.4100000000, xyz (Ang): -10.4460619000  5.6149189000  -1.7939730000
Henry: MM Charge: -0.8200000000, xyz (Ang): 10.7009956000  -4.9499993000  -3.0350016000
Henry: MM Charge: 0.4100000000, xyz (Ang): 11.0220059000  -5.3339918000  -3.9129879000
Henry: MM Charge: 0.4100000000, xyz (Ang): 11.5510318000  -4.7849978000  -2.4709896000
Henry: MM Charge: -0.8200000000, xyz (Ang): -6.3059957000  -6.4309997000  10.2349985000
Henry: MM Charge: 0.4100000000, xyz (Ang): -5.6110048000  -6.9109829000  9.6730170000
Henry: MM Charge: 0.4100000000, xyz (Ang): -7.2450565000  -6.8850146000  10.1499966000
Henry: MM Charge: -0.8200000000, xyz (Ang): 8.4089987000  -6.6839987000  -1.6180007000
Henry: MM Charge: 0.4100000000, xyz (Ang): 7.9739970000  -6.0760099000  -2.3099887000
Henry: MM Charge: 0.4100000000, xyz (Ang): 9.4350207000  -6.6690081000  -1.7029889000
Henry: MM Charge: -0.8200000000, xyz (Ang): -5.4069996000  4.6120007000  3.7379988000
Henry: MM Charge: 0.4100000000, xyz (Ang): -4.4870251000  4.5629913000  3.3160000000
Henry: MM Charge: 0.4100000000, xyz (Ang): -6.0109870000  4.7339969000  2.9090054000
Henry: MM Charge: -0.8200000000, xyz (Ang): 10.8579965000  -3.2639976000  3.0709974000
Henry: MM Charge: 0.4100000000, xyz (Ang): 10.7290107000  -3.1979966000  2.0560102000
Henry: MM Charge: 0.4100000000, xyz (Ang): 10.2950145000  -2.6270351000  3.6019954000
Henry: MM Charge: -0.8200000000, xyz (Ang): -4.5509995000  0.3299997000  0.3819996000
Henry: MM Charge: 0.4100000000, xyz (Ang): -3.9689992000  0.2120026000  1.2270042000
Henry: MM Charge: 0.4100000000, xyz (Ang): -5.4550020000  -0.0849992000  0.6650028000
Henry: MM Charge: -0.8200000000, xyz (Ang): -3.5359970000  -10.6339940000  8.3080029000
Henry: MM Charge: 0.4100000000, xyz (Ang): -3.6040360000  -11.6320449000  8.0279689000
Henry: MM Charge: 0.4100000000, xyz (Ang): -4.5169953000  -10.4030374000  8.1529688000
Henry: MM Charge: -0.8200000000, xyz (Ang): 4.9010033000  -4.7350016000  5.3930017000
Henry: MM Charge: 0.4100000000, xyz (Ang): 4.9919840000  -3.7400175000  5.5999935000
Henry: MM Charge: 0.4100000000, xyz (Ang): 5.5119680000  -5.2929688000  5.9709496000
Henry: MM Charge: -0.8200000000, xyz (Ang): -3.4619922000  -10.4650004000  -10.4139978000
Henry: MM Charge: 0.4100000000, xyz (Ang): -2.8010350000  -10.3190102000  -9.6860435000
Henry: MM Charge: 0.4100000000, xyz (Ang): -4.4670979000  -10.1339666000  -10.1929696000
Henry: MM Charge: -0.8200000000, xyz (Ang): 8.6260009000  3.5179983000  6.2810004000
Henry: MM Charge: 0.4100000000, xyz (Ang): 8.2489853000  4.2920224000  5.6930146000
Henry: MM Charge: 0.4100000000, xyz (Ang): 8.3739910000  3.8080026000  7.2109783000
Henry: MM Charge: -0.8200000000, xyz (Ang): 12.4170026000  0.2690040000  2.8560048000
Henry: MM Charge: 0.4100000000, xyz (Ang): 12.0199665000  -0.2730390000  2.0179249000
Henry: MM Charge: 0.4100000000, xyz (Ang): 12.3219950000  1.2489794000  2.6449925000
Henry: MM Charge: -0.8200000000, xyz (Ang): 7.2359997000  0.8270036000  -0.5140035000
Henry: MM Charge: 0.4100000000, xyz (Ang): 8.2780221000  0.7239819000  -0.4469695000
Henry: MM Charge: 0.4100000000, xyz (Ang): 6.9180087000  0.0199757000  0.0780223000
Henry: MM Charge: -0.8200000000, xyz (Ang): 2.3130009000  -3.0310033000  -7.5680018000
Henry: MM Charge: 0.4100000000, xyz (Ang): 3.2189541000  -3.3909844000  -7.7859745000
Henry: MM Charge: 0.4100000000, xyz (Ang): 1.5940159000  -3.4849711000  -8.1089926000
Henry: MM Charge: -0.8200000000, xyz (Ang): 2.8159986000  2.7400010000  -7.9160017000
Henry: MM Charge: 0.4100000000, xyz (Ang): 2.8920294000  2.2729949000  -6.9909905000
Henry: MM Charge: 0.4100000000, xyz (Ang): 3.7740005000  2.6129872000  -8.2289722000
Henry: MM Charge: -0.8200000000, xyz (Ang): -8.0720038000  -4.2209937000  7.0540112000
Henry: MM Charge: 0.4100000000, xyz (Ang): -7.3088861000  -4.1440148000  6.2528711000
Henry: MM Charge: 0.4100000000, xyz (Ang): -8.5870402000  -5.1260976000  6.7779455000
Henry: MM Charge: -0.8200000000, xyz (Ang): -3.4569978000  7.2959994000  6.4700007000
Henry: MM Charge: 0.4100000000, xyz (Ang): -3.2180255000  7.7109853000  7.3679708000
Henry: MM Charge: 0.4100000000, xyz (Ang): -4.0179934000  6.4770097000  6.7500051000
Henry: MM Charge: -0.8200000000, xyz (Ang): 3.5710081000  -7.5219998000  7.0859989000
Henry: MM Charge: 0.4100000000, xyz (Ang): 3.2900160000  -7.9089796000  6.1940214000
Henry: MM Charge: 0.4100000000, xyz (Ang): 4.5288730000  -7.3510332000  7.0619903000
Henry: MM Charge: -0.8200000000, xyz (Ang): 2.6269956000  15.6369973000  -2.6849976000
Henry: MM Charge: 0.4100000000, xyz (Ang): 3.1480066000  14.7759938000  -2.4629953000
Henry: MM Charge: 0.4100000000, xyz (Ang): 3.2550525000  16.2010357000  -3.3020417000
Henry: MM Charge: -0.8200000000, xyz (Ang): 1.7129957000  -6.0139985000  8.6050027000
Henry: MM Charge: 0.4100000000, xyz (Ang): 1.9230249000  -5.0100115000  8.5459863000
Henry: MM Charge: 0.4100000000, xyz (Ang): 2.4730390000  -6.4459924000  8.0169671000
Henry: MM Charge: -0.8200000000, xyz (Ang): 7.5960013000  -8.4919974000  6.2270015000
Henry: MM Charge: 0.4100000000, xyz (Ang): 8.4949786000  -8.3950124000  5.7489895000
Henry: MM Charge: 0.4100000000, xyz (Ang): 7.1189919000  -9.3090210000  5.8169812000
Henry: MM Charge: -0.8200000000, xyz (Ang): -6.5400007000  -3.2080008000  5.0139999000
Henry: MM Charge: 0.4100000000, xyz (Ang): -5.6769810000  -2.8989803000  4.4979991000
Henry: MM Charge: 0.4100000000, xyz (Ang): -7.3279950000  -2.8239910000  4.4840057000
Henry: MM Charge: -0.8200000000, xyz (Ang): -10.5050014000  0.6630015000  -5.0160094000
Henry: MM Charge: 0.4100000000, xyz (Ang): -10.5220061000  0.1829591000  -4.0398724000
Henry: MM Charge: 0.4100000000, xyz (Ang): -11.2439687000  0.2860224000  -5.5649767000
Henry: MM Charge: -0.8200000000, xyz (Ang): 4.9859989000  -10.9600002000  7.0720013000
Henry: MM Charge: 0.4100000000, xyz (Ang): 4.3960025000  -10.9899893000  6.2459842000
Henry: MM Charge: 0.4100000000, xyz (Ang): 4.3869833000  -10.4329741000  7.7690015000
Henry: MM Charge: -0.8200000000, xyz (Ang): -1.8820003000  2.8310004000  3.1920006000
Henry: MM Charge: 0.4100000000, xyz (Ang): -0.8899985000  2.6669953000  3.4529962000
Henry: MM Charge: 0.4100000000, xyz (Ang): -2.4479964000  2.3859983000  3.9309971000
Henry: MM Charge: -0.8200000000, xyz (Ang): 10.6849984000  3.7339988000  4.4349945000
Henry: MM Charge: 0.4100000000, xyz (Ang): 10.1749898000  3.4769811000  5.2860044000
Henry: MM Charge: 0.4100000000, xyz (Ang): 10.1749983000  3.2880141000  3.6810568000
Henry: MM Charge: -0.8200000000, xyz (Ang): -1.7480002000  -10.9739959000  -2.7089988000
Henry: MM Charge: 0.4100000000, xyz (Ang): -1.8259812000  -11.0999987000  -1.7020276000
Henry: MM Charge: 0.4100000000, xyz (Ang): -1.6040043000  -10.0010498000  -2.8589800000
Henry: MM Charge: -0.8200000000, xyz (Ang): 6.2070002000  1.3420007000  -3.0580002000
Henry: MM Charge: 0.4100000000, xyz (Ang): 6.9299906000  1.8420010000  -3.5999980000
Henry: MM Charge: 0.4100000000, xyz (Ang): 6.5349923000  1.1869921000  -2.0879964000
Henry: MM Charge: -0.8200000000, xyz (Ang): -6.7149968000  -7.3120005000  3.8329945000
Henry: MM Charge: 0.4100000000, xyz (Ang): -6.4120210000  -7.1189906000  2.8860530000
Henry: MM Charge: 0.4100000000, xyz (Ang): -6.9800278000  -8.2940029000  4.0110278000
Henry: MM Charge: -0.8200000000, xyz (Ang): 9.6619998000  -10.0799986000  -0.4889994000
Henry: MM Charge: 0.4100000000, xyz (Ang): 9.7289923000  -10.7600017000  -1.2450106000
Henry: MM Charge: 0.4100000000, xyz (Ang): 9.0559979000  -9.3479999000  -0.8439949000
Henry: MM Charge: -0.8200000000, xyz (Ang): -6.0749969000  -9.9889973000  -10.1050008000
Henry: MM Charge: 0.4100000000, xyz (Ang): -6.5870227000  -10.8730233000  -9.9959788000
Henry: MM Charge: 0.4100000000, xyz (Ang): -6.2620202000  -9.4640013000  -9.2319944000
Henry: MM Charge: -0.8200000000, xyz (Ang): 6.2770009000  5.0020025000  -7.7880002000
Henry: MM Charge: 0.4100000000, xyz (Ang): 5.9779965000  5.5429893000  -6.9630029000
Henry: MM Charge: 0.4100000000, xyz (Ang): 6.1000072000  5.5349580000  -8.6179495000
Henry: MM Charge: -0.8200000000, xyz (Ang): 4.8250009000  9.2720030000  -9.9759936000
Henry: MM Charge: 0.4100000000, xyz (Ang): 4.2099560000  8.5289472000  -10.4240483000
Henry: MM Charge: 0.4100000000, xyz (Ang): 4.3680024000  9.6679874000  -9.1780327000
Henry: MM Charge: -0.8200000000, xyz (Ang): -7.1749986000  3.9569988000  -3.5829964000
Henry: MM Charge: 0.4100000000, xyz (Ang): -6.1689598000  3.6809885000  -3.7429947000
Henry: MM Charge: 0.4100000000, xyz (Ang): -7.6550504000  4.3450337000  -4.4610543000
Henry: MM Charge: -0.8200000000, xyz (Ang): 6.5310014000  9.3590043000  2.4410053000
Henry: MM Charge: 0.4100000000, xyz (Ang): 6.4869893000  10.2579908000  1.9449838000
Henry: MM Charge: 0.4100000000, xyz (Ang): 6.3009774000  8.6139280000  1.7139284000
Henry: MM Charge: -0.8200000000, xyz (Ang): -4.1750009000  0.3530014000  11.2889982000
Henry: MM Charge: 0.4100000000, xyz (Ang): -3.5889891000  -0.3670353000  11.7370072000
Henry: MM Charge: 0.4100000000, xyz (Ang): -4.4619993000  0.0240028000  10.3670005000
Henry: MM Charge: -0.8200000000, xyz (Ang): -0.8380003000  -5.9039999000  2.0629993000
Henry: MM Charge: 0.4100000000, xyz (Ang): -0.4939978000  -6.1249965000  3.0110018000
Henry: MM Charge: 0.4100000000, xyz (Ang): -0.0319965000  -5.5909973000  1.4940061000
Henry: MM Charge: -0.8200000000, xyz (Ang): 5.7500026000  1.1459989000  4.2959960000
Henry: MM Charge: 0.4100000000, xyz (Ang): 6.7370468000  0.9349708000  4.6390194000
Henry: MM Charge: 0.4100000000, xyz (Ang): 5.1849317000  1.5860304000  5.0870465000
Henry: MM Charge: -0.8200000000, xyz (Ang): 3.7819997000  2.3959999000  -3.6399999000
Henry: MM Charge: 0.4100000000, xyz (Ang): 3.3010004000  2.4219988000  -2.7399997000
Henry: MM Charge: 0.4100000000, xyz (Ang): 4.7430001000  2.0389996000  -3.4719986000
Henry: MM Charge: -0.8200000000, xyz (Ang): 2.9859983000  4.7019992000  10.5169990000
Henry: MM Charge: 0.4100000000, xyz (Ang): 3.5860182000  5.3700077000  11.0050024000
Henry: MM Charge: 0.4100000000, xyz (Ang): 2.7810108000  3.8880059000  11.1030046000
Henry: MM Charge: -0.8200000000, xyz (Ang): -0.6189968000  -4.2820033000  -9.8629935000
Henry: MM Charge: 0.4100000000, xyz (Ang): -1.6470178000  -4.2259881000  -9.6909802000
Henry: MM Charge: 0.4100000000, xyz (Ang): -0.1890390000  -4.4579578000  -8.9870825000
Henry: MM Charge: -0.8200000000, xyz (Ang): 10.4449954000  -0.2230039000  -3.5830048000
Henry: MM Charge: 0.4100000000, xyz (Ang): 10.1760247000  0.2779879000  -4.4059459000
Henry: MM Charge: 0.4100000000, xyz (Ang): 10.0770318000  -1.1529403000  -3.4839872000
Henry: MM Charge: -0.8200000000, xyz (Ang): 10.2859999000  -7.7779979000  5.4330040000
Henry: MM Charge: 0.4100000000, xyz (Ang): 10.2439977000  -7.1369954000  4.6249686000
Henry: MM Charge: 0.4100000000, xyz (Ang): 10.2060046000  -7.3430222000  6.3559764000
Henry: MM Charge: -0.8200000000, xyz (Ang): -3.2759998000  8.5979990000  -7.8879984000
Henry: MM Charge: 0.4100000000, xyz (Ang): -2.4479797000  8.7600008000  -7.2609833000
Henry: MM Charge: 0.4100000000, xyz (Ang): -2.9930131000  8.7590010000  -8.8750393000
Henry: MM Charge: -0.8200000000, xyz (Ang): 5.2259999000  -1.8559999000  5.4199999000
Henry: MM Charge: 0.4100000000, xyz (Ang): 5.8239976000  -1.3220003000  6.0629977000
Henry: MM Charge: 0.4100000000, xyz (Ang): 5.5549971000  -1.6489992000  4.4749984000
Henry: MM Charge: -0.8200000000, xyz (Ang): -10.1040007000  2.5429966000  -0.3899952000
Henry: MM Charge: 0.4100000000, xyz (Ang): -9.9659869000  2.4930070000  -1.4490753000
Henry: MM Charge: 0.4100000000, xyz (Ang): -10.2149939000  1.6310409000  0.0379941000
Henry: MM Charge: -0.8200000000, xyz (Ang): 3.5509998000  4.8279996000  -4.9739997000
Henry: MM Charge: 0.4100000000, xyz (Ang): 2.5759994000  5.1429998000  -4.9279992000
Henry: MM Charge: 0.4100000000, xyz (Ang): 3.6700001000  3.9300013000  -4.4860001000
Henry: MM Charge: -0.8200000000, xyz (Ang): -5.3279965000  -7.0869987000  -1.1120019000
Henry: MM Charge: 0.4100000000, xyz (Ang): -6.0260311000  -7.6010078000  -1.6890380000
Henry: MM Charge: 0.4100000000, xyz (Ang): -5.5890217000  -7.0999932000  -0.0789270000
Henry: MM Charge: -0.8200000000, xyz (Ang): 0.8229999000  5.8419998000  3.4659997000
Henry: MM Charge: 0.4100000000, xyz (Ang): 0.8660003000  6.7509994000  3.0100003000
Henry: MM Charge: 0.4100000000, xyz (Ang): -0.0740000000  5.7359981000  3.9480004000
Henry: MM Charge: -0.8200000000, xyz (Ang): -4.4569990000  8.3280034000  -11.4130027000
Henry: MM Charge: 0.4100000000, xyz (Ang): -5.3910198000  8.0779848000  -11.7479964000
Henry: MM Charge: 0.4100000000, xyz (Ang): -4.2459933000  7.6629580000  -10.6359461000
Henry: MM Charge: -0.8200000000, xyz (Ang): -13.2039942000  2.5259974000  -0.5690015000
Henry: MM Charge: 0.4100000000, xyz (Ang): -12.5840095000  3.3420053000  -0.5039898000
Henry: MM Charge: 0.4100000000, xyz (Ang): -14.1730644000  2.8880354000  -0.3829822000
Henry: MM Charge: -0.8200000000, xyz (Ang): -8.7219937000  7.4499951000  -4.5470003000
Henry: MM Charge: 0.4100000000, xyz (Ang): -9.4010469000  7.0930165000  -3.8299690000
Henry: MM Charge: 0.4100000000, xyz (Ang): -9.2110473000  8.2840593000  -4.9670134000
Henry: MM Charge: -0.8200000000, xyz (Ang): 7.3579987000  4.9420009000  1.8859968000
Henry: MM Charge: 0.4100000000, xyz (Ang): 7.4050053000  5.0179758000  2.9250245000
Henry: MM Charge: 0.4100000000, xyz (Ang): 7.3110145000  3.9180036000  1.7830165000
Henry: MM Charge: -0.8200000000, xyz (Ang): 11.0749954000  -1.9109983000  6.8109996000
Henry: MM Charge: 0.4100000000, xyz (Ang): 10.8930060000  -1.8210083000  7.8059953000
Henry: MM Charge: 0.4100000000, xyz (Ang): 12.0400560000  -2.3020230000  6.7080012000
Henry: MM Charge: -0.8200000000, xyz (Ang): -11.2330029000  -6.4500005000  -2.7850034000
Henry: MM Charge: 0.4100000000, xyz (Ang): -10.3399363000  -5.8679818000  -2.7649870000
Henry: MM Charge: 0.4100000000, xyz (Ang): -11.3639982000  -6.8289954000  -1.8129421000
Henry: MM Charge: -0.8200000000, xyz (Ang): -12.6930001000  0.5519999000  -2.4699988000
Henry: MM Charge: 0.4100000000, xyz (Ang): -12.6999868000  1.3279859000  -1.8070152000
Henry: MM Charge: 0.4100000000, xyz (Ang): -13.3850039000  0.7210053000  -3.1980073000
Henry: MM Charge: -0.8200000000, xyz (Ang): -4.5149942000  -6.8530013000  -12.3760055000
Henry: MM Charge: 0.4100000000, xyz (Ang): -5.2160819000  -6.5639456000  -11.6029219000
Henry: MM Charge: 0.4100000000, xyz (Ang): -4.0140059000  -6.0170251000  -12.6589835000
Henry: MM Charge: -0.8200000000, xyz (Ang): -7.4439948000  -9.3240040000  -1.3219933000
Henry: MM Charge: 0.4100000000, xyz (Ang): -7.9930165000  -8.8759840000  -0.5649991000
Henry: MM Charge: 0.4100000000, xyz (Ang): -7.9410466000  -8.9919464000  -2.2381128000
Henry: MM Charge: -0.8200000000, xyz (Ang): -3.3079995000  -4.3299977000  -9.8260000000
Henry: MM Charge: 0.4100000000, xyz (Ang): -3.7489941000  -3.9589901000  -10.6609840000
Henry: MM Charge: 0.4100000000, xyz (Ang): -3.4010105000  -5.3720123000  -9.8169913000
Henry: MM Charge: -0.8200000000, xyz (Ang): 8.2719983000  -7.6160022000  0.8940010000
Henry: MM Charge: 0.4100000000, xyz (Ang): 8.1349813000  -7.3540221000  -0.0899925000
Henry: MM Charge: 0.4100000000, xyz (Ang): 7.7070342000  -8.4189428000  0.9729703000
Henry: MM Charge: -0.8200000000, xyz (Ang): -0.1349985000  0.6020028000  10.8769985000
Henry: MM Charge: 0.4100000000, xyz (Ang): -0.7410034000  1.4030064000  10.6389845000
Henry: MM Charge: 0.4100000000, xyz (Ang): -0.6559898000  -0.0600134000  11.4710102000
Henry: MM Charge: -0.8200000000, xyz (Ang): -0.3319975000  -0.0889974000  -8.0850018000
Henry: MM Charge: 0.4100000000, xyz (Ang): 0.2659637000  -0.1240012000  -8.8909595000
Henry: MM Charge: 0.4100000000, xyz (Ang): -0.3510033000  0.8809703000  -7.7869986000
Henry: MM Charge: -0.8200000000, xyz (Ang): -0.6129992000  -7.3689992000  7.5180002000
Henry: MM Charge: 0.4100000000, xyz (Ang): 0.3179682000  -7.1630111000  7.8529720000
Henry: MM Charge: 0.4100000000, xyz (Ang): -0.7459936000  -6.8510067000  6.6580141000
Henry: MM Charge: -0.8200000000, xyz (Ang): -10.1559976000  -2.5480036000  -0.3120000000
Henry: MM Charge: 0.4100000000, xyz (Ang): -10.6800018000  -3.2709877000  0.2019988000
Henry: MM Charge: 0.4100000000, xyz (Ang): -9.1860296000  -2.7999713000  -0.4919976000
Henry: MM Charge: -0.8200000000, xyz (Ang): 7.0270001000  2.2670022000  1.8210009000
Henry: MM Charge: 0.4100000000, xyz (Ang): 7.0280071000  1.6969693000  0.9369676000
Henry: MM Charge: 0.4100000000, xyz (Ang): 6.3029718000  1.9099918000  2.4770141000
Henry: MM Charge: -0.8200000000, xyz (Ang): -3.5479981000  -4.3400037000  -12.8519974000
Henry: MM Charge: 0.4100000000, xyz (Ang): -3.9660285000  -3.5849482000  -13.4450305000
Henry: MM Charge: 0.4100000000, xyz (Ang): -2.5820061000  -4.1079965000  -12.6359959000
Henry: MM Charge: -0.8200000000, xyz (Ang): 4.4899981000  12.2839962000  -7.7770014000
Henry: MM Charge: 0.4100000000, xyz (Ang): 4.9249958000  11.3369672000  -7.6449950000
Henry: MM Charge: 0.4100000000, xyz (Ang): 5.0930096000  13.1350673000  -7.6999933000
Henry: MM Charge: -0.8200000000, xyz (Ang): 1.5380005000  9.0470022000  -8.7239994000
Henry: MM Charge: 0.4100000000, xyz (Ang): 1.9389877000  8.5539962000  -9.5460217000
Henry: MM Charge: 0.4100000000, xyz (Ang): 1.7639788000  10.0399709000  -8.7849918000
Henry: MM Charge: -0.8200000000, xyz (Ang): -7.2689987000  5.2429982000  -1.2269978000
Henry: MM Charge: 0.4100000000, xyz (Ang): -7.0759919000  4.5899766000  -2.0340318000
Henry: MM Charge: 0.4100000000, xyz (Ang): -7.9100031000  5.9500370000  -1.6260098000
Henry: MM Charge: -0.8200000000, xyz (Ang): 5.3649951000  3.3449978000  9.2029995000
Henry: MM Charge: 0.4100000000, xyz (Ang): 4.5169940000  3.8609991000  9.4790026000
Henry: MM Charge: 0.4100000000, xyz (Ang): 6.2110707000  3.9690200000  9.1349858000
Henry: MM Charge: -0.8200000000, xyz (Ang): -5.9969989000  -2.8830009000  -4.4809988000
Henry: MM Charge: 0.4100000000, xyz (Ang): -5.6789955000  -2.3989914000  -5.3280199000
Henry: MM Charge: 0.4100000000, xyz (Ang): -6.9050132000  -2.4249870000  -4.2279875000
Henry: MM Charge: -0.8200000000, xyz (Ang): 7.6619962000  -4.3880053000  0.4340021000
Henry: MM Charge: 0.4100000000, xyz (Ang): 6.7600308000  -4.1449856000  0.8419842000
Henry: MM Charge: 0.4100000000, xyz (Ang): 7.9540108000  -5.3319239000  0.4129827000
Henry: MM Charge: -0.8200000000, xyz (Ang): 2.0809959000  -3.3629998000  8.2569996000
Henry: MM Charge: 0.4100000000, xyz (Ang): 2.2109987000  -2.6969943000  7.4589777000
Henry: MM Charge: 0.4100000000, xyz (Ang): 3.0200529000  -3.4910051000  8.7270061000
Henry: MM Charge: -0.8200000000, xyz (Ang): 7.1739945000  8.5639963000  -5.5739957000
Henry: MM Charge: 0.4100000000, xyz (Ang): 7.3020206000  9.1089875000  -4.7280439000
Henry: MM Charge: 0.4100000000, xyz (Ang): 6.5810572000  7.7500408000  -5.5680182000
Henry: MM Charge: -0.8200000000, xyz (Ang): 2.8770024000  7.5989982000  -10.6079960000
Henry: MM Charge: 0.4100000000, xyz (Ang): 2.3589970000  7.8849874000  -11.4380078000
Henry: MM Charge: 0.4100000000, xyz (Ang): 3.1849755000  6.6630300000  -10.8660258000
Henry: MM Charge: -0.8200000000, xyz (Ang): -4.0479998000  5.2079997000  -0.3340001000
Henry: MM Charge: 0.4100000000, xyz (Ang): -3.9849995000  5.4779995000  -1.3309982000
Henry: MM Charge: 0.4100000000, xyz (Ang): -4.6739997000  5.9329998000  0.0540006000
Henry: MM Charge: -0.8200000000, xyz (Ang): 8.6469961000  4.8280037000  -6.7460052000
Henry: MM Charge: 0.4100000000, xyz (Ang): 8.9089961000  5.7669780000  -6.4099973000
Henry: MM Charge: 0.4100000000, xyz (Ang): 7.9820561000  4.8009749000  -7.4899646000
Henry: MM Charge: -0.8200000000, xyz (Ang): 0.5310049000  -12.8049934000  -3.5840020000
Henry: MM Charge: 0.4100000000, xyz (Ang): 0.4439823000  -13.8561199000  -3.7560094000
Henry: MM Charge: 0.4100000000, xyz (Ang): -0.3140549000  -12.4859902000  -3.0409560000
Henry: MM Charge: -0.8200000000, xyz (Ang): 5.8069947000  -5.5010008000  3.0790077000
Henry: MM Charge: 0.4100000000, xyz (Ang): 5.5730179000  -6.4429780000  2.7379845000
Henry: MM Charge: 0.4100000000, xyz (Ang): 5.3520538000  -5.1690027000  3.8969127000
Henry: MM Charge: -0.8200000000, xyz (Ang): 2.1250021000  2.7049984000  -11.9390006000
Henry: MM Charge: 0.4100000000, xyz (Ang): 2.6930158000  2.8260027000  -12.7729917000
Henry: MM Charge: 0.4100000000, xyz (Ang): 1.1339564000  3.0440131000  -12.0389931000
Henry: MM Charge: -0.8200000000, xyz (Ang): 4.3949935000  -3.8340012000  9.7420014000
Henry: MM Charge: 0.4100000000, xyz (Ang): 5.0790442000  -3.6459717000  8.9229100000
Henry: MM Charge: 0.4100000000, xyz (Ang): 4.9260423000  -4.0210069000  10.6370757000
Henry: MM Charge: -0.8200000000, xyz (Ang): 6.6119961000  2.7050015000  -9.2239947000
Henry: MM Charge: 0.4100000000, xyz (Ang): 6.4070019000  3.4389562000  -8.5600281000
Henry: MM Charge: 0.4100000000, xyz (Ang): 7.3860603000  3.0210241000  -9.8650532000
Henry: MM Charge: -0.8200000000, xyz (Ang): 6.9369979000  -0.3989997000  7.2370068000
Henry: MM Charge: 0.4100000000, xyz (Ang): 7.4810305000  0.1350298000  6.4999589000
Henry: MM Charge: 0.4100000000, xyz (Ang): 6.8490082000  0.1619678000  8.0569417000
Henry: MM Charge: -0.8200000000, xyz (Ang): -4.4079952000  11.3920007000  -3.8919987000
Henry: MM Charge: 0.4100000000, xyz (Ang): -5.4070610000  11.3550088000  -4.2400056000
Henry: MM Charge: 0.4100000000, xyz (Ang): -4.4800090000  12.0919635000  -3.1700179000
Henry: MM Charge: -0.8200000000, xyz (Ang): -4.6859996000  2.9339997000  -3.7499998000
Henry: MM Charge: 0.4100000000, xyz (Ang): -4.4500001000  2.8930012000  -2.7339984000
Henry: MM Charge: 0.4100000000, xyz (Ang): -3.9560006000  2.3950012000  -4.2460001000
Henry: MM Charge: -0.8200000000, xyz (Ang): 6.8189976000  -1.6430000000  -8.2010025000
Henry: MM Charge: 0.4100000000, xyz (Ang): 6.9639931000  -1.6620047000  -7.1509455000
Henry: MM Charge: 0.4100000000, xyz (Ang): 7.7210286000  -1.6390038000  -8.7000143000
Henry: MM Charge: -0.8200000000, xyz (Ang): -2.8519984000  -6.7780004000  8.9279995000
Henry: MM Charge: 0.4100000000, xyz (Ang): -1.8940198000  -7.0109680000  8.6810242000
Henry: MM Charge: 0.4100000000, xyz (Ang): -2.7179858000  -5.8950258000  9.4159824000
Henry: MM Charge: -0.8200000000, xyz (Ang): -3.5939994000  -5.4689991000  -2.3049998000
Henry: MM Charge: 0.4100000000, xyz (Ang): -4.2440023000  -6.1250029000  -1.8199993000
Henry: MM Charge: 0.4100000000, xyz (Ang): -3.9630042000  -4.5240033000  -2.1090012000
Henry: MM Charge: -0.8200000000, xyz (Ang): 1.6629958000  2.2479956000  11.6909963000
Henry: MM Charge: 0.4100000000, xyz (Ang): 1.4809955000  2.7570006000  12.5550076000
Henry: MM Charge: 0.4100000000, xyz (Ang): 0.9750334000  1.5070382000  11.6770370000
Henry: MM Charge: -0.8200000000, xyz (Ang): 3.0259972000  -9.2450020000  -6.0660027000
Henry: MM Charge: 0.4100000000, xyz (Ang): 2.2429945000  -9.7560074000  -5.6140198000
Henry: MM Charge: 0.4100000000, xyz (Ang): 3.7180387000  -8.8369647000  -5.3849717000
Henry: MM Charge: -0.8200000000, xyz (Ang): -5.8369989000  -9.8779960000  4.4129966000
Henry: MM Charge: 0.4100000000, xyz (Ang): -5.8350145000  -10.8410432000  4.8140384000
Henry: MM Charge: 0.4100000000, xyz (Ang): -5.0349985000  -9.7009967000  3.7930075000
Henry: MM Charge: -0.8200000000, xyz (Ang): -11.9649946000  4.3689922000  -3.6240023000
Henry: MM Charge: 0.4100000000, xyz (Ang): -12.1449899000  5.1790601000  -2.9899504000
Henry: MM Charge: 0.4100000000, xyz (Ang): -11.0790629000  4.0350599000  -3.3290008000
Henry: MM Charge: -0.8200000000, xyz (Ang): -6.5559974000  10.5780007000  4.7089973000
Henry: MM Charge: 0.4100000000, xyz (Ang): -5.8850065000  9.8170018000  4.9020127000
Henry: MM Charge: 0.4100000000, xyz (Ang): -7.2340136000  10.5209882000  5.4820181000
Henry: MM Charge: -0.8200000000, xyz (Ang): -0.3930025000  10.0309971000  4.6369980000
Henry: MM Charge: 0.4100000000, xyz (Ang): -0.2400083000  9.4319695000  3.8040023000
Henry: MM Charge: 0.4100000000, xyz (Ang): 0.1200278000  10.9460605000  4.6700318000
Henry: MM Charge: -0.8200000000, xyz (Ang): -1.7629976000  3.8070028000  6.2959967000
Henry: MM Charge: 0.4100000000, xyz (Ang): -1.6490019000  4.5179531000  5.5950376000
Henry: MM Charge: 0.4100000000, xyz (Ang): -0.8880328000  3.3840042000  6.5690033000
Henry: MM Charge: -0.8200000000, xyz (Ang): -3.6309961000  -11.6990038000  -5.8289983000
Henry: MM Charge: 0.4100000000, xyz (Ang): -3.0479976000  -10.8670200000  -5.9109848000
Henry: MM Charge: 0.4100000000, xyz (Ang): -3.0070656000  -12.3819111000  -5.5610208000
Henry: MM Charge: -0.8200000000, xyz (Ang): -4.5889960000  0.1400017000  -9.4029968000
Henry: MM Charge: 0.4100000000, xyz (Ang): -3.8400269000  -0.4469757000  -9.0850146000
Henry: MM Charge: 0.4100000000, xyz (Ang): -5.2760407000  -0.5120533000  -9.9010348000
Henry: MM Charge: -0.8200000000, xyz (Ang): -8.7579975000  6.7409966000  2.3750007000
Henry: MM Charge: 0.4100000000, xyz (Ang): -8.2290012000  7.5890009000  2.1269845000
Henry: MM Charge: 0.4100000000, xyz (Ang): -8.1210362000  5.9710274000  2.4629961000
Henry: MM Charge: -0.8200000000, xyz (Ang): -1.9859999000  8.4319994000  -1.6529999000
Henry: MM Charge: 0.4100000000, xyz (Ang): -1.8800000000  7.9219994000  -0.7549995000
Henry: MM Charge: 0.4100000000, xyz (Ang): -1.1289996000  8.2719999000  -2.2009999000
Henry: MM Charge: -0.8200000000, xyz (Ang): 5.8099995000  -1.4680000000  -3.3980000000
Henry: MM Charge: 0.4100000000, xyz (Ang): 4.7910010000  -1.6189991000  -3.2999982000
Henry: MM Charge: 0.4100000000, xyz (Ang): 5.9749999000  -0.4499989000  -3.3499983000
Henry: MM Charge: -0.8200000000, xyz (Ang): -8.0439979000  5.1360010000  6.4170035000
Henry: MM Charge: 0.4100000000, xyz (Ang): -7.9610135000  5.8200140000  5.6109350000
Henry: MM Charge: 0.4100000000, xyz (Ang): -8.8810245000  4.5649778000  6.2549824000
Henry: MM Charge: -0.8200000000, xyz (Ang): 2.8250020000  0.1499951000  9.7479974000
Henry: MM Charge: 0.4100000000, xyz (Ang): 2.6550178000  0.9570215000  10.3820314000
Henry: MM Charge: 0.4100000000, xyz (Ang): 3.4759599000  -0.3929466000  10.2809775000
Henry: MM Charge: -0.8200000000, xyz (Ang): 9.2529972000  0.6399988000  -6.0400004000
Henry: MM Charge: 0.4100000000, xyz (Ang): 9.5990067000  0.7950026000  -6.9859972000
Henry: MM Charge: 0.4100000000, xyz (Ang): 8.8080261000  -0.2609806000  -5.8909867000
Henry: MM Charge: -0.8200000000, xyz (Ang): 6.0479987000  -6.4079999000  7.2010019000
Henry: MM Charge: 0.4100000000, xyz (Ang): 6.2999862000  -6.2419836000  8.1869891000
Henry: MM Charge: 0.4100000000, xyz (Ang): 6.7810107000  -6.9739993000  6.7239715000
Henry: MM Charge: -0.8200000000, xyz (Ang): -11.1969918000  5.7849916000  1.9229993000
Henry: MM Charge: 0.4100000000, xyz (Ang): -11.7540562000  6.6881192000  2.0910144000
Henry: MM Charge: 0.4100000000, xyz (Ang): -10.2400485000  6.0790018000  2.0999892000
Henry: MM Charge: -0.8200000000, xyz (Ang): 4.5469976000  5.0160030000  5.8450046000
Henry: MM Charge: 0.4100000000, xyz (Ang): 4.1209896000  4.8859680000  4.8669165000
Henry: MM Charge: 0.4100000000, xyz (Ang): 4.1020343000  5.7179889000  6.4570183000
Henry: MM Charge: -0.8200000000, xyz (Ang): -3.2210016000  -12.5930058000  1.4150015000
Henry: MM Charge: 0.4100000000, xyz (Ang): -3.0269818000  -11.7159049000  0.8369858000
Henry: MM Charge: 0.4100000000, xyz (Ang): -2.9249946000  -12.2399769000  2.3169940000
Henry: MM Charge: -0.8200000000, xyz (Ang): -8.3450046000  4.9249974000  -5.8350040000
Henry: MM Charge: 0.4100000000, xyz (Ang): -9.0359038000  4.7610430000  -6.4739160000
Henry: MM Charge: 0.4100000000, xyz (Ang): -8.4080127000  5.9269920000  -5.6440203000
Henry: MM Charge: -0.8200000000, xyz (Ang): 2.3090000000  9.0959991000  -4.6190021000
Henry: MM Charge: 0.4100000000, xyz (Ang): 2.7439904000  8.7080122000  -5.4459738000
Henry: MM Charge: 0.4100000000, xyz (Ang): 1.8040099000  9.9579897000  -4.8429863000
Henry: MM Charge: -0.8200000000, xyz (Ang): 3.0889993000  -1.6690001000  -3.0310000000
Henry: MM Charge: 0.4100000000, xyz (Ang): 2.8270039000  -0.7850020000  -2.5850024000
Henry: MM Charge: 0.4100000000, xyz (Ang): 2.5770041000  -1.7329985000  -3.9300001000
Henry: MM Charge: -0.8200000000, xyz (Ang): 12.0929923000  1.9799987000  -2.2760041000
Henry: MM Charge: 0.4100000000, xyz (Ang): 13.0020772000  1.8159759000  -1.7619531000
Henry: MM Charge: 0.4100000000, xyz (Ang): 11.8220256000  1.0950365000  -2.6529693000
Henry: MM Charge: -0.8200000000, xyz (Ang): 0.4979992000  -1.9919941000  10.3959990000
Henry: MM Charge: 0.4100000000, xyz (Ang): 0.4890009000  -0.9970795000  10.3810177000
Henry: MM Charge: 0.4100000000, xyz (Ang): 0.8529988000  -2.3700059000  9.5069965000
Henry: MM Charge: -0.8200000000, xyz (Ang): 10.7219990000  4.0280015000  -7.9660010000
Henry: MM Charge: 0.4100000000, xyz (Ang): 9.9979842000  4.2039892000  -7.2169456000
Henry: MM Charge: 0.4100000000, xyz (Ang): 11.6209891000  3.9539937000  -7.5180017000
Henry: MM Charge: -0.8200000000, xyz (Ang): -5.1379984000  -1.0289999000  6.8130070000
Henry: MM Charge: 0.4100000000, xyz (Ang): -5.7620559000  -1.3980259000  6.0299078000
Henry: MM Charge: 0.4100000000, xyz (Ang): -5.4909603000  -1.1399754000  7.7559626000
Henry: MM Charge: -0.8200000000, xyz (Ang): 0.8170002000  -9.9999970000  0.2270001000
Henry: MM Charge: 0.4100000000, xyz (Ang): 1.0549963000  -9.2100264000  0.8099950000
Henry: MM Charge: 0.4100000000, xyz (Ang): 1.3000145000  -10.7990265000  0.7100187000
Henry: MM Charge: -0.8200000000, xyz (Ang): -0.0020069000  -8.7479974000  3.9139996000
Henry: MM Charge: 0.4100000000, xyz (Ang): 1.0290820000  -8.9880146000  4.0069984000
Henry: MM Charge: 0.4100000000, xyz (Ang): -0.1329929000  -7.9050143000  4.4800043000
Henry: MM Charge: -0.8200000000, xyz (Ang): 10.3030023000  -0.8479999000  4.4589996000
Henry: MM Charge: 0.4100000000, xyz (Ang): 11.0509718000  -0.3090033000  4.0180119000
Henry: MM Charge: 0.4100000000, xyz (Ang): 10.6109834000  -1.2270025000  5.3669909000
Henry: MM Charge: -0.8200000000, xyz (Ang): -10.6189965000  2.0370068000  3.8469988000
Henry: MM Charge: 0.4100000000, xyz (Ang): -10.9930541000  1.0589226000  3.9940087000
Henry: MM Charge: 0.4100000000, xyz (Ang): -11.4739810000  2.5209607000  3.6420083000
Henry: MM Charge: -0.8200000000, xyz (Ang): -6.8329989000  -0.6750044000  1.5330004000
Henry: MM Charge: 0.4100000000, xyz (Ang): -7.0480108000  0.1520391000  2.1550116000
Henry: MM Charge: 0.4100000000, xyz (Ang): -7.0329951000  -1.5299743000  2.0199834000
Henry: MM Charge: -0.8200000000, xyz (Ang): -7.4400088000  7.2989965000  5.0990052000
Henry: MM Charge: 0.4100000000, xyz (Ang): -6.4738856000  7.6010521000  4.6389047000
Henry: MM Charge: 0.4100000000, xyz (Ang): -8.0559528000  7.8359882000  4.5280148000
Henry: MM Charge: -0.8200000000, xyz (Ang): 7.2660020000  5.3469988000  4.6379971000
Henry: MM Charge: 0.4100000000, xyz (Ang): 6.3689867000  5.1370030000  5.1180195000
Henry: MM Charge: 0.4100000000, xyz (Ang): 7.3139869000  6.3700090000  4.6860132000
Henry: MM Charge: -0.8200000000, xyz (Ang): 1.5889965000  -6.1650000000  -13.1620105000
Henry: MM Charge: 0.4100000000, xyz (Ang): 1.6019983000  -6.1199775000  -12.0608480000
Henry: MM Charge: 0.4100000000, xyz (Ang): 0.6930520000  -5.9210110000  -13.4899741000
Henry: MM Charge: -0.8200000000, xyz (Ang): 0.5459997000  -5.1860002000  -7.7309997000
Henry: MM Charge: 0.4100000000, xyz (Ang): -0.1289840000  -4.9530011000  -6.9990102000
Henry: MM Charge: 0.4100000000, xyz (Ang): 1.1880013000  -5.8919999000  -7.3200015000
Henry: MM Charge: -0.8200000000, xyz (Ang): -1.0200006000  8.6669993000  -9.5339968000
Henry: MM Charge: 0.4100000000, xyz (Ang): -1.0429939000  8.3390070000  -10.5210438000
Henry: MM Charge: 0.4100000000, xyz (Ang): -0.0809895000  8.5029927000  -9.1290028000
Henry: MM Charge: -0.8200000000, xyz (Ang): 0.7640021000  2.5440003000  6.9190012000
Henry: MM Charge: 0.4100000000, xyz (Ang): 1.5809933000  1.9090034000  6.9769867000
Henry: MM Charge: 0.4100000000, xyz (Ang): 0.9119872000  3.3549983000  7.5600031000
Henry: MM Charge: -0.8200000000, xyz (Ang): -1.0709964000  -9.9989924000  7.5449994000
Henry: MM Charge: 0.4100000000, xyz (Ang): -2.0590157000  -10.0799885000  7.8839968000
Henry: MM Charge: 0.4100000000, xyz (Ang): -0.8970204000  -9.0411245000  7.4480086000
Henry: MM Charge: -0.8200000000, xyz (Ang): 0.8230028000  -10.2400006000  9.2950013000
Henry: MM Charge: 0.4100000000, xyz (Ang): 0.4299942000  -9.8219953000  10.1599999000
Henry: MM Charge: 0.4100000000, xyz (Ang): 0.0589457000  -10.1249761000  8.5559481000
Henry: MM Charge: -0.8200000000, xyz (Ang): -9.5399986000  -3.1449983000  -7.3970059000
Henry: MM Charge: 0.4100000000, xyz (Ang): -9.8359879000  -3.1670046000  -8.3289085000
Henry: MM Charge: 0.4100000000, xyz (Ang): -8.6680356000  -2.6470145000  -7.2669879000
Henry: MM Charge: -0.8200000000, xyz (Ang): -0.3580019000  -8.3130024000  -10.1109964000
Henry: MM Charge: 0.4100000000, xyz (Ang): -0.3610027000  -8.6320008000  -11.0930318000
Henry: MM Charge: 0.4100000000, xyz (Ang): 0.4640101000  -7.7039946000  -9.9509856000
Henry: MM Charge: -0.8200000000, xyz (Ang): 0.4659917000  11.1079991000  -5.5669956000
Henry: MM Charge: 0.4100000000, xyz (Ang): 0.8360328000  12.0800409000  -5.7740004000
Henry: MM Charge: 0.4100000000, xyz (Ang): -0.3259005000  11.2229769000  -5.0070666000
Henry: MM Charge: -0.8200000000, xyz (Ang): 8.7290003000  3.2349988000  -1.8350093000
Henry: MM Charge: 0.4100000000, xyz (Ang): 7.9119650000  3.6550207000  -1.3009369000
Henry: MM Charge: 0.4100000000, xyz (Ang): 8.5970270000  3.0920063000  -2.8159255000
Henry: MM Charge: -0.8200000000, xyz (Ang): -3.6479984000  8.7010008000  2.2940009000
Henry: MM Charge: 0.4100000000, xyz (Ang): -3.6980113000  8.1600056000  1.4209802000
Henry: MM Charge: 0.4100000000, xyz (Ang): -3.8009993000  9.6549667000  2.0159935000
Henry: MM Charge: -0.8200000000, xyz (Ang): -8.1710011000  -1.3729990000  -4.0180003000
Henry: MM Charge: 0.4100000000, xyz (Ang): -9.0739744000  -1.3379989000  -3.5299988000
Henry: MM Charge: 0.4100000000, xyz (Ang): -7.5489990000  -0.8600036000  -3.3879924000
Henry: MM Charge: -0.8200000000, xyz (Ang): 7.2179987000  -3.5229991000  -2.1479989000
Henry: MM Charge: 0.4100000000, xyz (Ang): 7.2190057000  -3.7760021000  -1.1570227000
Henry: MM Charge: 0.4100000000, xyz (Ang): 6.5470087000  -2.7820113000  -2.3880016000
Henry: MM Charge: -0.8200000000, xyz (Ang): -9.0390007000  -2.2190009000  3.8909988000
Henry: MM Charge: 0.4100000000, xyz (Ang): -8.7989866000  -1.5699892000  4.6610104000
Henry: MM Charge: 0.4100000000, xyz (Ang): -9.9469979000  -2.6529965000  4.0220004000
Henry: MM Charge: -0.8200000000, xyz (Ang): 2.5850024000  11.4690020000  -9.2930017000
Henry: MM Charge: 0.4100000000, xyz (Ang): 3.2509714000  11.9390149000  -8.6680300000
Henry: MM Charge: 0.4100000000, xyz (Ang): 2.5090124000  12.1109504000  -10.0179170000
Henry: MM Charge: -0.8200000000, xyz (Ang): -7.1269990000  11.1050000000  -4.2540019000
Henry: MM Charge: 0.4100000000, xyz (Ang): -7.9130258000  11.7520376000  -4.4460179000
Henry: MM Charge: 0.4100000000, xyz (Ang): -7.2049848000  10.4049571000  -3.4639469000
Henry: MM Charge: -0.8200000000, xyz (Ang): 1.6009976000  -2.0490020000  12.9619862000
Henry: MM Charge: 0.4100000000, xyz (Ang): 1.1220741000  -1.9590075000  12.1411438000
Henry: MM Charge: 0.4100000000, xyz (Ang): 1.1239581000  -1.4729473000  13.7070591000
Henry: MM Charge: -0.8200000000, xyz (Ang): -0.2220003000  1.4239994000  -5.0419993000
Henry: MM Charge: 0.4100000000, xyz (Ang): -0.2279928000  0.9000140000  -4.1640088000
Henry: MM Charge: 0.4100000000, xyz (Ang): 0.7610031000  1.4260018000  -5.3690004000
Henry: MM Charge: -0.8200000000, xyz (Ang): -6.3860020000  -9.7130041000  8.6620026000
Henry: MM Charge: 0.4100000000, xyz (Ang): -5.8119755000  -8.9259574000  8.2389531000
Henry: MM Charge: 0.4100000000, xyz (Ang): -7.2430056000  -9.6479682000  8.0929915000
Henry: MM Charge: -0.8200000000, xyz (Ang): -11.5219975000  4.8499989000  -0.6159934000
Henry: MM Charge: 0.4100000000, xyz (Ang): -10.8060212000  4.1350349000  -0.5180261000
Henry: MM Charge: 0.4100000000, xyz (Ang): -11.7350115000  5.3519872000  0.2219264000
Henry: MM Charge: -0.8200000000, xyz (Ang): 6.4439976000  -12.5200018000  1.3679984000
Henry: MM Charge: 0.4100000000, xyz (Ang): 7.3480083000  -12.7119825000  0.9460147000
Henry: MM Charge: 0.4100000000, xyz (Ang): 6.6700222000  -11.9449846000  2.1880131000
Henry: MM Charge: -0.8200000000, xyz (Ang): 5.6039972000  8.7200015000  -0.2830010000
Henry: MM Charge: 0.4100000000, xyz (Ang): 6.6510353000  8.7229996000  -0.3709975000
Henry: MM Charge: 0.4100000000, xyz (Ang): 5.1729872000  9.6629972000  -0.3859856000
Henry: MM Charge: -0.8200000000, xyz (Ang): -1.2740000000  -6.9379990000  -2.2249999000
Henry: MM Charge: 0.4100000000, xyz (Ang): -2.0370001000  -6.2410048000  -2.2030003000
Henry: MM Charge: 0.4100000000, xyz (Ang): -0.9879992000  -7.0170026000  -3.2180005000
Henry: MM Charge: -0.8200000000, xyz (Ang): 0.8359998000  -8.8120029000  -2.3270006000
Henry: MM Charge: 0.4100000000, xyz (Ang): 0.9269935000  -9.2839564000  -1.4370305000
Henry: MM Charge: 0.4100000000, xyz (Ang): 0.2150110000  -8.0300027000  -2.0739755000
Henry: MM Charge: -0.8200000000, xyz (Ang): -0.6660005000  -3.9639997000  11.7839989000
Henry: MM Charge: 0.4100000000, xyz (Ang): -0.1259865000  -3.2610065000  11.2500033000
Henry: MM Charge: 0.4100000000, xyz (Ang): -0.0750009000  -4.7809877000  11.8959903000
Henry: MM Charge: -0.8200000000, xyz (Ang): -6.0289978000  7.8860012000  -5.4719963000
Henry: MM Charge: 0.4100000000, xyz (Ang): -5.3180267000  8.1629756000  -4.8280405000
Henry: MM Charge: 0.4100000000, xyz (Ang): -6.9800021000  7.8599993000  -5.1000113000
Henry: MM Charge: -0.8200000000, xyz (Ang): -7.4719973000  0.5229970000  -6.2490012000
Henry: MM Charge: 0.4100000000, xyz (Ang): -7.1739907000  -0.4069718000  -6.5249845000
Henry: MM Charge: 0.4100000000, xyz (Ang): -8.4960365000  0.5640168000  -6.0559957000
Henry: MM Charge: -0.8200000000, xyz (Ang): -2.1120004000  8.1250001000  8.7220014000
Henry: MM Charge: 0.4100000000, xyz (Ang): -2.5109834000  8.1609990000  9.6459732000
Henry: MM Charge: 0.4100000000, xyz (Ang): -1.6639912000  9.0159679000  8.5319967000
Henry: MM Charge: -0.8200000000, xyz (Ang): -11.7539976000  -2.2360033000  -6.0289977000
Henry: MM Charge: 0.4100000000, xyz (Ang): -10.8379907000  -2.6440076000  -6.2659858000
Henry: MM Charge: 0.4100000000, xyz (Ang): -12.0990289000  -1.5219411000  -6.7070370000
Henry: MM Charge: -0.8200000000, xyz (Ang): -3.4130000000  -5.0149997000  2.3899994000
Henry: MM Charge: 0.4100000000, xyz (Ang): -3.6849983000  -5.2739987000  3.3520018000
Henry: MM Charge: 0.4100000000, xyz (Ang): -2.4269973000  -5.2909981000  2.2350044000
Henry: MM Charge: -0.8200000000, xyz (Ang): -2.9479999000  5.0939999000  2.1739999000
Henry: MM Charge: 0.4100000000, xyz (Ang): -2.4639980000  4.2219955000  2.4719996000
Henry: MM Charge: 0.4100000000, xyz (Ang): -3.3089993000  4.9919982000  1.2079993000
Henry: MM Charge: -0.8200000000, xyz (Ang): -4.4230035000  2.5160021000  -11.6069994000
Henry: MM Charge: 0.4100000000, xyz (Ang): -5.3829323000  2.6689856000  -11.3710000000
Henry: MM Charge: 0.4100000000, xyz (Ang): -4.1189989000  1.6799844000  -11.0979908000
Henry: MM Charge: -0.8200000000, xyz (Ang): 4.9499996000  2.4280050000  6.7280031000
Henry: MM Charge: 0.4100000000, xyz (Ang): 5.1319922000  2.5579897000  7.6969234000
Henry: MM Charge: 0.4100000000, xyz (Ang): 4.8410176000  3.3689303000  6.4060379000
Henry: MM Charge: -0.8200000000, xyz (Ang): -2.7419982000  0.1529963000  -13.7360005000
Henry: MM Charge: 0.4100000000, xyz (Ang): -3.2990198000  1.0260447000  -13.6859907000
Henry: MM Charge: 0.4100000000, xyz (Ang): -1.8580086000  0.3680142000  -13.2529909000
Henry: MM Charge: -0.8200000000, xyz (Ang): -5.2860033000  11.8409956000  2.7900048000
Henry: MM Charge: 0.4100000000, xyz (Ang): -4.6500006000  12.4830088000  3.2700010000
Henry: MM Charge: 0.4100000000, xyz (Ang): -5.8749530000  11.4440383000  3.4839332000
Henry: MM Charge: -0.8200000000, xyz (Ang): -0.2359914000  -8.7899967000  11.3249981000
Henry: MM Charge: 0.4100000000, xyz (Ang): -1.0820237000  -8.2099622000  11.5690097000
Henry: MM Charge: 0.4100000000, xyz (Ang): 0.4728793000  -8.1380746000  11.2580095000
Henry: MM Charge: -0.8200000000, xyz (Ang): -4.6010015000  -2.9460006000  12.1259946000
Henry: MM Charge: 0.4100000000, xyz (Ang): -4.4459775000  -2.5919773000  13.0950534000
Henry: MM Charge: 0.4100000000, xyz (Ang): -4.0469940000  -2.3749982000  11.4990160000
Henry: MM Charge: -0.8200000000, xyz (Ang): -8.2129981000  -0.0459939000  -9.6749970000
Henry: MM Charge: 0.4100000000, xyz (Ang): -8.0870515000  0.8410025000  -9.1909993000
Henry: MM Charge: 0.4100000000, xyz (Ang): -7.4689527000  -0.7481216000  -10.0480460000
Henry: MM Charge: -0.8200000000, xyz (Ang): -6.8039990000  -2.0550025000  -7.5189965000
Henry: MM Charge: 0.4100000000, xyz (Ang): -5.9570300000  -2.5129783000  -7.2369975000
Henry: MM Charge: 0.4100000000, xyz (Ang): -6.6229822000  -1.6919840000  -8.4820476000
Henry: MM Charge: -0.8200000000, xyz (Ang): 4.7959969000  -1.3480035000  10.7580004000
Henry: MM Charge: 0.4100000000, xyz (Ang): 4.5559957000  -2.1589927000  10.1729969000
Henry: MM Charge: 0.4100000000, xyz (Ang): 5.4750370000  -0.6949531000  10.2849741000
Henry: MM Charge: -0.8200000000, xyz (Ang): 3.8420033000  9.8870042000  9.1800043000
Henry: MM Charge: 0.4100000000, xyz (Ang): 4.5440473000  9.1549319000  8.8829887000
Henry: MM Charge: 0.4100000000, xyz (Ang): 2.9358855000  9.8329908000  8.6189428000
Henry: MM Charge: -0.8200000000, xyz (Ang): 10.9319992000  4.4090051000  -0.7240003000
Henry: MM Charge: 0.4100000000, xyz (Ang): 11.7990170000  3.9039666000  -0.4869883000
Henry: MM Charge: 0.4100000000, xyz (Ang): 10.3079822000  3.6369322000  -1.0840031000
Henry: MM Charge: -0.8200000000, xyz (Ang): 4.8879995000  -3.0949979000  -11.7670013000
Henry: MM Charge: 0.4100000000, xyz (Ang): 4.3670127000  -3.5959788000  -12.4619824000
Henry: MM Charge: 0.4100000000, xyz (Ang): 4.8889840000  -2.1200486000  -12.0100007000
Henry: MM Charge: -0.8200000000, xyz (Ang): -5.0710042000  -7.5840026000  7.5870007000
Henry: MM Charge: 0.4100000000, xyz (Ang): -4.1739318000  -7.0829419000  7.9050003000
Henry: MM Charge: 0.4100000000, xyz (Ang): -5.0449963000  -7.5809959000  6.5589726000
Henry: MM Charge: -0.8200000000, xyz (Ang): 2.7529999000  -5.5110002000  3.0109999000
Henry: MM Charge: 0.4100000000, xyz (Ang): 2.4869986000  -5.2289955000  3.9659974000
Henry: MM Charge: 0.4100000000, xyz (Ang): 3.2339997000  -6.4099974000  3.0390002000
Henry: MM Charge: -0.8200000000, xyz (Ang): -3.4350002000  4.5450027000  -8.3880007000
Henry: MM Charge: 0.4100000000, xyz (Ang): -4.2469751000  4.9469560000  -7.9520034000
Henry: MM Charge: 0.4100000000, xyz (Ang): -3.4940139000  3.5529842000  -8.0559777000
Henry: MM Charge: -0.8200000000, xyz (Ang): 9.1629944000  0.1189967000  9.8190002000
Henry: MM Charge: 0.4100000000, xyz (Ang): 9.8030427000  0.9310586000  9.6549858000
Henry: MM Charge: 0.4100000000, xyz (Ang): 8.1950207000  0.3400018000  9.6180017000
Henry: MM Charge: -0.8200000000, xyz (Ang): -7.2039952000  -0.5829939000  -1.3400019000
Henry: MM Charge: 0.4100000000, xyz (Ang): -6.7450436000  -0.0080802000  -1.9989709000
Henry: MM Charge: 0.4100000000, xyz (Ang): -7.3600242000  -0.3130341000  -0.3670045000
Henry: MM Charge: -0.8200000000, xyz (Ang): -0.4510077000  0.7090075000  -12.1840019000
Henry: MM Charge: 0.4100000000, xyz (Ang): -0.9939845000  0.9649784000  -11.3720194000
Henry: MM Charge: 0.4100000000, xyz (Ang): 0.3281168000  0.0118981000  -11.8619416000
Henry: MM Charge: -0.8200000000, xyz (Ang): -4.5229998000  -5.6749983000  4.8230001000
Henry: MM Charge: 0.4100000000, xyz (Ang): -5.1109875000  -5.0490210000  5.3559919000
Henry: MM Charge: 0.4100000000, xyz (Ang): -5.1499987000  -6.3929982000  4.4320035000
Henry: MM Charge: -0.8200000000, xyz (Ang): 9.7620004000  0.9089971000  -0.9489972000
Henry: MM Charge: 0.4100000000, xyz (Ang): 9.3479732000  1.8490466000  -1.2330187000
Henry: MM Charge: 0.4100000000, xyz (Ang): 10.0219942000  0.5260045000  -1.8750151000
Henry: MM Charge: -0.8200000000, xyz (Ang): -5.5279983000  5.9160003000  9.3770016000
Henry: MM Charge: 0.4100000000, xyz (Ang): -5.6880064000  5.2329979000  10.1119960000
Henry: MM Charge: 0.4100000000, xyz (Ang): -5.5330228000  5.4379744000  8.4349502000
Henry: MM Charge: -0.8200000000, xyz (Ang): 8.3499986000  2.5289987000  -4.4059994000
Henry: MM Charge: 0.4100000000, xyz (Ang): 8.8880291000  1.8989836000  -5.0510102000
Henry: MM Charge: 0.4100000000, xyz (Ang): 8.4100003000  3.4930184000  -4.7709871000
Henry: MM Charge: -0.8200000000, xyz (Ang): 2.8359963000  6.5399947000  7.2620003000
Henry: MM Charge: 0.4100000000, xyz (Ang): 2.1590583000  5.9430570000  7.6629770000
Henry: MM Charge: 0.4100000000, xyz (Ang): 2.4979964000  7.5130159000  7.2850176000
Henry: MM Charge: -0.8200000000, xyz (Ang): 3.3450048000  -9.7280008000  8.5399964000
Henry: MM Charge: 0.4100000000, xyz (Ang): 3.2459907000  -8.7859743000  8.1049845000
Henry: MM Charge: 0.4100000000, xyz (Ang): 2.4269431000  -9.9500066000  9.0460411000
Henry: MM Charge: -0.8200000000, xyz (Ang): 4.9579988000  -8.2499947000  -3.9040049000
Henry: MM Charge: 0.4100000000, xyz (Ang): 5.1150103000  -9.1210519000  -3.3109383000
Henry: MM Charge: 0.4100000000, xyz (Ang): 5.8960110000  -7.9869861000  -4.2599767000
Henry: MM Charge: -0.8200000000, xyz (Ang): 5.0299969000  -7.9439972000  2.2999959000
Henry: MM Charge: 0.4100000000, xyz (Ang): 4.4090486000  -8.0690003000  1.5230385000
Henry: MM Charge: 0.4100000000, xyz (Ang): 5.0820068000  -8.8260292000  2.8420223000
Henry: MM Charge: -0.8200000000, xyz (Ang): 2.3549998000  -5.2020016000  13.1330006000
Henry: MM Charge: 0.4100000000, xyz (Ang): 2.2390194000  -4.1979955000  12.9899970000
Henry: MM Charge: 0.4100000000, xyz (Ang): 3.2959878000  -5.2839793000  13.4849857000
Henry: MM Charge: -0.8200000000, xyz (Ang): -6.5460041000  -11.9249955000  -1.4979953000
Henry: MM Charge: 0.4100000000, xyz (Ang): -5.7999631000  -11.9279913000  -2.2580717000
Henry: MM Charge: 0.4100000000, xyz (Ang): -6.9259577000  -11.0130714000  -1.5390107000
Henry: MM Charge: -0.8200000000, xyz (Ang): 2.2059999000  -4.9080000000  5.6359999000
Henry: MM Charge: 0.4100000000, xyz (Ang): 3.2429989000  -4.9219977000  5.6279981000
Henry: MM Charge: 0.4100000000, xyz (Ang): 1.9019994000  -4.4549979000  6.5009973000
Henry: MM Charge: -0.8200000000, xyz (Ang): -2.3649963000  -7.2670001000  11.8649999000
Henry: MM Charge: 0.4100000000, xyz (Ang): -3.1920442000  -7.3469933000  11.2449923000
Henry: MM Charge: 0.4100000000, xyz (Ang): -2.7420096000  -6.9879978000  12.7659913000
Henry: MM Charge: -0.8200000000, xyz (Ang): 4.8030002000  -10.7639990000  3.6439999000
Henry: MM Charge: 0.4100000000, xyz (Ang): 4.7250129000  -11.7340041000  3.9490017000
Henry: MM Charge: 0.4100000000, xyz (Ang): 5.8079803000  -10.5680057000  3.7339937000
Henry: MM Charge: -0.8200000000, xyz (Ang): -2.0459983000  11.8059955000  -1.1790017000
Henry: MM Charge: 0.4100000000, xyz (Ang): -2.2919821000  10.8330220000  -1.0599995000
Henry: MM Charge: 0.4100000000, xyz (Ang): -2.7460415000  12.4980472000  -0.8019769000
Henry: MM Charge: -0.8200000000, xyz (Ang): -2.9209995000  1.1389996000  -4.7649995000
Henry: MM Charge: 0.4100000000, xyz (Ang): -2.9880042000  0.5130038000  -3.9540012000
Henry: MM Charge: 0.4100000000, xyz (Ang): -1.9240021000  1.3330033000  -4.9620021000
Henry: MM Charge: -0.8200000000, xyz (Ang): 9.0139992000  11.5189939000  -0.1160006000
Henry: MM Charge: 0.4100000000, xyz (Ang): 9.9869793000  11.6909867000  0.0579975000
Henry: MM Charge: 0.4100000000, xyz (Ang): 8.8690181000  10.5510893000  -0.1499890000
Henry: MM Charge: -0.8200000000, xyz (Ang): -5.6010086000  -6.5060017000  1.5099989000
Henry: MM Charge: 0.4100000000, xyz (Ang): -4.5698864000  -6.1899575000  1.6470051000
Henry: MM Charge: 0.4100000000, xyz (Ang): -6.0119651000  -5.6640225000  1.1510084000
Henry: MM Charge: -0.8200000000, xyz (Ang): -3.3480002000  1.3620000000  5.0389998000
Henry: MM Charge: 0.4100000000, xyz (Ang): -2.6579978000  1.1879988000  5.7919986000
Henry: MM Charge: 0.4100000000, xyz (Ang): -4.2349969000  1.6309990000  5.4679990000
Henry: MM Charge: -0.8200000000, xyz (Ang): -2.7689924000  -7.0040025000  -10.1899944000
Henry: MM Charge: 0.4100000000, xyz (Ang): -3.1850231000  -7.1889999000  -11.1550810000
Henry: MM Charge: 0.4100000000, xyz (Ang): -1.8580818000  -7.3699510000  -10.1070019000
Henry: MM Charge: -0.8200000000, xyz (Ang): -0.8289980000  -13.1149978000  3.3789974000
Henry: MM Charge: 0.4100000000, xyz (Ang): -1.3550287000  -13.9600393000  3.6910254000
Henry: MM Charge: 0.4100000000, xyz (Ang): 0.1660010000  -13.2829902000  3.2800027000
Henry: MM Charge: -0.8200000000, xyz (Ang): -8.0350022000  10.3199982000  -0.1390046000
Henry: MM Charge: 0.4100000000, xyz (Ang): -8.7949573000  10.9599677000  -0.1150010000
Henry: MM Charge: 0.4100000000, xyz (Ang): -8.0990011000  9.7110499000  -0.9149253000
Henry: MM Charge: -0.8200000000, xyz (Ang): -7.5160032000  -3.0960018000  -0.6649991000
Henry: MM Charge: 0.4100000000, xyz (Ang): -7.4939941000  -2.0699625000  -0.9170045000
Henry: MM Charge: 0.4100000000, xyz (Ang): -6.5239652000  -3.3259951000  -0.8970031000
Henry: MM Charge: -0.8200000000, xyz (Ang): 4.2510002000  1.1490003000  0.7789998000
Henry: MM Charge: 0.4100000000, xyz (Ang): 3.7549960000  0.9569985000  -0.0949939000
Henry: MM Charge: 0.4100000000, xyz (Ang): 4.9339953000  0.3989978000  0.9420017000
Henry: MM Charge: -0.8200000000, xyz (Ang): 3.4100069000  -7.4989957000  -1.8599990000
Henry: MM Charge: 0.4100000000, xyz (Ang): 4.0409725000  -7.8319973000  -2.5859634000
Henry: MM Charge: 0.4100000000, xyz (Ang): 2.4799283000  -7.9050418000  -2.2110400000
Henry: MM Charge: -0.8200000000, xyz (Ang): -4.0549995000  -4.8819995000  -5.0899995000
Henry: MM Charge: 0.4100000000, xyz (Ang): -4.8530020000  -4.2620001000  -4.9030010000
Henry: MM Charge: 0.4100000000, xyz (Ang): -3.8530011000  -5.3820019000  -4.2130007000
Henry: MM Charge: -0.8200000000, xyz (Ang): 1.4110028000  9.1729969000  6.7749965000
Henry: MM Charge: 0.4100000000, xyz (Ang): 1.0029776000  9.4270168000  7.6960433000
Henry: MM Charge: 0.4100000000, xyz (Ang): 0.7049809000  9.4600205000  6.0740005000
Henry: MM Charge: -0.8200000000, xyz (Ang): -9.0689987000  -8.4829986000  -3.2989974000
Henry: MM Charge: 0.4100000000, xyz (Ang): -9.4220098000  -9.1930667000  -4.0000583000
Henry: MM Charge: 0.4100000000, xyz (Ang): -9.7380072000  -7.7149477000  -3.0409728000
Henry: MM Charge: -0.8200000000, xyz (Ang): 9.0340011000  -5.4490011000  -6.0889931000
Henry: MM Charge: 0.4100000000, xyz (Ang): 8.9760050000  -5.3379943000  -7.1360792000
Henry: MM Charge: 0.4100000000, xyz (Ang): 9.9569637000  -5.7489830000  -5.8700116000
Henry: MM Charge: -0.8200000000, xyz (Ang): 1.1579948000  -2.4819974000  -14.0489985000
Henry: MM Charge: 0.4100000000, xyz (Ang): 0.8079765000  -2.5870057000  -13.0829870000
Henry: MM Charge: 0.4100000000, xyz (Ang): 2.1251029000  -2.8780347000  -14.2270250000
Henry: MM Charge: -0.8200000000, xyz (Ang): -4.3259988000  6.2130031000  -2.8890047000
Henry: MM Charge: 0.4100000000, xyz (Ang): -4.5379899000  7.1719323000  -3.0779995000
Henry: MM Charge: 0.4100000000, xyz (Ang): -4.0250277000  5.8250467000  -3.7319262000
Henry: MM Charge: -0.8200000000, xyz (Ang): -7.3300011000  1.2969993000  3.3049984000
Henry: MM Charge: 0.4100000000, xyz (Ang): -8.0029936000  1.9469834000  2.9020103000
Henry: MM Charge: 0.4100000000, xyz (Ang): -6.6909838000  1.8420218000  3.9130129000
Henry: MM Charge: -0.8200000000, xyz (Ang): -4.9349990000  -3.0859996000  -1.9969999000
Henry: MM Charge: 0.4100000000, xyz (Ang): -4.4770073000  -2.1630000000  -1.9360005000
Henry: MM Charge: 0.4100000000, xyz (Ang): -5.3750028000  -3.1030006000  -2.9329999000
Henry: MM Charge: -0.8200000000, xyz (Ang): 2.0660009000  -6.7789974000  -6.3249987000
Henry: MM Charge: 0.4100000000, xyz (Ang): 2.7219751000  -6.2130175000  -5.7900255000
Henry: MM Charge: 0.4100000000, xyz (Ang): 2.4060036000  -7.7660113000  -6.3379966000
Henry: MM Charge: -0.8200000000, xyz (Ang): -0.5020001000  -6.9449993000  -4.9099995000
Henry: MM Charge: 0.4100000000, xyz (Ang): 0.4130011000  -7.0850007000  -5.3570006000
Henry: MM Charge: 0.4100000000, xyz (Ang): -0.8739995000  -6.0460013000  -5.2550014000
Henry: MM Charge: -0.8200000000, xyz (Ang): 9.4380002000  -2.6820012000  -3.3150007000
Henry: MM Charge: 0.4100000000, xyz (Ang): 10.0099797000  -3.5219746000  -3.2209885000
Henry: MM Charge: 0.4100000000, xyz (Ang): 8.7660134000  -2.8410128000  -2.5419724000
Henry: MM Charge: -0.8200000000, xyz (Ang): 6.5579987000  0.8259970000  9.6589981000
Henry: MM Charge: 0.4100000000, xyz (Ang): 6.7680089000  0.9940180000  10.6540121000
Henry: MM Charge: 0.4100000000, xyz (Ang): 6.4060231000  1.7820229000  9.2849924000
Henry: MM Charge: -0.8200000000, xyz (Ang): 7.8560033000  8.4129983000  -8.7139964000
Henry: MM Charge: 0.4100000000, xyz (Ang): 7.8640110000  8.3229938000  -7.7050069000
Henry: MM Charge: 0.4100000000, xyz (Ang): 6.9189344000  8.6760199000  -9.1280401000
Henry: MM Charge: -0.8200000000, xyz (Ang): -1.6749969000  11.8820007000  -3.9439954000
Henry: MM Charge: 0.4100000000, xyz (Ang): -2.6030259000  11.4039748000  -3.9929879000
Henry: MM Charge: 0.4100000000, xyz (Ang): -1.3940159000  11.9009972000  -2.9940772000
Henry: MM Charge: -0.8200000000, xyz (Ang): -3.8560014000  5.1539937000  -11.0780026000
Henry: MM Charge: 0.4100000000, xyz (Ang): -3.8070005000  5.1370155000  -10.0399730000
Henry: MM Charge: 0.4100000000, xyz (Ang): -3.8079886000  4.2150712000  -11.4129759000
Henry: MM Charge: -0.8200000000, xyz (Ang): 9.7940054000  -6.3759962000  2.7460008000
Henry: MM Charge: 0.4100000000, xyz (Ang): 10.7149095000  -6.3200096000  2.4300194000
Henry: MM Charge: 0.4100000000, xyz (Ang): 9.2439834000  -6.9450239000  2.0439671000
Henry: MM Charge: -0.8200000000, xyz (Ang): -11.4429986000  -4.4669995000  1.0890003000
Henry: MM Charge: 0.4100000000, xyz (Ang): -12.4390354000  -4.3799828000  0.8109852000
Henry: MM Charge: 0.4100000000, xyz (Ang): -11.1879719000  -5.3410131000  1.5650062000
Henry: MM Charge: -0.8200000000, xyz (Ang): 0.8929947000  13.5899987000  -6.1609955000
Henry: MM Charge: 0.4100000000, xyz (Ang): 1.0379988000  14.1260138000  -7.0230173000
Henry: MM Charge: 0.4100000000, xyz (Ang): 0.0340641000  13.9359734000  -5.7870538000
Henry: MM Charge: -0.8200000000, xyz (Ang): -8.7249961000  -1.1479983000  6.4579999000
Henry: MM Charge: 0.4100000000, xyz (Ang): -8.3659889000  -2.1150262000  6.5949886000
Henry: MM Charge: 0.4100000000, xyz (Ang): -9.7400633000  -1.1019941000  6.7030005000
Henry: MM Charge: -0.8200000000, xyz (Ang): -6.5709980000  -11.1049985000  -4.9789942000
Henry: MM Charge: 0.4100000000, xyz (Ang): -6.2919846000  -11.7450255000  -5.7500368000
Henry: MM Charge: 0.4100000000, xyz (Ang): -5.7820578000  -11.0149836000  -4.3840506000
Henry: MM Charge: -0.8200000000, xyz (Ang): 5.1759999000  -3.5070001000  1.0949997000
Henry: MM Charge: 0.4100000000, xyz (Ang): 5.0389971000  -4.2009971000  1.8420006000
Henry: MM Charge: 0.4100000000, xyz (Ang): 4.3489978000  -3.4919967000  0.4740040000
Henry: MM Charge: -0.8200000000, xyz (Ang): 2.7720027000  -9.2819969000  4.9139968000
Henry: MM Charge: 0.4100000000, xyz (Ang): 3.6859694000  -9.4209861000  4.5260208000
Henry: MM Charge: 0.4100000000, xyz (Ang): 2.5459951000  -10.1820583000  5.4510293000
Henry: MM Charge: -0.8200000000, xyz (Ang): -1.2329947000  14.4889987000  -4.6609985000
Henry: MM Charge: 0.4100000000, xyz (Ang): -1.6060434000  13.5920318000  -4.3380106000
Henry: MM Charge: 0.4100000000, xyz (Ang): -2.1420398000  14.8669766000  -4.9469933000
Henry: MM Charge: -0.8200000000, xyz (Ang): -3.7649983000  2.0149986000  -7.5299929000
Henry: MM Charge: 0.4100000000, xyz (Ang): -4.4140241000  1.3619868000  -8.0230135000
Henry: MM Charge: 0.4100000000, xyz (Ang): -3.6650062000  1.8260352000  -6.5730908000
Henry: MM Charge: -0.8200000000, xyz (Ang): -4.0889991000  -0.4640005000  -2.3049998000
Henry: MM Charge: 0.4100000000, xyz (Ang): -4.1160040000  -0.0929953000  -1.3429981000
Henry: MM Charge: 0.4100000000, xyz (Ang): -4.8610020000  -0.0539980000  -2.8489996000
Henry: MM Charge: -0.8200000000, xyz (Ang): 2.7219997000  0.8260004000  7.2760030000
Henry: MM Charge: 0.4100000000, xyz (Ang): 2.6279929000  0.4830008000  8.2469695000
Henry: MM Charge: 0.4100000000, xyz (Ang): 3.6880013000  1.1289852000  7.1049978000
Henry: MM Charge: -0.8200000000, xyz (Ang): 3.2310001000  1.7580004000  3.2160000000
Henry: MM Charge: 0.4100000000, xyz (Ang): 3.3779959000  1.5309949000  2.2190000000
Henry: MM Charge: 0.4100000000, xyz (Ang): 4.0879972000  1.4199968000  3.6739978000
Henry: MM Charge: -0.8200000000, xyz (Ang): 1.3659999000  8.0879994000  -0.2990000000
Henry: MM Charge: 0.4100000000, xyz (Ang): 2.2790008000  7.5980002000  -0.2879997000
Henry: MM Charge: 0.4100000000, xyz (Ang): 0.9930004000  8.0000004000  -1.2539998000
Henry: MM Charge: -0.8200000000, xyz (Ang): -1.4359999000  -4.5209996000  -5.8769993000
Henry: MM Charge: 0.4100000000, xyz (Ang): -1.2899998000  -3.4989997000  -5.9480029000
Henry: MM Charge: 0.4100000000, xyz (Ang): -2.4330006000  -4.6760009000  -5.6450020000
Henry: MM Charge: -0.8200000000, xyz (Ang): 5.4769978000  -6.8950064000  -11.0740010000
Henry: MM Charge: 0.4100000000, xyz (Ang): 6.0320490000  -5.9989135000  -10.9699803000
Henry: MM Charge: 0.4100000000, xyz (Ang): 4.4779762000  -6.6269790000  -11.0839978000
Henry: MM Charge: -0.8200000000, xyz (Ang): 3.3840014000  4.9489991000  -10.4959992000
Henry: MM Charge: 0.4100000000, xyz (Ang): 3.0119985000  4.1600254000  -11.0189889000
Henry: MM Charge: 0.4100000000, xyz (Ang): 2.6089806000  5.2199978000  -9.8740098000
Henry: MM Charge: -0.8200000000, xyz (Ang): 9.7660003000  2.5430012000  2.3780017000
Henry: MM Charge: 0.4100000000, xyz (Ang): 10.1399665000  2.3230029000  1.4740167000
Henry: MM Charge: 0.4100000000, xyz (Ang): 8.7760440000  2.4299988000  2.2009803000
Henry: MM Charge: -0.8200000000, xyz (Ang): 1.6290015000  5.3160015000  -8.0839985000
Henry: MM Charge: 0.4100000000, xyz (Ang): 0.5929546000  5.4310160000  -8.2889899000
Henry: MM Charge: 0.4100000000, xyz (Ang): 1.9450148000  4.3299656000  -8.2390159000
Henry: MM Charge: -0.8200000000, xyz (Ang): 2.6360015000  12.8559985000  3.3939961000
Henry: MM Charge: 0.4100000000, xyz (Ang): 2.0459885000  13.6780082000  3.5280039000
Henry: MM Charge: 0.4100000000, xyz (Ang): 2.7999888000  12.6690127000  2.4230522000
Henry: MM Charge: -0.8200000000, xyz (Ang): -3.6309979000  12.7080044000  5.4299957000
Henry: MM Charge: 0.4100000000, xyz (Ang): -3.3949813000  11.6869039000  5.6750347000
Henry: MM Charge: 0.4100000000, xyz (Ang): -4.3860459000  13.0690203000  6.0500375000
Henry: MM Charge: -0.8200000000, xyz (Ang): 7.8590008000  -9.2299995000  -2.5380025000
Henry: MM Charge: 0.4100000000, xyz (Ang): 7.7770023000  -8.2539690000  -2.1929764000
Henry: MM Charge: 0.4100000000, xyz (Ang): 6.9889709000  -9.8090234000  -2.4509814000
Henry: MM Charge: -0.8200000000, xyz (Ang): 9.8539959000  5.7639993000  -3.0870050000
Henry: MM Charge: 0.4100000000, xyz (Ang): 8.8470379000  5.8029968000  -3.1300006000
Henry: MM Charge: 0.4100000000, xyz (Ang): 10.1910249000  5.6299989000  -2.0869230000
Henry: MM Charge: -0.8200000000, xyz (Ang): -5.8569993000  -6.4030009000  -9.8979979000
Henry: MM Charge: 0.4100000000, xyz (Ang): -6.7919688000  -6.7379769000  -9.6900046000
Henry: MM Charge: 0.4100000000, xyz (Ang): -5.2900185000  -6.5839974000  -9.0560065000
Henry: MM Charge: -0.8200000000, xyz (Ang): -9.1070011000  -4.9689971000  -2.9610029000
Henry: MM Charge: 0.4100000000, xyz (Ang): -8.1410094000  -5.2689977000  -2.9890072000
Henry: MM Charge: 0.4100000000, xyz (Ang): -9.2609778000  -4.4080489000  -3.7549430000
Henry: MM Charge: -0.8200000000, xyz (Ang): 10.9899954000  -0.9619936000  0.7519955000
Henry: MM Charge: 0.4100000000, xyz (Ang): 10.4600524000  -0.4680608000  0.0950692000
Henry: MM Charge: 0.4100000000, xyz (Ang): 10.8869987000  -1.9990500000  0.6129967000
Henry: MM Charge: -0.8200000000, xyz (Ang): 0.0779977000  2.5740003000  -7.7499993000
Henry: MM Charge: 0.4100000000, xyz (Ang): -0.2359929000  2.6389978000  -6.7890185000
Henry: MM Charge: 0.4100000000, xyz (Ang): 1.1260371000  2.5039901000  -7.7519860000
Henry: MM Charge: -0.8200000000, xyz (Ang): -8.2399973000  -9.8819970000  2.4889985000
Henry: MM Charge: 0.4100000000, xyz (Ang): -7.3000092000  -10.3000067000  2.4430170000
Henry: MM Charge: 0.4100000000, xyz (Ang): -8.8750189000  -10.6610272000  2.2549934000
Henry: MM Charge: -0.8200000000, xyz (Ang): -1.3029999000  -1.7999998000  -6.2499992000
Henry: MM Charge: 0.4100000000, xyz (Ang): -0.9139998000  -1.2289999000  -7.0310014000
Henry: MM Charge: 0.4100000000, xyz (Ang): -1.7860008000  -1.1589996000  -5.6230054000
Henry: MM Charge: -0.8200000000, xyz (Ang): -7.9469966000  1.1110016000  9.2660021000
Henry: MM Charge: 0.4100000000, xyz (Ang): -7.0160543000  1.2579789000  9.5639708000
Henry: MM Charge: 0.4100000000, xyz (Ang): -8.0479911000  1.3969917000  8.2729798000
Henry: MM Charge: -0.8200000000, xyz (Ang): 5.5670049000  6.5050005000  -5.6589937000
Henry: MM Charge: 0.4100000000, xyz (Ang): 5.9999305000  6.2910197000  -4.8131122000
Henry: MM Charge: 0.4100000000, xyz (Ang): 4.6659900000  5.9939892000  -5.5359915000
Henry: MM Charge: -0.8200000000, xyz (Ang): 3.8390048000  -5.3069950000  -4.8239967000
Henry: MM Charge: 0.4100000000, xyz (Ang): 3.8719967000  -5.1570105000  -3.8500822000
Henry: MM Charge: 0.4100000000, xyz (Ang): 4.4519299000  -4.7170629000  -5.2839540000
Henry: MM Charge: -0.8200000000, xyz (Ang): -2.3880003000  -3.2060027000  7.7950011000
Henry: MM Charge: 0.4100000000, xyz (Ang): -2.7229976000  -3.5689458000  8.6719532000
Henry: MM Charge: 0.4100000000, xyz (Ang): -2.5690006000  -2.2160096000  8.0120134000
Henry: MM Charge: -0.8200000000, xyz (Ang): -1.0260045000  11.2990001000  -9.2939987000
Henry: MM Charge: 0.4100000000, xyz (Ang): -1.0759875000  10.2549741000  -9.3640039000
Henry: MM Charge: 0.4100000000, xyz (Ang): -0.0179412000  11.5450040000  -9.3660079000
Henry: MM Charge: -0.8200000000, xyz (Ang): -5.0599957000  1.9909975000  8.0810049000
Henry: MM Charge: 0.4100000000, xyz (Ang): -5.5750422000  2.2890032000  7.1959334000
Henry: MM Charge: 0.4100000000, xyz (Ang): -5.1840054000  1.0010422000  8.0929865000
Henry: MM Charge: -0.8200000000, xyz (Ang): -9.6929958000  -5.9069996000  -6.9930022000
Henry: MM Charge: 0.4100000000, xyz (Ang): -10.6030385000  -6.1680069000  -6.5719836000
Henry: MM Charge: 0.4100000000, xyz (Ang): -9.6620093000  -4.8800023000  -7.0579947000
Henry: MM Charge: -0.8200000000, xyz (Ang): 4.6600000000  -5.2149992000  -2.1810014000
Henry: MM Charge: 0.4100000000, xyz (Ang): 4.3400129000  -6.1730201000  -1.9149909000
Henry: MM Charge: 0.4100000000, xyz (Ang): 5.4739773000  -5.2959995000  -2.7739814000
Henry: MM Charge: -0.8200000000, xyz (Ang): -2.1960006000  10.8619910000  8.4490009000
Henry: MM Charge: 0.4100000000, xyz (Ang): -2.1219909000  11.9231256000  8.5840078000
Henry: MM Charge: 0.4100000000, xyz (Ang): -2.5400070000  10.6770046000  7.4849766000
Henry: MM Charge: -0.8200000000, xyz (Ang): -1.7520019000  -10.4929980000  3.0179990000
Henry: MM Charge: 0.4100000000, xyz (Ang): -1.3569860000  -11.4310083000  3.2140145000
Henry: MM Charge: 0.4100000000, xyz (Ang): -0.9809767000  -9.8300056000  3.2689954000
Henry: MM Charge: -0.8200000000, xyz (Ang): -2.9429954000  3.4200022000  8.7679967000
Henry: MM Charge: 0.4100000000, xyz (Ang): -2.6180190000  3.2179894000  7.8320323000
Henry: MM Charge: 0.4100000000, xyz (Ang): -3.9050649000  2.9579667000  8.8080065000
Henry: MM Charge: -0.8200000000, xyz (Ang): -4.4150004000  -11.7409931000  -3.0729957000
Henry: MM Charge: 0.4100000000, xyz (Ang): -3.4939807000  -11.2529747000  -3.1210081000
Henry: MM Charge: 0.4100000000, xyz (Ang): -4.3610028000  -12.7241219000  -3.5090538000
Henry: MM Charge: -0.8200000000, xyz (Ang): 9.4100066000  6.9859948000  -5.5280051000
Henry: MM Charge: 0.4100000000, xyz (Ang): 8.4468574000  7.5100581000  -5.4339778000
Henry: MM Charge: 0.4100000000, xyz (Ang): 9.7950220000  6.7529935000  -4.5719361000
Henry: MM Charge: -0.8200000000, xyz (Ang): -7.2049976000  2.8049998000  -11.0480051000
Henry: MM Charge: 0.4100000000, xyz (Ang): -7.2350209000  2.6050011000  -10.0159443000
Henry: MM Charge: 0.4100000000, xyz (Ang): -8.1550171000  3.1380039000  -11.2059719000
Henry: MM Charge: -0.8200000000, xyz (Ang): -4.5810001000  -6.6260016000  -7.6160033000
Henry: MM Charge: 0.4100000000, xyz (Ang): -3.7290054000  -7.0769817000  -7.2909797000
Henry: MM Charge: 0.4100000000, xyz (Ang): -4.6559914000  -5.8179810000  -6.9759817000
Henry: MM Charge: -0.8200000000, xyz (Ang): 1.1059999000  6.1369997000  -5.3159997000
Henry: MM Charge: 0.4100000000, xyz (Ang): 0.8940006000  5.6489998000  -6.1909996000
Henry: MM Charge: 0.4100000000, xyz (Ang): 1.8199996000  6.8249988000  -5.5899994000
Henry: MM Charge: -0.8200000000, xyz (Ang): 6.4829983000  4.6969976000  -0.9010023000
Henry: MM Charge: 0.4100000000, xyz (Ang): 5.6389812000  4.3949912000  -0.3659880000
Henry: MM Charge: 0.4100000000, xyz (Ang): 6.9860288000  5.3780379000  -0.2839780000
Henry: MM Charge: -0.8200000000, xyz (Ang): -3.7119992000  -2.6220034000  -7.9300041000
Henry: MM Charge: 0.4100000000, xyz (Ang): -3.6750078000  -3.4669687000  -8.4869545000
Henry: MM Charge: 0.4100000000, xyz (Ang): -2.8749939000  -2.5990066000  -7.3389922000
Henry: MM Charge: -0.8200000000, xyz (Ang): -4.3699977000  8.7900017000  -2.9950006000
Henry: MM Charge: 0.4100000000, xyz (Ang): -3.6160182000  8.3699781000  -2.4240003000
Henry: MM Charge: 0.4100000000, xyz (Ang): -4.1620068000  9.7709627000  -3.1299796000
Henry: MM Charge: -0.8200000000, xyz (Ang): -3.5630094000  -8.4750027000  -3.5340014000
Henry: MM Charge: 0.4100000000, xyz (Ang): -3.3389626000  -7.8229581000  -2.7469588000
Henry: MM Charge: 0.4100000000, xyz (Ang): -4.4748857000  -8.8039920000  -3.6330103000
Henry: MM Charge: -0.8200000000, xyz (Ang): 1.0979965000  4.6409989000  8.3879977000
Henry: MM Charge: 0.4100000000, xyz (Ang): 0.1570564000  4.9669779000  8.5489853000
Henry: MM Charge: 0.4100000000, xyz (Ang): 1.6409995000  4.9030202000  9.2320139000
Henry: MM Charge: -0.8200000000, xyz (Ang): 6.3210001000  -0.9999999000  1.2779998000
Henry: MM Charge: 0.4100000000, xyz (Ang): 5.8409960000  -1.9059990000  1.1350013000
Henry: MM Charge: 0.4100000000, xyz (Ang): 6.9519964000  -1.1619995000  2.0819994000
Henry: MM Charge: -0.8200000000, xyz (Ang): -0.4790017000  4.1820044000  -11.7209992000
Henry: MM Charge: 0.4100000000, xyz (Ang): -0.8959954000  5.1029811000  -11.6490156000
Henry: MM Charge: 0.4100000000, xyz (Ang): -0.9279980000  3.4779763000  -11.1039839000
Henry: MM Charge: -0.8200000000, xyz (Ang): 6.4550052000  6.4039992000  10.0290001000
Henry: MM Charge: 0.4100000000, xyz (Ang): 5.9509525000  6.8740083000  9.2469810000
Henry: MM Charge: 0.4100000000, xyz (Ang): 5.7809547000  6.3999955000  10.8070165000
Henry: MM Charge: -0.8200000000, xyz (Ang): 2.3819984000  -11.4689976000  1.7169978000
Henry: MM Charge: 0.4100000000, xyz (Ang): 2.9060045000  -10.9890051000  2.4560062000
Henry: MM Charge: 0.4100000000, xyz (Ang): 2.4790053000  -12.4730103000  1.8920146000
Henry: MM Charge: -0.8200000000, xyz (Ang): 9.5089972000  6.1479967000  0.8940019000
Henry: MM Charge: 0.4100000000, xyz (Ang): 10.1999913000  5.4880088000  0.5340105000
Henry: MM Charge: 0.4100000000, xyz (Ang): 8.7410414000  5.6510238000  1.3199708000
Henry: MM Charge: -0.8200000000, xyz (Ang): 3.6700019000  13.3130007000  -5.1579964000
Henry: MM Charge: 0.4100000000, xyz (Ang): 2.6489933000  13.3419834000  -5.2960170000
Henry: MM Charge: 0.4100000000, xyz (Ang): 3.9839884000  12.8989972000  -6.0450156000
Henry: MM Charge: -0.8200000000, xyz (Ang): -8.4079993000  1.8420001000  6.7270002000
Henry: MM Charge: 0.4100000000, xyz (Ang): -8.3210085000  0.9230218000  6.2979982000
Henry: MM Charge: 0.4100000000, xyz (Ang): -9.2689762000  2.2389872000  6.3930009000
Henry: MM Charge: -0.8200000000, xyz (Ang): -7.8460041000  -9.8910020000  6.4210062000
Henry: MM Charge: 0.4100000000, xyz (Ang): -8.5590104000  -9.3159721000  5.9629869000
Henry: MM Charge: 0.4100000000, xyz (Ang): -6.9789049000  -9.8699948000  5.7769290000
Henry: MM Charge: -0.8200000000, xyz (Ang): 4.8929993000  0.4150023000  -8.7330001000
Henry: MM Charge: 0.4100000000, xyz (Ang): 5.4169746000  1.2759608000  -8.7779864000
Henry: MM Charge: 0.4100000000, xyz (Ang): 5.5610218000  -0.2810026000  -8.3529836000
Henry: MM Charge: -0.8200000000, xyz (Ang): 3.6970001000  -10.2280000000  -8.3360012000
Henry: MM Charge: 0.4100000000, xyz (Ang): 3.2940048000  -10.0049715000  -7.4019772000
Henry: MM Charge: 0.4100000000, xyz (Ang): 4.2559791000  -9.3709997000  -8.3849620000
Henry: MM Charge: -0.8200000000, xyz (Ang): -8.5040023000  -4.9199974000  1.1179972000
Henry: MM Charge: 0.4100000000, xyz (Ang): -9.4329222000  -4.8850032000  0.8010163000
Henry: MM Charge: 0.4100000000, xyz (Ang): -8.0090297000  -4.3370306000  0.4580246000
Henry: MM Charge: -0.8200000000, xyz (Ang): -7.3689991000  -4.2950036000  -10.5769990000
Henry: MM Charge: 0.4100000000, xyz (Ang): -6.8550071000  -5.0069823000  -10.0459836000
Henry: MM Charge: 0.4100000000, xyz (Ang): -7.5590022000  -4.5599827000  -11.5410104000
Henry: MM Charge: -0.8200000000, xyz (Ang): -6.1789947000  -9.0359924000  -7.6529985000
Henry: MM Charge: 0.4100000000, xyz (Ang): -6.0230066000  -9.5739972000  -6.8120125000
Henry: MM Charge: 0.4100000000, xyz (Ang): -5.8020632000  -8.1511234000  -7.5940141000
Henry: MM Charge: -0.8200000000, xyz (Ang): -0.2480001000  -1.5860000000  6.9040000000
Henry: MM Charge: 0.4100000000, xyz (Ang): 0.6560000000  -1.8409989000  6.4979950000
Henry: MM Charge: 0.4100000000, xyz (Ang): -0.8099987000  -2.4129985000  7.1419964000
Henry: MM Charge: -0.8200000000, xyz (Ang): -3.5370026000  14.2490011000  -0.2740018000
Henry: MM Charge: 0.4100000000, xyz (Ang): -4.1779515000  13.9480380000  -0.9599267000
Henry: MM Charge: 0.4100000000, xyz (Ang): -3.9509828000  15.0779359000  0.0589665000
Henry: MM Charge: -0.8200000000, xyz (Ang): 0.5109999000  7.7709994000  -2.9779997000
Henry: MM Charge: 0.4100000000, xyz (Ang): 0.4970007000  6.9609990000  -3.6090008000
Henry: MM Charge: 0.4100000000, xyz (Ang): 1.1840007000  8.4160001000  -3.4250002000
Henry: MM Charge: -0.8200000000, xyz (Ang): 1.7319994000  -1.4910000000  -5.4279995000
Henry: MM Charge: 0.4100000000, xyz (Ang): 2.0570016000  -2.0569991000  -6.2390000000
Henry: MM Charge: 0.4100000000, xyz (Ang): 0.7130044000  -1.5609995000  -5.4530031000
Henry: MM Charge: -0.8200000000, xyz (Ang): -1.7760018000  2.2109990000  -9.9100016000
Henry: MM Charge: 0.4100000000, xyz (Ang): -2.5019791000  1.7580068000  -9.3679926000
Henry: MM Charge: 0.4100000000, xyz (Ang): -1.2180058000  2.6550069000  -9.1549707000
Henry: MM Charge: -0.8200000000, xyz (Ang): -8.8479988000  -8.0090020000  0.7779981000
Henry: MM Charge: 0.4100000000, xyz (Ang): -8.5910070000  -8.5949562000  1.5930173000
Henry: MM Charge: 0.4100000000, xyz (Ang): -8.8340080000  -7.1040173000  1.2490254000
Henry: MM Charge: -0.8200000000, xyz (Ang): -6.0119989000  -10.8109995000  1.1839951000
Henry: MM Charge: 0.4100000000, xyz (Ang): -5.2240228000  -10.2840082000  1.5459979000
Henry: MM Charge: 0.4100000000, xyz (Ang): -6.1029941000  -10.6629899000  0.2060621000
Henry: MM Charge: -0.8200000000, xyz (Ang): -4.1610037000  3.2739970000  12.2179992000
Henry: MM Charge: 0.4100000000, xyz (Ang): -3.1429686000  3.1629873000  12.0589951000
Henry: MM Charge: 0.4100000000, xyz (Ang): -4.5859724000  2.3820597000  12.1710072000
Henry: MM Charge: -0.8200000000, xyz (Ang): -1.2429996000  9.0569909000  -6.1549950000
Henry: MM Charge: 0.4100000000, xyz (Ang): -0.7520575000  8.3070816000  -5.7970422000
Henry: MM Charge: 0.4100000000, xyz (Ang): -0.5719454000  9.8570614000  -6.3830309000
Henry: MM Charge: -0.8200000000, xyz (Ang): 9.7099964000  -6.7350050000  7.8180039000
Henry: MM Charge: 0.4100000000, xyz (Ang): 9.5830102000  -5.7209539000  7.9829807000
Henry: MM Charge: 0.4100000000, xyz (Ang): 9.3650371000  -7.3899627000  8.4789455000
Henry: MM Charge: -0.8200000000, xyz (Ang): 3.1609995000  -3.4930000000  -0.8270007000
Henry: MM Charge: 0.4100000000, xyz (Ang): 3.7230024000  -4.2069994000  -1.3349976000
Henry: MM Charge: 0.4100000000, xyz (Ang): 2.9780041000  -2.7659985000  -1.5309936000
Henry: MM Charge: -0.8200000000, xyz (Ang): -0.0440000000  -6.1580000000  4.7759997000
Henry: MM Charge: 0.4100000000, xyz (Ang): 0.8260000000  -5.7039967000  5.1019982000
Henry: MM Charge: 0.4100000000, xyz (Ang): -0.8529992000  -5.5809964000  5.1029994000
Henry: MM Charge: -0.8200000000, xyz (Ang): -8.4669989000  -7.1939979000  -8.8460052000
Henry: MM Charge: 0.4100000000, xyz (Ang): -8.2720004000  -8.1560339000  -8.5209724000
Henry: MM Charge: 0.4100000000, xyz (Ang): -8.9340308000  -6.7359881000  -7.9839127000
Setting up the DFT grid...
time to set the grid = 0.01 s
DFT grid points: 40014 (952 points/atom)
Setting up the DFT grid...
time to set the grid = 0.01 s
DFT grid points: 111920 (2664 points/atom)

                      *** Start SCF Iterations ***

 Iter     DIIS Error       Energy change      Electrons        XC Energy           Energy        Time(s)
----------------------------------------------------------------------------------------------------------
Purifying guess...Density matrix is not well-conditioned, rescale and purify
Purification run on GPU (mixed precision)  using TC2 purification.
Density matrix purification finished after a total of 20 matrix multiplies
                >>> SWITCHING TO GRID 1 <<<
   1     0.3350753282   -1013.9854535896   157.9802672024  -108.5020453679   -1013.9854535896     0.55  
                >>> SWITCHING TO GRID 0 <<<
   2     0.3538685731      -1.0153310838   158.0017824921  -115.5478450789   -1015.0007846733     0.54  
   3     0.2539238678      -4.0887161284   158.0053115793  -113.4201226031   -1019.0895008018     0.48  
   4     0.0667734256      -1.1199969648   158.0056657635  -112.3742669910   -1020.2094977666     0.49  
   5     0.0146590938      -0.0771470796   158.0055038783  -112.7561825832   -1020.2866448462     0.83  
   6     0.0083247429      -0.0125798222   158.0053710073  -112.7565489177   -1020.2992246684     1.03  
   7     0.0035992952      -0.0032627054   158.0054140370  -112.7224804793   -1020.3024873738     1.02  
                >>> SWITCHING TO GRID 1 <<<
   8     0.0007989415      -0.0009762731   157.9994165784  -112.7246799098   -1020.3034636469     0.88  
   9     0.0002916503      -0.0000338251   157.9994180565  -112.7271981597   -1020.3034974720     0.94  
  10     0.0003235189      -0.0000053077   157.9994185651  -112.7270514244   -1020.3035027798     0.75  
  11     0.0000901865      -0.0000043969   157.9994196700  -112.7281805463   -1020.3035071767     1.07  
  12     0.0000208213      -0.0000005297   157.9994195042  -112.7279672685   -1020.3035077064     1.01  
----------------------------------------------------------------------------------------------------------
FINAL ENERGY: -1020.3035077064 a.u.
HOMO-LUMO GAP: 4.093 eV
CENTER OF MASS: {-0.105451, 0.008503, -0.183286} ANGS
QM  DIPOLE MOMENT: {-6.348951, 3.120833, 7.371030} (|D| = 10.216695) DEBYE
MM  DIPOLE MOMENT: {3.119247, 37.852249, 29.364525} (|D| = 48.008310) DEBYE
TOT DIPOLE MOMENT: {-3.229703, 40.973083, 36.735555} (|D| = 55.124636) DEBYE

Running Mulliken population analysis...


  Restricted CIS Parameters
--------------------------------------------
Number of occupied orbitals:            79
Number of virtual orbitals:            278
Number of molecular orbitals:          357
Number of basis functions:             357
Multiplicity of target state:      singlet

 Generating 2nd functional diffs
      Davidson Diagonalization Parameters
-----------------------------------------------
Number of roots to find:                    2
Number of guess vectors:                    2
Maximum subspace size:                     20
Number of vectors to save:                  2
Collapse vectors per root:                  2
Number of CSFs:                         21962
Maximum Davidson iterations:               20
Residual convergence:                 1.0e-04
Orthogonality tolerance:              1.0e-12
Use incremental sigma vectors:             No

Davidson memory usage:   7.22 MB

Guess Vectors:
  79 ->  80 : D -> V :     0.150407
  79 ->  81 : D -> V :     0.161820

  Root           Eigenvalue       Energy Change        Residual
-------------------------------------------------------------------
Iteration:    0   Subspace Size:    2
Root: 1:         0.12045339         0.12045339         0.03993717  
Root: 2:         0.13758085         0.13758085         0.01974912  

Iteration:    1   Subspace Size:    4
Root: 1:         0.11904925        -0.00140414         0.00962098  
Root: 2:         0.13716944        -0.00041141         0.00469654  

Iteration:    2   Subspace Size:    6
Root: 1:         0.11888296        -0.00016629         0.00394733  
Root: 2:         0.13712162        -0.00004783         0.00196817  

Iteration:    3   Subspace Size:    8
Root: 1:         0.11886265        -0.00002030         0.00198242  
Root: 2:         0.13711790        -0.00000372         0.00050956  

Iteration:    4   Subspace Size:   10
Root: 1:         0.11885314        -0.00000951         0.00130546  
Root: 2:         0.13711742        -0.00000048         0.00033453  

Iteration:    5   Subspace Size:   12
Root: 1:         0.11884987        -0.00000327         0.00065620  
Root: 2:         0.13711717        -0.00000025         0.00024000  

Iteration:    6   Subspace Size:   14
Root: 1:         0.11884943        -0.00000045         0.00020534  
Root: 2:         0.13711709        -0.00000008         0.00009499  Converged

Iteration:    7   Subspace Size:   15
Root: 1:         0.11884938        -0.00000004         0.00006711  Converged
Root: 2:         0.13711708        -0.00000001         0.00005593  Converged

Davidson converged in 7 iterations
15 sigma vectors were formed

Computing orbital relaxation for Root 1
Solving CPSCF equations
Using DIIS solver

 Iter         Residual      
------  --------------------
    1      0.978249672082
    2      1.597697486500
    3      0.148330189304
    4      0.027574800715
    5      0.005160873762
    6      0.002451026902
    7      0.000443829354
    8      0.000174255599
    9      0.000071903111

CPSCF converged


Root 1: Total Excited State Gradient (Hartree/Bohr)

 Atom         dE/dX              dE/dY              dE/dZ
------  -----------------  -----------------  -----------------
    1      -0.0033041875       0.0058792865      -0.0038815155
    2      -0.0019792384      -0.0025764040       0.0042062736
    3       0.0035848159      -0.0030346488      -0.0004232866
    4       0.0017442288       0.0026102010       0.0016919238
    5       0.0012755323       0.0113701712      -0.0010331613
    6      -0.0030522389      -0.0010239716      -0.0040790901
    7      -0.0027068511      -0.0034572300       0.0033450764
    8       0.0033527447      -0.0043119075      -0.0005668498
    9       0.0058439953      -0.0174007871       0.0158746666
   10       0.0055221187       0.0031995824      -0.0136597995
   11      -0.0108049159      -0.0066171809      -0.0009780103
   12       0.0070904558       0.0040319312      -0.0067704336
   13      -0.0224489926       0.0060960491       0.0062941041
   14      -0.0101254593      -0.0080216897       0.0081651844
   15       0.0219379814       0.0028388578      -0.0085312424
   16      -0.0047818900       0.0044127881      -0.0038047418
   17      -0.0131453933      -0.0045729148      -0.0077720331
   18      -0.0012327649      -0.0015420836      -0.0020384761
   19       0.0281957223       0.0681219945      -0.0363792124
   20      -0.0035009226      -0.0513042691       0.0656678432
   21      -0.0122115426      -0.0445105655       0.0379324186
   22       0.0049311403       0.0029665829       0.0024058026
   23       0.0025468409       0.0383500906      -0.0408664475
   24       0.0027572145       0.0035789624      -0.0034307425
   25       0.0141805488       0.0060581444       0.0426950890
   26      -0.0132038949       0.0051063134      -0.0127850023
   27       0.0186942519      -0.0595952454      -0.0337035746
   28       0.0045804368       0.0274252244      -0.0012086295
   29      -0.0019069606       0.0012150894       0.0015435955
   30      -0.0004014251       0.0019468921      -0.0025882024
   31      -0.0043497808      -0.0034718052       0.0022774146
   32       0.0021309609       0.0043236192      -0.0026973159
   33      -0.0022097449      -0.0045967957       0.0011393790
   34      -0.0024684656      -0.0036809580      -0.0032772118
   35      -0.0292399071       0.0137209532       0.0044441604
   36       0.0050727445      -0.0020199690       0.0010725050
   37       0.0081565376       0.0044189686       0.0042630664
   38       0.0015002698      -0.0022749686      -0.0012402140
   39      -0.0003068663       0.0009514667      -0.0061683382
   40      -0.0032870449       0.0049101584      -0.0005700418
   41      -0.0031503049      -0.0014356440      -0.0001014601
   42       0.0015789948      -0.0039301647      -0.0043836276

  Root   Total Energy (a.u.)   Ex. Energy (a.u.)     Ex. Energy (eV)     Ex. Energy (nm)
-----------------------------------------------------------------------------------------
     1      -1020.18465832          0.11884938          3.23405568        383.37070513
     2      -1020.16639062          0.13711708          3.73114501        332.29536857

Unrelaxed excited state dipole moments:

  Root       Dx         Dy         Dz         |D|  (Debye)
------------------------------------------------------------
     1     0.0822     2.3960    20.2955    20.4366
     2    -6.7208   -12.9210    17.2168    22.5508

Relaxed excited state dipole moments:

  Root       Dx         Dy         Dz         |D|  (Debye)
------------------------------------------------------------
     1    -2.2805     2.6080    16.0906    16.4594

Transition dipole moments:

  Root       Tx         Ty         Tz         |T| (a.u.)
----------------------------------------------------------
     1     0.1039    -0.0451     0.1051     0.1545
     2     0.0472    -0.0347    -0.0282     0.0650

Transition dipole moments between excited states:

    Transition       Tx         Ty         Tz         |T| (a.u.)
------------------------------------------------------------------
     1 ->    2    -0.1007    -0.0943     0.0625     0.1514

Velocity transition dipole moments:

  Root       Tx         Ty         Tz         |T| (a.u.)
----------------------------------------------------------
     1     0.0236    -0.0155    -0.0139     0.0315
     2     0.0064    -0.0004    -0.0043     0.0077

Magnetic transition dipole moments and rotational strengths:

  Root       Lx         Ly         Lz       R(len)     R(vel) (a.u.)
--------------------------------------------------------------------
     1     0.1964     0.0092    -0.0173    -0.0182     0.0399
     2     0.0063     0.0177    -0.0555    -0.0012     0.0020


Electric transition quadrupole moments (Cartesian):

   Root       Qxy        Qxz        Qyz        Qxx        Qyy        Qzz       norm (a.u.)
--------------------------------------------------------------------------------------------
     1    -0.2476     0.3357    -0.4525    -0.1080     0.1266     0.7151     0.9580
     2     0.1347    -0.0059     0.0499     0.0211    -0.0912     0.0812     0.1898

Root 1: Largest CI coefficients:
  79 ->  80 : D -> V :  -0.996631

Root 2: Largest CI coefficients:
  79 ->  81 : D -> V :  -0.998904

  Final Excited State Results:

  Root   Total Energy (a.u.)   Ex. Energy (eV)   Osc. (a.u.)   < S^2 >   Max CI Coeff.      Excitation
------------------------------------------------------------------------------------------------------------
     1       -1020.18465832        3.23405568       0.0019      0.0000     -0.996631     79 ->  80 : D -> V
     2       -1020.16639062        3.73114501       0.0004      0.0000     -0.998904     79 ->  81 : D -> V

numlinkatoms = 0

Gradient units are Hartree/Bohr
---------------------------------------------------
        dE/dX            dE/dY            dE/dZ
   -0.0033041875     0.0058792865    -0.0038815155
   -0.0019792384    -0.0025764040     0.0042062736
    0.0035848159    -0.0030346488    -0.0004232866
    0.0017442288     0.0026102010     0.0016919238
    0.0012755323     0.0113701712    -0.0010331613
   -0.0030522389    -0.0010239716    -0.0040790901
   -0.0027068511    -0.0034572300     0.0033450764
    0.0033527447    -0.0043119075    -0.0005668498
    0.0058439953    -0.0174007871     0.0158746666
    0.0055221187     0.0031995824    -0.0136597995
   -0.0108049159    -0.0066171809    -0.0009780103
    0.0070904558     0.0040319312    -0.0067704336
   -0.0224489926     0.0060960491     0.0062941041
   -0.0101254593    -0.0080216897     0.0081651844
    0.0219379814     0.0028388578    -0.0085312424
   -0.0047818900     0.0044127881    -0.0038047418
   -0.0131453933    -0.0045729148    -0.0077720331
   -0.0012327649    -0.0015420836    -0.0020384761
    0.0281957223     0.0681219945    -0.0363792124
   -0.0035009226    -0.0513042691     0.0656678432
   -0.0122115426    -0.0445105655     0.0379324186
    0.0049311403     0.0029665829     0.0024058026
    0.0025468409     0.0383500906    -0.0408664475
    0.0027572145     0.0035789624    -0.0034307425
    0.0141805488     0.0060581444     0.0426950890
   -0.0132038949     0.0051063134    -0.0127850023
    0.0186942519    -0.0595952454    -0.0337035746
    0.0045804368     0.0274252244    -0.0012086295
   -0.0019069606     0.0012150894     0.0015435955
   -0.0004014251     0.0019468921    -0.0025882024
   -0.0043497808    -0.0034718052     0.0022774146
    0.0021309609     0.0043236192    -0.0026973159
   -0.0022097449    -0.0045967957     0.0011393790
   -0.0024684656    -0.0036809580    -0.0032772118
   -0.0292399071     0.0137209532     0.0044441604
    0.0050727445    -0.0020199690     0.0010725050
    0.0081565376     0.0044189686     0.0042630664
    0.0015002698    -0.0022749686    -0.0012402140
   -0.0003068663     0.0009514667    -0.0061683382
   -0.0032870449     0.0049101584    -0.0005700418
   -0.0031503049    -0.0014356440    -0.0001014601
    0.0015789948    -0.0039301647    -0.0043836276

------- MM / Point charge part -------
   -0.0034999201    -0.0004313274    -0.0022863642
    0.0039176616    -0.0002170183     0.0020560590
    0.0016242313    -0.0001435780     0.0000772139
   -0.0036014230    -0.0084161965     0.0163913670
   -0.0029312101     0.0135014711    -0.0155940061
    0.0026067668    -0.0051161564    -0.0004651327
    0.0419774525     0.0061851082     0.0346319174
    0.0103672984     0.0119349070    -0.0204515624
   -0.0378892200    -0.0209389857    -0.0057719252
   -0.0051974900     0.0086779458    -0.0024997987
    0.0014814453     0.0009856118     0.0046092146
   -0.0027039543    -0.0041817125     0.0011087076
   -0.0002769967    -0.0433797415     0.0115052845
   -0.0024939250     0.0169579875     0.0071887044
    0.0064844606     0.0255436791    -0.0232844422
   -0.0015834423    -0.0006749700     0.0009094097
    0.0006406592     0.0006255890    -0.0003709530
    0.0011537279    -0.0001357584    -0.0006917759
   -0.0381628269    -0.0266566506     0.0128790656
    0.0097922362    -0.0000176284     0.0039474686
    0.0315204139     0.0279477020    -0.0159002465
    0.0047493173    -0.0282177753     0.0211523334
   -0.0021472032     0.0178482147    -0.0226848302
    0.0033072933     0.0040541025     0.0010816270
   -0.0149961415     0.0176014282    -0.0122652253
   -0.0087470759    -0.0044111010     0.0000799561
    0.0174927831    -0.0158645987     0.0085005936
    0.0076840473    -0.0023011484    -0.0018701773
   -0.0120266758    -0.0098087823    -0.0062156497
    0.0047651092     0.0170368591     0.0092095861
   -0.0150510031     0.0033606068     0.0043403382
    0.0180452629    -0.0008167924    -0.0117034395
    0.0003168389     0.0006664958     0.0025989594
    0.0129298229     0.0101727067    -0.0264338973
   -0.0019668683     0.0036572229     0.0109996574
   -0.0045967844     0.0022722909     0.0043073043
    0.0545824902     0.0374189020    -0.0188149448
   -0.0158858341     0.0034966498    -0.0066331465
   -0.0368796220    -0.0406305781     0.0170381995
    0.0009504649     0.0057168782    -0.0028549773
   -0.0002118536    -0.0037719030     0.0023198366
   -0.0040552886     0.0025901210     0.0018681196
   -0.0004138256    -0.0021938056    -0.0021358567
    0.0002502061     0.0012385411     0.0011146685
    0.0005006380     0.0006630183     0.0011029034
   -0.0007493827     0.0087455759     0.0220965579
   -0.0105699662     0.0041675564    -0.0011573519
    0.0069515159    -0.0155334347    -0.0227569085
   -0.0072267942     0.0158857764    -0.0211187002
   -0.0023081493     0.0070960460     0.0081303942
    0.0077113638    -0.0177647647     0.0107825630
   -0.0116655416    -0.0131041454     0.0112370073
    0.0184679716     0.0189040054     0.0000443201
   -0.0068372786    -0.0028746449    -0.0175256432
    0.0037460674     0.0050370612     0.0126907747
    0.0031687724     0.0029037529    -0.0030611314
   -0.0033861836    -0.0076408684    -0.0084498966
    0.0079725070    -0.0091726052     0.0013229474
    0.0033780882     0.0021672740    -0.0021854456
   -0.0085761818     0.0023490016     0.0015068484
    0.0250736265     0.0323885744    -0.0094814467
   -0.0217821165    -0.0066528386    -0.0050325317
   -0.0112244576    -0.0233231900     0.0121589708
   -0.0199159502     0.0020372314     0.0035169616
    0.0047988520     0.0056729356    -0.0014311401
    0.0104967453    -0.0080230863     0.0006992757
    0.0289387861     0.0043250717     0.0042425056
   -0.0171927335    -0.0127723189    -0.0041980787
   -0.0146746348     0.0069199893     0.0026919278
   -0.0105647275     0.0026012243     0.0058349274
    0.0016592454    -0.0036852289    -0.0031962874
    0.0089715757     0.0029517238    -0.0026681772
   -0.0175344692    -0.0050409642     0.0121559749
    0.0154136405     0.0081668214    -0.0085717383
    0.0011184316    -0.0004644605    -0.0040355156
   -0.0000148174     0.0038324778     0.0018335631
   -0.0006078890    -0.0024577662    -0.0010082000
    0.0000665252    -0.0013528168    -0.0009884133
   -0.0112754707     0.0094419890    -0.0053935358
    0.0014739770    -0.0119732193    -0.0006313082
    0.0053771609     0.0027035871     0.0141872446
    0.0034223967     0.0226428372    -0.0096259278
   -0.0039074087    -0.0166376450     0.0148473248
   -0.0000170197     0.0054394653    -0.0006152489
   -0.0259621584     0.0112603603     0.0091527982
    0.0069161868     0.0046109049     0.0180643432
    0.0101630228    -0.0129288075    -0.0193858849
    0.0008704735     0.0166458605    -0.0209853286
    0.0043936715    -0.0118101589     0.0120792134
   -0.0061227754    -0.0036105805     0.0055549217
    0.0078696508     0.0205585783     0.0142245249
   -0.0036082339    -0.0111497625    -0.0036592506
   -0.0009334231    -0.0076915897    -0.0061355429
   -0.0009728536    -0.0144731329    -0.0064072649
   -0.0197653217     0.0146467077     0.0056642529
    0.0159931304     0.0042939261    -0.0062087007
   -0.0122357430    -0.0160097399     0.0364601755
    0.0181067358     0.0135467833    -0.0308211195
   -0.0014204489    -0.0030767548    -0.0024686008
   -0.0081100098    -0.0490445077    -0.0117955608
    0.0017815166    -0.0026203179     0.0136339575
    0.0046613483     0.0542813720     0.0026884494
   -0.0012440906    -0.0012695076    -0.0083621286
    0.0004189584     0.0015183177     0.0110102057
   -0.0046483821    -0.0047084050    -0.0013222926
   -0.0195821898     0.0129495050     0.0217004008
    0.0164220054    -0.0091696838    -0.0205988401
    0.0000651208    -0.0103223914    -0.0005140282
    0.0015989193    -0.0007747839     0.0002721718
   -0.0005851183     0.0005818440     0.0000729031
   -0.0007567015     0.0001684830    -0.0003852060
    0.0103147119    -0.0110847245     0.0229979141
   -0.0126248526     0.0167002253    -0.0101466383
    0.0040195349    -0.0083367064    -0.0196463126
   -0.0220811948     0.0009478930     0.0512753911
    0.0187976053     0.0055996300    -0.0495337989
    0.0029318568     0.0104809668     0.0023714642
   -0.0001337163    -0.0007712054    -0.0018556230
    0.0001176149     0.0001091513     0.0010581600
    0.0002277324     0.0007088994     0.0010706905
    0.0168475932     0.0063575640     0.0026042292
   -0.0139218134    -0.0044973579    -0.0037722496
   -0.0049187864    -0.0048742558     0.0044803656
   -0.0056926445    -0.0105191804     0.0367873377
   -0.0006993868    -0.0027178788    -0.0264936388
    0.0067739759     0.0119938827    -0.0049099184
   -0.0292577971    -0.0061762241     0.0248144119
    0.0039354139     0.0002869754    -0.0055570286
    0.0303378184     0.0022103255    -0.0216522604
    0.0093211725     0.0063035284    -0.0057668174
   -0.0026642858    -0.0017378136     0.0050675734
    0.0027772680    -0.0013190385     0.0015315056
    0.0185101789     0.0071628520    -0.0109158372
   -0.0166015510    -0.0091086720     0.0046526936
    0.0009509851     0.0019685051     0.0027505860
   -0.0505714489    -0.0012888010     0.0032086198
    0.0132064190    -0.0072379744    -0.0086564134
    0.0398724288     0.0049173850     0.0141974826
   -0.0419743930     0.0131439962     0.0236317877
    0.0459730035    -0.0269978456    -0.0146600668
    0.0012648485     0.0115468553     0.0041083933
   -0.0109136394     0.0021106514    -0.0010574667
    0.0145015751    -0.0014262519    -0.0066394234
    0.0022059075    -0.0034266552     0.0102023936
    0.0165676915    -0.0076197622    -0.0245652040
    0.0221570574     0.0071956464     0.0215816470
   -0.0038290760     0.0043303438     0.0070214610
   -0.0096296265    -0.0021822794    -0.0162863897
    0.0010622649    -0.0040979139    -0.0066749250
    0.0072097496     0.0069975642     0.0227742370
   -0.0250304968     0.0093280115    -0.0016909350
   -0.0050195370    -0.0036063849    -0.0153830272
    0.0344155834    -0.0058888193     0.0162495628
    0.0104590593     0.0089964644    -0.0038572594
   -0.0111227286     0.0067235866     0.0166891148
    0.0035391912    -0.0130155832    -0.0176651543
    0.0387266392     0.0158775981     0.0003360877
   -0.0127880748    -0.0023702367     0.0039238745
   -0.0174824152    -0.0064692907    -0.0046966144
    0.0003531001    -0.0001955238    -0.0000593552
   -0.0002525519     0.0003413449     0.0001519643
   -0.0001383035    -0.0001345821     0.0000998561
    0.0346030754    -0.0008621024     0.0456109437
   -0.0260691297     0.0116957890    -0.0091839985
   -0.0084115203    -0.0092130446    -0.0346952501
   -0.0090250768     0.0094735899    -0.0089987941
   -0.0011716858    -0.0030474010     0.0022272261
    0.0010115512    -0.0012315939    -0.0001213786
    0.0007083165     0.0007218818    -0.0020950159
   -0.0004019026    -0.0005754903     0.0012329574
   -0.0005474931    -0.0005116285     0.0008718151
    0.0031304186    -0.0105186697     0.0024964614
   -0.0055762558     0.0095641808    -0.0121568628
    0.0007954861    -0.0006819577     0.0080353056
    0.0050118911    -0.0039002862     0.0105734683
    0.0050570785     0.0084806194     0.0066038656
   -0.0030139534    -0.0017175580    -0.0172292587
    0.0067336388     0.0355897856     0.0128494022
    0.0058410389    -0.0138521547    -0.0016328639
   -0.0170270074    -0.0073096888    -0.0151306938
    0.0066361856    -0.0140866005    -0.0218063404
   -0.0047040811     0.0226695686     0.0040328086
    0.0078100102    -0.0073816383     0.0177425875
   -0.0062430186    -0.0117961715     0.0125522209
   -0.0113744472     0.0026560119    -0.0054036455
    0.0148726341     0.0116715278    -0.0007066285
   -0.0010305875     0.0014237526     0.0017896961
    0.0006310977    -0.0007255386    -0.0013667535
    0.0002324410    -0.0007149836    -0.0008239740
    0.0102425050     0.0154661329    -0.0071742989
    0.0024296034     0.0020418104     0.0000001225
   -0.0011107880    -0.0200101199     0.0067172859
   -0.0024224892    -0.0033327099    -0.0059782307
    0.0002295590     0.0029006633     0.0020795906
    0.0014775476     0.0016778233     0.0036075309
   -0.0103461793     0.0047526506    -0.0064151678
   -0.0062531306     0.0013197453    -0.0030542033
    0.0127584469    -0.0054687462     0.0122186388
   -0.0079603261    -0.0149026992     0.0020254053
    0.0049587369     0.0168020790    -0.0008386610
   -0.0006111359     0.0061892182     0.0023315330
    0.0134683032     0.0071012361    -0.0315059094
   -0.0146134559     0.0033702593     0.0059480772
   -0.0013378570    -0.0119883036     0.0207823462
   -0.0002742545     0.0008318097    -0.0007644474
    0.0002252641    -0.0005848996     0.0002343791
    0.0001926480    -0.0003023367     0.0008165393
   -0.0019232268    -0.0019871879     0.0010547323
    0.0009909903     0.0008111705    -0.0000400483
    0.0007392842     0.0006812226    -0.0007793002
   -0.0279574923     0.0032721337     0.0029291346
    0.0095912055    -0.0124955876    -0.0035329617
    0.0109443622     0.0040249312    -0.0003478866
    0.0027760919    -0.0061548497    -0.0146140247
   -0.0000974195     0.0030865601     0.0016097108
   -0.0027827255     0.0011309312     0.0059094555
    0.0081678342    -0.0223027284    -0.0077703359
   -0.0139816227     0.0038948146     0.0009770938
    0.0104657011     0.0038978599    -0.0017226289
    0.0022177087     0.0002808672     0.0038256986
   -0.0007606574    -0.0008592185    -0.0017172696
   -0.0015844839     0.0001697718    -0.0013405331
   -0.0098390322    -0.0018852658     0.0025852154
    0.0149533463    -0.0058560532     0.0077740616
   -0.0028299297     0.0120092090    -0.0132718435
   -0.0231882956    -0.0246874277    -0.0246383585
    0.0283915682     0.0095663517     0.0325203278
   -0.0023459368     0.0156219412    -0.0021958984
   -0.0101025247     0.0163073263    -0.0389902836
   -0.0074384641    -0.0057057318     0.0188620320
    0.0204580977    -0.0124323289     0.0150172965
    0.0010913866    -0.0001572482     0.0207975662
    0.0305768073     0.0117328165    -0.0009229016
   -0.0232515545    -0.0207266087    -0.0141925549
   -0.0021609901    -0.0007564998    -0.0020473315
    0.0014828492     0.0002811476     0.0012639452
    0.0011273900     0.0004376857     0.0015330658
   -0.0027642647    -0.0083972119     0.0087684114
    0.0112231909     0.0101173873    -0.0032457273
   -0.0162976863     0.0011064838     0.0005401259
   -0.0151640360     0.0051508529     0.0051609965
    0.0000465380     0.0025324981    -0.0112590477
    0.0101899970    -0.0015307266     0.0130674096
    0.0386008437     0.0150443577    -0.0047467133
   -0.0161686864    -0.0095388376    -0.0094240282
   -0.0331541229    -0.0033947137     0.0113482468
    0.0177194643    -0.0423135771    -0.0102020400
   -0.0137893176     0.0132150358     0.0072102415
    0.0054515396     0.0327129782    -0.0005678184
    0.0001383029    -0.0006471135    -0.0002562150
   -0.0000422137     0.0006818755    -0.0000417283
   -0.0000934113    -0.0000233212     0.0002989734
    0.0063774535    -0.0209605127    -0.0472415512
    0.0012461644     0.0046319120     0.0138076275
   -0.0057097357     0.0132703253     0.0354867708
   -0.0140138912     0.0282987525     0.0065143505
    0.0302319206    -0.0162844543    -0.0219545694
   -0.0177458880    -0.0184105572     0.0162249155
    0.0152939353     0.0540573392    -0.0057979951
   -0.0150991306    -0.0143000400    -0.0044650777
    0.0023379949    -0.0390400304     0.0128309328
   -0.0526584887     0.0027477006    -0.0078654676
   -0.0010083669    -0.0047179862     0.0037964639
    0.0585593566     0.0024577142     0.0020481167
   -0.0095770115     0.0029741019    -0.0063608401
    0.0050628871     0.0040910968     0.0130145673
    0.0091800649    -0.0167704434    -0.0043422432
   -0.0103916914    -0.0161472506     0.0018168719
   -0.0019280053     0.0074967327    -0.0078748272
    0.0089677280     0.0063789359     0.0038621675
    0.0113039175     0.0027828468     0.0095180653
   -0.0083164610     0.0077693076    -0.0104454713
    0.0015407512    -0.0093443031    -0.0024246449
    0.0408458997    -0.0345783927    -0.0198506327
   -0.0074818856     0.0216263080    -0.0066181470
   -0.0328947920     0.0189005027     0.0230767684
    0.0195936154     0.0107989953     0.0298172893
   -0.0158727105    -0.0163216869    -0.0088190898
   -0.0008447828     0.0090113384    -0.0174698936
   -0.0185524879    -0.0246165512     0.0346501616
    0.0141633722     0.0196211522    -0.0251241347
    0.0003215322     0.0067586939    -0.0080144930
    0.0485899300     0.0097997631    -0.0246093358
   -0.0073530526    -0.0156530962    -0.0018977986
   -0.0358003067     0.0012071747     0.0218012780
    0.0141813929     0.0127947990    -0.0209152478
   -0.0136336714    -0.0025391313     0.0176024551
    0.0002940111    -0.0055900119     0.0000440038
   -0.0181431433    -0.0103410554    -0.0333877634
   -0.0004669011    -0.0471813022     0.0117646891
    0.0180412862     0.0585440452     0.0256073989
    0.0174763484    -0.0061061132    -0.0069174165
   -0.0048789062     0.0020067202     0.0104784864
   -0.0194095227    -0.0033520832    -0.0022728358
   -0.0009730321    -0.0114936319    -0.0103665272
   -0.0081764821     0.0009932554     0.0009027195
    0.0078955929     0.0075420838     0.0055070943
    0.0115768635    -0.0000167889     0.0079686679
   -0.0007040412    -0.0022901933    -0.0043629940
   -0.0121021098    -0.0004670996    -0.0026913141
   -0.0792674946     0.0109139070     0.0107284299
    0.0332121723     0.0017768358    -0.0018617299
    0.0082192009    -0.0126760447    -0.0058792309
    0.0009112836     0.0012981670     0.0000073044
   -0.0004650242    -0.0010313628    -0.0000844121
   -0.0004615669    -0.0005983823     0.0000010392
   -0.0001370824     0.0014182761    -0.0006628996
    0.0000143724    -0.0002734332     0.0001688719
   -0.0000193748    -0.0009798886     0.0005447714
    0.0091192237     0.0317970443    -0.0217897710
   -0.0059668187    -0.0056232217     0.0020974952
   -0.0061743404    -0.0258471154     0.0183705048
   -0.0187321120    -0.0002746932     0.0096344514
    0.0048606102     0.0033217034    -0.0162977920
    0.0065534886    -0.0035260630     0.0106693207
   -0.0390182277     0.0266034640    -0.0078965655
    0.0214870025    -0.0195955791     0.0119937089
    0.0164060928    -0.0073824911    -0.0089939810
    0.0083432158     0.0634163785     0.0004126424
    0.0188014399    -0.0379167419    -0.0167842299
   -0.0254686603    -0.0328912683     0.0109767067
   -0.0236854452     0.0025657385    -0.0115906813
    0.0027299618     0.0031285591     0.0048099316
    0.0133019449     0.0007314745     0.0042035578
    0.0247760411    -0.0010187393    -0.0053040908
   -0.0021071473     0.0067920420     0.0071607829
   -0.0231698455    -0.0061376953    -0.0011377784
   -0.0045786452     0.0055797122    -0.0054617037
   -0.0009906847    -0.0042851254     0.0045750072
    0.0087001177    -0.0035491061     0.0045078314
    0.0000679429     0.0065094614    -0.0062259422
   -0.0101945177    -0.0035830467     0.0000365229
    0.0052178145    -0.0012091891     0.0022941999
   -0.0181636419     0.0138747272    -0.0154198494
    0.0046521929     0.0012515177     0.0042701898
    0.0062063726    -0.0144004497    -0.0017295123
    0.0013109636    -0.0016914968    -0.0032426363
    0.0002805650     0.0011498982     0.0019776468
   -0.0008548256     0.0002532417     0.0012909357
    0.0176192205     0.0340025992     0.0222238766
   -0.0147361765    -0.0185773290    -0.0124747128
    0.0018136168    -0.0154284032    -0.0124838543
    0.0238436597    -0.0126240504     0.0132326658
   -0.0064910702    -0.0072350375    -0.0024687344
   -0.0129532882     0.0125790117    -0.0203440351
    0.0487063269    -0.0069256775     0.0098055913
   -0.0143361621    -0.0044346488    -0.0179726334
   -0.0400092610     0.0133332851     0.0121028014
    0.0095250354    -0.0097351099     0.0048635358
   -0.0057517427     0.0092469541     0.0061327952
   -0.0034563573     0.0011513724    -0.0085920252
    0.0222520226     0.0259379566     0.0323318659
   -0.0132591756    -0.0159123677    -0.0304639847
   -0.0016528701    -0.0083576175    -0.0029366089
   -0.0000630242     0.0235327623    -0.0233084553
    0.0095019478    -0.0073710370     0.0124926783
    0.0041257191    -0.0100374615     0.0093805389
    0.0067903447    -0.0219716446    -0.0144657298
   -0.0185827378     0.0060908501     0.0100348535
    0.0065154345     0.0114889214     0.0027002897
   -0.0077472205     0.0075218584    -0.0140853660
    0.0121190327    -0.0018094676     0.0033649657
    0.0003449360    -0.0050182899     0.0108729826
   -0.0282642802     0.0388765750     0.0755326966
    0.0462771804    -0.0061027908    -0.0523589431
   -0.0165818252    -0.0398516095    -0.0220169580
    0.0128867421    -0.0005145908     0.0072771001
   -0.0104682533    -0.0058351123    -0.0117360106
    0.0025992178     0.0040702299     0.0022236345
    0.0540927222    -0.0020129829    -0.0043773780
    0.0065282892     0.0081424671     0.0088860971
   -0.0516546118    -0.0137025726    -0.0037763767
   -0.0270967023    -0.0108747352     0.0144553410
    0.0027717368    -0.0021198489     0.0018446977
    0.0214405084     0.0149760878    -0.0170678756
   -0.0271719664     0.0070013107     0.0210737929
    0.0101022055    -0.0047664513    -0.0054091725
    0.0158904689     0.0029300833    -0.0132295593
    0.0118305717     0.0129299768     0.0124995567
   -0.0085249864    -0.0052697542    -0.0040757322
   -0.0031269863    -0.0087904951    -0.0074749504
   -0.0077232447    -0.0065623938     0.0016963668
    0.0077281128     0.0079332705    -0.0003027850
    0.0019517360     0.0035764707     0.0024051902
   -0.0133861788     0.0101621285    -0.0631136959
   -0.0027629785    -0.0166767504     0.0518865909
    0.0124287811     0.0091032498     0.0093842623
   -0.0050327695    -0.0059199041     0.0114969769
    0.0011095480     0.0040745017    -0.0062802339
   -0.0066927767     0.0102543832     0.0008336270
   -0.0017421885     0.0047469581     0.0075011325
   -0.0000894236    -0.0018288804    -0.0017102996
    0.0013661366    -0.0006483057    -0.0016395231
   -0.0058642332    -0.0063672391    -0.0338028794
   -0.0038565518    -0.0075938040     0.0019781017
   -0.0003893068     0.0058576352     0.0232831639
   -0.0021697971     0.0218095095     0.0063173159
    0.0075796648     0.0002965823    -0.0112473964
   -0.0018249192    -0.0204877675     0.0081187941
    0.0021749349     0.0051588370    -0.0024332946
   -0.0032283411     0.0005599360     0.0005768896
   -0.0022100707    -0.0031065478     0.0013878600
    0.0179374913    -0.0067255819    -0.0336905814
   -0.0086466894     0.0036978032     0.0216372368
   -0.0114337501    -0.0013707116     0.0113861163
    0.0028423144     0.0048932310     0.0038607541
   -0.0028886478    -0.0010052449    -0.0043505289
   -0.0006382803    -0.0002366367     0.0020885363
    0.0175301431     0.0133503001    -0.0095193502
   -0.0094264319    -0.0098017538     0.0083644618
   -0.0083935457    -0.0008013483     0.0020762051
    0.0083727411     0.0181511986    -0.0047697746
   -0.0012034743    -0.0041006172    -0.0014372332
    0.0031255783    -0.0168553401     0.0202684661
    0.0076338710     0.0232198048     0.0373887772
   -0.0178073845    -0.0212422417    -0.0199724079
    0.0010870963    -0.0048207571    -0.0135672718
    0.0057466968    -0.0062095727     0.0217926229
    0.0161493279    -0.0045119231     0.0021289126
   -0.0207405729     0.0138526425    -0.0221874659
    0.0119125825     0.0316989863     0.0351482803
   -0.0042056291    -0.0034322416    -0.0065270197
   -0.0090930162    -0.0290584656    -0.0290832105
   -0.0074265055     0.0089324417    -0.0065640175
    0.0043710093    -0.0143873894     0.0031920085
    0.0001796746     0.0011049067     0.0004423451
   -0.0018017913    -0.0025595760    -0.0031683989
    0.0007341073     0.0015854495     0.0006815097
    0.0010381756     0.0013925262     0.0024563673
    0.0194596239    -0.0066354580    -0.0242369108
    0.0192082942    -0.0118778716     0.0081592142
   -0.0277447270     0.0123949369     0.0192138800
   -0.0014276964    -0.0017654645     0.0011391150
    0.0009161349     0.0019733132    -0.0014917742
    0.0010853765     0.0005086698    -0.0002675853
   -0.0096925498    -0.0031325586    -0.0017250300
    0.0074903808     0.0032909686     0.0012594670
    0.0044347903     0.0024715374     0.0021581431
    0.0205236027    -0.0231285457     0.0378774433
   -0.0073376079     0.0046412162     0.0077484443
   -0.0159230506     0.0168942391    -0.0338985119
   -0.0258083231    -0.0252091712    -0.0325482292
    0.0104520083    -0.0049305666     0.0218789617
    0.0133498015     0.0242516075     0.0051111082
    0.0039340558     0.0103231877     0.0278716774
   -0.0006576450     0.0016738120    -0.0126209269
    0.0021303888    -0.0092558047    -0.0094384879
    0.0001448099    -0.0030019697     0.0070024494
    0.0081912421     0.0005872944     0.0066571548
   -0.0054040329     0.0006882358    -0.0162054267
    0.0020845943    -0.0000899396     0.0013761429
   -0.0009109437    -0.0001973495    -0.0007477213
   -0.0011795453     0.0002061260    -0.0004688705
   -0.0090217919    -0.0205527817     0.0305829807
    0.0050881121     0.0028915486    -0.0306523092
    0.0022509575     0.0166657999    -0.0023582223
    0.0001621088    -0.0015291219     0.0002218115
   -0.0003330233     0.0004284452     0.0002372218
    0.0001676785     0.0012370683    -0.0004028328
    0.0200184191     0.0049088367    -0.0126865923
   -0.0127495561    -0.0033116197    -0.0154354244
   -0.0088341292     0.0026834204     0.0297625741
    0.0000317743     0.0008862184    -0.0002056329
    0.0000385361    -0.0001043688     0.0000781611
   -0.0001008583    -0.0006237958     0.0001900619
    0.0048495087     0.0255528302    -0.0224582747
   -0.0082112284    -0.0059520064     0.0011552047
    0.0026080101    -0.0168636713     0.0216613432
    0.0316773019    -0.0155427445    -0.0098443207
   -0.0041824481     0.0022244192     0.0041680318
   -0.0265913770     0.0144639973     0.0072664651
    0.0368303412    -0.0287545412    -0.0039680101
   -0.0193262144     0.0068669908     0.0125371984
   -0.0194971495     0.0243733252    -0.0055679459
   -0.0052820499     0.0075406184    -0.0199164971
    0.0023621173    -0.0096457846     0.0101534770
    0.0061646780     0.0016755012     0.0068941680
   -0.0252401863     0.0100594211     0.0004285243
    0.0027195823    -0.0034260118    -0.0016734095
    0.0231344212    -0.0094548995     0.0006719882
   -0.0235181275    -0.0057683783    -0.0229231407
    0.0257081413     0.0072738446     0.0052652823
    0.0004664416     0.0016821124     0.0235294376
   -0.0061443761    -0.0003734065     0.0068190362
    0.0050179407    -0.0057148962    -0.0061985356
   -0.0019490403     0.0021810809    -0.0030457883
    0.0353574890    -0.0112132419    -0.0405948761
   -0.0335095936     0.0219558099     0.0315253470
   -0.0025550864    -0.0104138105     0.0063558143
    0.0304922169    -0.0299725427     0.0428467693
   -0.0068920695     0.0062965677     0.0003698708
   -0.0191792917     0.0215990258    -0.0459542125
    0.0018577200     0.0130572373    -0.0040897804
    0.0022588926     0.0038558888     0.0062241991
   -0.0044118797    -0.0052120905     0.0032712653
   -0.0074268788    -0.0173929197     0.0067740058
   -0.0074082447    -0.0092320814     0.0030761665
    0.0141192884     0.0230255207    -0.0120122772
    0.0098533837     0.0182560262    -0.0047267884
   -0.0014390345     0.0026312244    -0.0060736282
    0.0040967528    -0.0054662495     0.0044164499
    0.0161825959     0.0167891104    -0.0145646553
   -0.0147887187    -0.0005235314     0.0159822622
   -0.0014494968    -0.0119721994    -0.0000803728
    0.0049747582     0.0018478761     0.0046263683
   -0.0129724378    -0.0046503421    -0.0112492925
    0.0025437594    -0.0027940417     0.0058467957
    0.0111973689    -0.0241861759    -0.0002270788
   -0.0009861555     0.0049209182    -0.0004739272
   -0.0122269822     0.0115774223     0.0010014765
    0.0033629376     0.0148000421     0.0060485028
    0.0033531448    -0.0124107331    -0.0129056634
   -0.0112126975    -0.0032731992     0.0061094608
    0.0110515867    -0.0256551207     0.0112177521
   -0.0117527366     0.0209867688    -0.0127958487
   -0.0025978569     0.0012836509     0.0012897646
   -0.0101597791    -0.0192041523    -0.0122059072
   -0.0015661045    -0.0130308570     0.0018246896
    0.0040798785     0.0277726157     0.0025260734
    0.0041226949     0.0180827007     0.0003702274
   -0.0049589909    -0.0012863391    -0.0091082044
   -0.0085982925    -0.0115546792     0.0030986524
    0.0049477425    -0.0096540251     0.0138575234
    0.0031174687    -0.0093780616    -0.0129289390
   -0.0014608255     0.0152278214    -0.0039984058
   -0.0294698765    -0.0128901161     0.0003773281
   -0.0023708831    -0.0002600190     0.0013017240
    0.0289383751     0.0082453346    -0.0055157118
    0.0044571841    -0.0064573469     0.0055209070
    0.0015758784     0.0032888420    -0.0081346498
   -0.0055890291     0.0051352882     0.0050838011
   -0.0211330598    -0.0355705533     0.0136707290
    0.0126942793     0.0056266777    -0.0063029464
    0.0045724063     0.0307741222    -0.0069419039
   -0.0251891736    -0.0002671239     0.0011643264
   -0.0006123443     0.0022651213    -0.0089737022
    0.0215400269    -0.0021817051     0.0026816549
   -0.0325338577    -0.0201953643     0.0257114480
    0.0085685859    -0.0047956390    -0.0179722669
    0.0234467551     0.0169146499    -0.0075373583
    0.0169055792    -0.0086987902     0.0213789294
   -0.0011746583    -0.0048469117    -0.0035160884
   -0.0098860638     0.0124294035    -0.0107910585
   -0.0004483518     0.0001969585    -0.0013536950
    0.0001889010    -0.0000603507     0.0008027221
    0.0000787901     0.0000231425     0.0003421407
   -0.0217638179     0.0255416008    -0.0361061963
   -0.0013041434    -0.0087391340     0.0008738254
    0.0230984941    -0.0099941439     0.0141780454
    0.0317411209     0.0370171169    -0.0142315355
   -0.0071944985    -0.0491828520    -0.0039300122
   -0.0224055332     0.0036900897     0.0178540989
   -0.0318117560    -0.0074791449     0.0511002810
    0.0073591802     0.0087585659    -0.0061599197
    0.0219565706    -0.0012602228    -0.0354186577
    0.0142341097    -0.0094387267    -0.0087793104
    0.0065023058     0.0011873027     0.0029697620
   -0.0177500034     0.0054519467     0.0024138739
   -0.0403664523    -0.0092738286     0.0132560205
    0.0180908391     0.0114280275    -0.0364222684
    0.0173251554    -0.0029164274     0.0310779098
   -0.0227830155     0.0107646603     0.0305179888
    0.0010307308    -0.0176924151    -0.0117936254
    0.0248074189     0.0099388664    -0.0219832691
   -0.0105391101     0.0021123354     0.0466743533
    0.0125665815     0.0121287693    -0.0165012223
    0.0034652121    -0.0131321769    -0.0235008722
    0.0291454786     0.0093144274     0.0069760684
   -0.0249743826     0.0038625832    -0.0023889211
   -0.0037922631    -0.0145277255    -0.0073372238
    0.0008323846    -0.0012836326    -0.0005773761
   -0.0002903062     0.0007874879     0.0007847565
   -0.0006976828     0.0009143653    -0.0000924968
   -0.0127385480    -0.0005532680    -0.0196986818
   -0.0024851611    -0.0020211824     0.0218939183
    0.0119352937    -0.0016168853    -0.0061520908
    0.0089284511    -0.0058433514     0.0004580009
   -0.0081322241     0.0128571573     0.0100227198
    0.0056842555    -0.0106077953    -0.0069674043
    0.0017010628     0.0025292322    -0.0000990763
   -0.0007893437    -0.0011070514     0.0004044111
   -0.0011219786    -0.0012131814    -0.0002005722
   -0.0265421375    -0.0275098832    -0.0185419430
   -0.0018014981     0.0003231226     0.0034012420
    0.0136167503     0.0156000243     0.0153232526
   -0.0164762993    -0.0167359461    -0.0204040947
   -0.0022093669    -0.0033110569    -0.0081541652
    0.0158210454     0.0140832797     0.0114084320
    0.0047976474     0.0217935041    -0.0203648070
   -0.0060378074    -0.0178498250     0.0157571168
    0.0004939882     0.0011510465     0.0031207055
    0.0297410851    -0.0485670840    -0.0162659706
    0.0037707912     0.0246091757     0.0201246436
   -0.0259250189     0.0244522167    -0.0003911150
    0.0137687984     0.0090672564    -0.0155486240
   -0.0027751645     0.0009751110     0.0052709823
   -0.0057102043    -0.0045554188     0.0075118422
   -0.0161822266    -0.0142011618    -0.0108354465
   -0.0033856228    -0.0122100538     0.0009997582
    0.0113179059     0.0248867292     0.0130174934
    0.0147549602     0.0200218502    -0.0183070655
   -0.0008933775    -0.0190471218     0.0153837096
   -0.0134425970     0.0017370505     0.0014431581
    0.0239365566    -0.0296977366     0.0084064301
    0.0008569635    -0.0083988343     0.0060500116
   -0.0267989839     0.0358758809    -0.0086091314
    0.0242342740     0.0107670394     0.0167562690
   -0.0111808883     0.0098632028    -0.0062764091
   -0.0168158205    -0.0217503312    -0.0144913507
    0.0122199002    -0.0191089034     0.0053144861
   -0.0006671113     0.0005562267    -0.0062465629
   -0.0148918042     0.0112965106    -0.0015222936
   -0.0002175589     0.0000011741    -0.0003214130
    0.0000729914    -0.0001776672     0.0002346911
    0.0001740343     0.0000323731     0.0001302881
   -0.0013061326     0.0000249181    -0.0008175399
    0.0010105353    -0.0003478821     0.0003759724
    0.0007351455     0.0001605951     0.0003462966
    0.0103433886     0.0085912538     0.0253990570
   -0.0056755219     0.0058245725    -0.0263194887
   -0.0101682535    -0.0089474509    -0.0069881544
    0.0143572078    -0.0316525745    -0.0126856834
    0.0072772552     0.0087636241     0.0130144294
   -0.0162851721     0.0216987568    -0.0089317714
   -0.0146807116    -0.0077028843    -0.0050389198
    0.0030746847     0.0010886295     0.0009091752
    0.0109996859     0.0078682224     0.0051576193
   -0.0054542470    -0.0022017722     0.0152948023
   -0.0054665589     0.0064826994    -0.0042036843
    0.0044829058     0.0000700386    -0.0114141924
    0.0483656115    -0.0517631864    -0.0039752287
   -0.0232035861     0.0487057834     0.0059574634
   -0.0199897022     0.0008502929    -0.0043200597
   -0.0136720945     0.0211758630     0.0322618451
   -0.0042210200    -0.0128613882    -0.0337963704
    0.0140008871    -0.0043669745     0.0076200081
   -0.0115306413    -0.0429790170     0.0103197130
    0.0073140427     0.0384861282    -0.0057701520
    0.0021199672     0.0091024789    -0.0023545586
   -0.0330281614    -0.0146334456    -0.0286195932
    0.0389155900     0.0176426880     0.0340581507
   -0.0053888660    -0.0031006959    -0.0083751833
    0.0011388135    -0.0017690789    -0.0157305440
   -0.0038879454     0.0052536518     0.0105894156
    0.0040577813    -0.0039332183     0.0054934416
   -0.0033599192     0.0020396072    -0.0005547501
    0.0022548886    -0.0041087011    -0.0023488887
    0.0018871637    -0.0005601222    -0.0004187605
   -0.0447460107    -0.0074405825    -0.0273919146
    0.0318668667    -0.0097386086     0.0190669758
    0.0108173640     0.0149134175     0.0124465857
   -0.0047534112     0.0373897327    -0.0018919750
    0.0003488465    -0.0324324991     0.0074215404
   -0.0005040671    -0.0024598405    -0.0012551608
   -0.0017197194     0.0114371678    -0.0096513450
   -0.0061202966    -0.0042420255     0.0219030733
   -0.0040795975    -0.0024449954    -0.0009115490
    0.0081332299     0.0004029214     0.0486150937
   -0.0228098145    -0.0106128088    -0.0374265467
    0.0160599957     0.0099589817    -0.0151049397
    0.0018570517     0.0146979687     0.0003568333
   -0.0015678692    -0.0109030629    -0.0019762196
    0.0059064977    -0.0110458471     0.0076737610
   -0.0446480973     0.0125975790    -0.0007172417
    0.0333466936    -0.0061236162    -0.0005649689
    0.0028140502    -0.0059059063     0.0018069137
    0.0194833570     0.0005444473    -0.0008924390
   -0.0111489784    -0.0013852495     0.0050267154
   -0.0064785532    -0.0010672319    -0.0035253716
    0.0180443062     0.0447008743    -0.0062301776
   -0.0222771389    -0.0315053205     0.0036577487
    0.0074668926    -0.0159513511     0.0034746434
    0.0038228241    -0.0283455559     0.0029438884
   -0.0044714268     0.0158978335     0.0048335699
    0.0019116596     0.0103950802    -0.0066748274
   -0.0600944692    -0.0197078605     0.0356878636
    0.0464521483     0.0213637256    -0.0386881175
    0.0190166728    -0.0046305028     0.0061432193
    0.0159727937    -0.0055734133    -0.0166410586
   -0.0052681009     0.0013729269     0.0081198035
   -0.0051554587     0.0038742328     0.0055267834
   -0.0219818281    -0.0024960173    -0.0737381123
   -0.0006555633     0.0089500002     0.0615455659
    0.0211954277    -0.0046626174     0.0101756783
   -0.0016892157    -0.0033480779    -0.0013472484
    0.0064232497    -0.0007860220    -0.0042946851
    0.0005147494    -0.0002506587    -0.0007811569
   -0.0042930120    -0.0008241978     0.0163086830
    0.0024492719     0.0031167262    -0.0181306743
    0.0042359024    -0.0026776932    -0.0013849336
    0.0141797005     0.0029498796     0.0110058746
   -0.0027951285     0.0013772109    -0.0052383033
   -0.0052540719    -0.0006591833     0.0014169233
    0.0230579802     0.0450340113    -0.0004628753
   -0.0064469843     0.0044585492    -0.0011183975
   -0.0083432836    -0.0508737517     0.0036845936
    0.0187695340    -0.0080983292     0.0124596905
   -0.0023664780     0.0016532591     0.0001936324
   -0.0221465378     0.0094906558    -0.0209516211
    0.0052936245     0.0093919929    -0.0410976273
    0.0046499421    -0.0019646246     0.0370526824
   -0.0147661970    -0.0060014080     0.0047533049
   -0.0122309570    -0.0187904380     0.0191660774
   -0.0011356287    -0.0005963910    -0.0132490899
    0.0040917596     0.0019409826     0.0055885063
   -0.0536429260    -0.0011835364     0.0260165565
    0.0133588229     0.0170123562    -0.0002831347
    0.0404787204    -0.0090824924    -0.0272344469
    0.0053787095    -0.0065183878    -0.0608371381
   -0.0138486190     0.0086852543     0.0257159334
    0.0114161170     0.0027678405     0.0302732976
    0.0089256019     0.0091310942     0.0067923837
   -0.0046607135     0.0023940246    -0.0080126236
    0.0002296028    -0.0133454752    -0.0025886469
   -0.0107403223     0.0056549797    -0.0039438385
    0.0101893110     0.0003642880     0.0004507439
    0.0001429547    -0.0015369362     0.0031013308
   -0.0055479386     0.0045887766     0.0059258981
    0.0025992011    -0.0011299473    -0.0091849401
    0.0038992118    -0.0049552893    -0.0006839196
   -0.0083022091    -0.0064303572    -0.0059954612
    0.0052732793     0.0043448502     0.0043349507
    0.0006518473     0.0013484684     0.0002602750
    0.0167232568     0.0174842428    -0.0152381564
   -0.0115767490     0.0063792443    -0.0124452671
    0.0051031308    -0.0198434541     0.0335269759
    0.0033852492     0.0044206170    -0.0139457629
   -0.0107427522     0.0156347849    -0.0073859475
    0.0059939711    -0.0171881081     0.0215367499
   -0.0146298322    -0.0138698659    -0.0837771068
    0.0301919597    -0.0031040653     0.0588605083
   -0.0170695816     0.0214360022     0.0244041288
   -0.0023272804    -0.0059846153     0.0046355187
    0.0034547040     0.0087066521    -0.0066652269
    0.0014340952     0.0016048335    -0.0011930387
   -0.0157045112    -0.0309280391     0.0206014025
    0.0098362581     0.0171560267    -0.0188742250
   -0.0024492659     0.0126942844    -0.0032703098
    0.0110117156    -0.0049614856     0.0426343323
   -0.0089150295     0.0143250589    -0.0105915878
   -0.0049639126    -0.0050995905    -0.0299264843
   -0.0128168329    -0.0170779718    -0.0096060242
    0.0035663371     0.0067502023     0.0060243988
    0.0091814521     0.0059410708     0.0054015043
   -0.0154048145     0.0131234521    -0.0063811895
    0.0145076859     0.0001412749     0.0010486374
   -0.0051187429    -0.0008657973     0.0058856892
   -0.0003582937     0.0025359617    -0.0004932011
   -0.0001048812    -0.0015732432     0.0001540075
    0.0001612834    -0.0010499185    -0.0000353403
   -0.0008004057    -0.0227891449    -0.0052017300
   -0.0027116956     0.0175485472    -0.0124027420
    0.0043290904    -0.0011940476     0.0100275087
   -0.0037064097     0.0004797910    -0.0019700993
    0.0054748233    -0.0027389004     0.0015997810
   -0.0003787463     0.0048793075    -0.0036603794
    0.0116499367     0.0112415160     0.0217653825
   -0.0110269365    -0.0096918687    -0.0165649606
   -0.0010378222    -0.0000655456    -0.0046984942
    0.0141665989    -0.0191185296    -0.0105983012
    0.0034663956     0.0114386635     0.0061675526
   -0.0151712191     0.0068366868     0.0016047573
   -0.0033220886     0.0039914892     0.0126498240
    0.0067022092    -0.0002036451    -0.0106755361
    0.0035086463    -0.0128267156    -0.0011069699
    0.0103938002    -0.0220302170     0.0121677300
    0.0034663462    -0.0031653597     0.0056273305
   -0.0120868486     0.0239266212    -0.0152557533
   -0.0018450867    -0.0008756488    -0.0026886430
    0.0007900056     0.0005690899     0.0006972115
    0.0012530436     0.0010114266     0.0015780909
   -0.0006758576     0.0020666138     0.0001762579
    0.0007250014    -0.0023892077    -0.0003041528
    0.0002945980    -0.0008510799    -0.0001364007
   -0.0243991595     0.0143943882    -0.0009350757
    0.0273933159    -0.0057783924    -0.0003342856
    0.0002898286    -0.0062823806     0.0033910069
   -0.0000696215     0.0332473567     0.0226647876
   -0.0031159953    -0.0041273633    -0.0309440400
    0.0072296495    -0.0282887681     0.0156453425
    0.0108061559    -0.0241453161    -0.0088822066
   -0.0081740503     0.0182184207     0.0033628853
   -0.0035665579     0.0057982554     0.0032806708
   -0.0237888006    -0.0234631374     0.0323585375
   -0.0003390138     0.0038866944     0.0005071954
    0.0190060583     0.0158817221    -0.0270925958
    0.0555743738     0.0178338065    -0.0073563124
   -0.0097036708     0.0151875471     0.0042316730
   -0.0491548727    -0.0305998678     0.0041520027
   -0.0114774982    -0.0052067872    -0.0295381621
    0.0090304239     0.0091808335     0.0220604465
    0.0023391416     0.0006748649     0.0067617794
    0.0088610309     0.0391929109     0.0152869137
   -0.0212013967     0.0010369940     0.0000402866
    0.0190534959    -0.0495119164    -0.0189907981
    0.0035173042    -0.0169235728     0.0192537990
   -0.0124836257     0.0086683287     0.0008389451
    0.0069918387     0.0064342749    -0.0196011367
   -0.0180812337    -0.0229189916     0.0075127340
   -0.0016623583     0.0029006235    -0.0009981128
    0.0151939927     0.0190584755    -0.0102939675
    0.0229264404     0.0313161599     0.0314164025
    0.0193575092    -0.0274718629    -0.0043660163
   -0.0465779866    -0.0034897355    -0.0230850557
   -0.0007584348     0.0348620716    -0.0020633474
    0.0072960377    -0.0134402614     0.0047875121
   -0.0068856004    -0.0274308328    -0.0012504728
   -0.0011563128     0.0124859348    -0.0135322781
    0.0053164277     0.0084812341     0.0068048322
   -0.0063372823    -0.0198660543    -0.0006493859
   -0.0292781876    -0.0202696180     0.0079302844
    0.0276978480     0.0234873707     0.0002928127
    0.0014169099     0.0015093134    -0.0110434706
    0.0011046963    -0.0035942106     0.0004038292
   -0.0007098502     0.0017550096    -0.0009763049
   -0.0002010654     0.0009148381     0.0001919963
   -0.0023603676     0.0194398929    -0.0082005207
    0.0099561200    -0.0177015196    -0.0016290150
   -0.0058637067    -0.0062160289     0.0088027669
   -0.0322401199    -0.0213642310     0.0056819217
    0.0176596202     0.0238898311    -0.0055136100
    0.0086404785     0.0007274240     0.0009538573
    0.0277790114     0.0394525259    -0.0128498593
   -0.0179931612    -0.0327311817     0.0119886708
   -0.0099680521    -0.0139052288    -0.0017608472
   -0.0499729439     0.0490068587    -0.0173850841
    0.0062662800    -0.0087343002    -0.0083008248
    0.0475440185    -0.0415022882     0.0233654911
   -0.0006401716     0.0084561661     0.0029237489
    0.0050688381    -0.0086102150    -0.0032378230
    0.0005016836     0.0006420026     0.0014855700
    0.0063231559    -0.0180553815     0.0177546820
   -0.0104648906     0.0190733010    -0.0075936625
   -0.0019111876     0.0018431927    -0.0061827181
    0.0088643677     0.0046710160     0.0145212865
   -0.0027540723    -0.0007270366    -0.0013676790
   -0.0094180900    -0.0103086295    -0.0200735196
   -0.0058294998    -0.0072385172     0.0022492822
    0.0122561361    -0.0065953456    -0.0043498494
    0.0004958098     0.0076757771     0.0050540423
   -0.0224644010    -0.0316786815     0.0049227021
    0.0237748782     0.0233487688    -0.0091823850
   -0.0014445915     0.0066706527     0.0073305935
    0.0324812627    -0.0095813653    -0.0195481994
   -0.0037247503     0.0102454956    -0.0061251442
   -0.0231490424    -0.0029204254     0.0169687750
   -0.0057992946     0.0309670390    -0.0336401608
    0.0043005383    -0.0214549202     0.0250594932
    0.0046230462     0.0053692089     0.0093782208
   -0.0177389505     0.0145253256    -0.0258375343
    0.0198220019    -0.0003153278     0.0157507083
    0.0028587804    -0.0121111771     0.0091926211
   -0.0005278991    -0.0124870925     0.0097398117
    0.0079303490     0.0017248615    -0.0008911337
   -0.0048989233     0.0082627458    -0.0054660675
   -0.0293845033     0.0236509369     0.0298069470
    0.0149137066     0.0032431655    -0.0292070804
    0.0170546140    -0.0293550939    -0.0043568686
    0.0009299890    -0.0022391011     0.0018297988
   -0.0005088477     0.0008214587    -0.0006546132
   -0.0003511717     0.0008014038    -0.0010251948
    0.0227806214    -0.0040208574     0.0045585803
   -0.0180608830     0.0025256467    -0.0028915722
   -0.0039584289     0.0007107636    -0.0032252404
    0.0031876763     0.0021086081     0.0011193740
    0.0053319088    -0.0019875659     0.0008199423
   -0.0078885453    -0.0026102091    -0.0024591542
    0.0103093990    -0.0237953105    -0.0115411143
    0.0072439100     0.0092004184     0.0001876028
   -0.0169640076     0.0195445240     0.0094114518
    0.0040809572    -0.0031030202     0.0020318898
   -0.0038317210     0.0020839423    -0.0010237665
   -0.0017655532     0.0024800851    -0.0019350553
   -0.0014020960    -0.0344238820    -0.0037494439
   -0.0081757716    -0.0050848184    -0.0009906929
    0.0075777731     0.0366878718     0.0045007263
   -0.0580529420    -0.0137033808    -0.0066828195
    0.0463533506     0.0173032492     0.0020714414
    0.0141983411    -0.0092481197     0.0034320440
   -0.0025358169     0.0009672895     0.0008320959
    0.0008716330    -0.0005828363    -0.0005545358
    0.0012260656    -0.0004144222    -0.0003848103
    0.0480678612    -0.0187173631     0.0321426015
   -0.0095399150    -0.0002175486    -0.0332654773
   -0.0333909765     0.0197115056    -0.0010572438
    0.0124800632     0.0085563353    -0.0150875574
   -0.0117430458    -0.0163371482     0.0104274444
    0.0003739352     0.0036650865     0.0012043125
   -0.0174075717    -0.0071181618    -0.0296311209
    0.0171534622    -0.0128722006    -0.0004073696
   -0.0006599188     0.0205628583     0.0304215823
   -0.0238108495    -0.0127432559     0.0055216724
    0.0022959384     0.0151497181    -0.0017946976
    0.0141816737     0.0018519898    -0.0012230065
    0.0018802409     0.0024082811    -0.0048087666
    0.0010605492     0.0000741287     0.0067476655
   -0.0013497771    -0.0011922643     0.0018067029
    0.0464583805     0.0244404921     0.0055356782
   -0.0111749852     0.0008298828     0.0148877727
   -0.0292798416    -0.0172572842    -0.0162370180
    0.0011826851     0.0010928424     0.0004454268
   -0.0008866552    -0.0002630247    -0.0002985349
   -0.0004342127    -0.0008657217    -0.0000493743
    0.0190023846    -0.0157728431    -0.0194173360
   -0.0091223465     0.0070605671     0.0178344890
   -0.0077745167     0.0085733828     0.0003549373
    0.0047033733     0.0052547543     0.0150536014
   -0.0042574802    -0.0273858393    -0.0238272344
   -0.0031863329     0.0210774656     0.0109972978
    0.0107120585    -0.0095595284     0.0417236993
    0.0023032922     0.0021311314    -0.0324879246
   -0.0144947522     0.0067114886    -0.0049046648
   -0.0334238469     0.0160511816     0.0037653425
   -0.0095410232    -0.0024063308     0.0049101224
    0.0419766953    -0.0142268004    -0.0106051252
    0.0055681931     0.0225970947    -0.0317231087
    0.0040349621    -0.0273713864     0.0002041033
   -0.0113762292     0.0192462565     0.0300709545
   -0.0102786089    -0.0037538973    -0.0090732390
    0.0024776670    -0.0067423916     0.0042648314
    0.0065312714     0.0088830430     0.0053207763
    0.0033972543     0.0016140271    -0.0004420197
   -0.0027144623    -0.0005474421    -0.0000021566
   -0.0010773657    -0.0004927511     0.0002015033
    0.0070278782     0.0139376276     0.0059073071
   -0.0101177013    -0.0074533255    -0.0104861347
    0.0015005586    -0.0048935672     0.0012524431
   -0.0004253033     0.0013393122     0.0005383785
    0.0003629019    -0.0005493992    -0.0002446984
    0.0000696001    -0.0007347897    -0.0004571787
    0.0054040473    -0.0088663479    -0.0058711431
   -0.0079042578     0.0101697612     0.0045775006
    0.0057862522    -0.0054034871     0.0111823756
   -0.0055790768    -0.0188316009    -0.0080246233
    0.0037724812     0.0073429637     0.0052151949
    0.0095172679     0.0093765674    -0.0028304817
    0.0248789368    -0.0076396661     0.0198125791
    0.0047043108    -0.0022601825    -0.0030113337
   -0.0265211576     0.0083928746    -0.0165917267
    0.0194015241     0.0094292357     0.0281031467
   -0.0106231090    -0.0099435927     0.0048638722
   -0.0065346250    -0.0008654241    -0.0314852110
   -0.0105320714    -0.0388477024    -0.0213268619
   -0.0003578480     0.0064785750     0.0106897870
    0.0044904409     0.0291260058     0.0094769084
    0.0391908020     0.0221726377     0.0064677024
   -0.0365802263    -0.0041022882     0.0080253373
   -0.0065189473    -0.0099378190    -0.0133234599
    0.0043705799     0.0013402894     0.0025939938
   -0.0147381259     0.0068963006    -0.0060004378
    0.0111772440    -0.0054860755     0.0025970052
   -0.0336635880    -0.0025435269     0.0267218397
   -0.0004803857     0.0060035969    -0.0072170846
    0.0260899838    -0.0104508591    -0.0220242251
    0.0211677877     0.0108221803     0.0019504406
    0.0043379458    -0.0107288131    -0.0045007464
   -0.0259994454     0.0023730782     0.0003697088
    0.0099766502     0.0048365411     0.0352551437
    0.0060968894    -0.0106906911    -0.0151020794
   -0.0236810481     0.0063707697    -0.0206699007
    0.0019931535    -0.0015402003    -0.0018629017
   -0.0011982439     0.0009851148     0.0004349859
   -0.0010249156     0.0010394659     0.0019402269
    0.0185953702     0.0157796287    -0.0186861947
   -0.0124343144     0.0054387992     0.0086007516
   -0.0019881380    -0.0239920481     0.0120782425
    0.0335530051    -0.0024071036     0.0074410642
   -0.0176764814     0.0133076244    -0.0043978454
   -0.0162556008    -0.0091187742     0.0026101131
    0.0099515903    -0.0082562239     0.0431622419
   -0.0100791561    -0.0052901381    -0.0058006188
   -0.0029000834     0.0145573071    -0.0373362853
    0.0049935863    -0.0021775853    -0.0010938626
   -0.0019015288     0.0016123662     0.0012472053
   -0.0013300024     0.0006082695     0.0003755619
   -0.0003241745     0.0031031983     0.0226261791
   -0.0028890582     0.0003119898    -0.0122320159
    0.0005529462    -0.0060199068    -0.0006804915
    0.0026529358     0.0040113131     0.0006632125
   -0.0018123785    -0.0022954398     0.0008017307
   -0.0011709091    -0.0013629745    -0.0005571672
   -0.0000312987     0.0000804444    -0.0003586721
    0.0000203982    -0.0000789232     0.0000905903
    0.0001119626    -0.0000225610     0.0002117489
    0.0003180278     0.0010845779     0.0015723527
   -0.0001669994    -0.0004839823    -0.0011942583
   -0.0003930458    -0.0006671063    -0.0006417561
   -0.0116140429    -0.0440211670    -0.0112956882
    0.0201203143     0.0350162494     0.0076852180
   -0.0095877679     0.0083367130     0.0005747353
    0.0102706087    -0.0035730211     0.0010118927
   -0.0005104509     0.0105147665     0.0041342548
   -0.0078083304    -0.0006842737    -0.0043214079
    0.0059192290     0.0089024974     0.0116369340
   -0.0132688657     0.0012504955     0.0069250426
    0.0182365472    -0.0003759969    -0.0078151043
    0.0106660115     0.0118968035     0.0060725557
   -0.0185164718     0.0067741276     0.0038327864
    0.0060661141    -0.0137218152    -0.0067823162
    0.0109074237    -0.0044995523    -0.0238711713
   -0.0046571977     0.0037040109     0.0016676569
   -0.0045266054     0.0054750902     0.0213256888
    0.0120053473     0.0339956220    -0.0257037117
    0.0075304252    -0.0388402996     0.0142680472
   -0.0187961323     0.0085813999     0.0154366416
    0.0088406444    -0.0005069964    -0.0173900784
    0.0011166250     0.0123516723     0.0095830688
   -0.0117032496    -0.0098142851     0.0075050421
   -0.0222668600    -0.0021453365    -0.0333895590
    0.0157282719    -0.0010536488    -0.0003176491
    0.0104693926    -0.0002556139     0.0313080216
    0.0022485404    -0.0082848822     0.0094681641
    0.0124887111     0.0091970739    -0.0020944096
   -0.0077088300     0.0008361052    -0.0028477268
   -0.0111224928     0.0167457148    -0.0201352821
   -0.0039704924     0.0008035093    -0.0029359384
    0.0088153404    -0.0200589576     0.0231683451
   -0.0250047448     0.0412377218    -0.0289188093
    0.0217165613    -0.0247865047     0.0282552803
   -0.0001774767    -0.0204577089    -0.0012596319
   -0.0147385615     0.0024589927     0.0015338328
    0.0027740058    -0.0004360612    -0.0080026035
    0.0151289350    -0.0037508260     0.0052375303
    0.0136538238     0.0150675816    -0.0084439212
   -0.0039152729    -0.0029354699     0.0069638849
   -0.0079094673    -0.0113297165    -0.0026180311
    0.0005843099     0.0015319309     0.0039666673
   -0.0001025713    -0.0002932243    -0.0013058893
   -0.0011604809    -0.0006446797    -0.0034292330
    0.0183074136     0.0106253983     0.0172895130
   -0.0222605220    -0.0085691265    -0.0116644666
    0.0034462069    -0.0033547980    -0.0080293403
    0.0343391742     0.0055732207     0.0382940202
   -0.0281274602     0.0083876324    -0.0458195536
   -0.0039422201    -0.0040333150     0.0032825998
    0.0326564461     0.0302833898     0.0194704462
   -0.0012938264    -0.0046561078    -0.0335086085
   -0.0284026807    -0.0259667474     0.0185662079
   -0.0030279659    -0.0186865628     0.0105827504
    0.0009341395     0.0219601274    -0.0189451179
   -0.0002632140    -0.0039519101     0.0054845770
   -0.0293708560     0.0054969961     0.0044362795
    0.0050402539    -0.0102589240    -0.0018167919
    0.0239234281     0.0019821472    -0.0034562772
    0.0254794031    -0.0151841844     0.0351154406
   -0.0173012663     0.0013513503    -0.0269850139
   -0.0022771055     0.0171930507    -0.0053219394
    0.0232589749     0.0003948743    -0.0175598100
   -0.0159435876    -0.0030036345     0.0065292005
   -0.0040432015    -0.0010749909     0.0020184944
    0.0022997069     0.0031841871    -0.0099785221
    0.0052416592    -0.0084804914     0.0037553077
   -0.0091216105    -0.0001449354     0.0075506914
   -0.0046900235    -0.0537609377     0.0091307482
    0.0036459064     0.0514518409     0.0034140197
   -0.0029315491     0.0021266292    -0.0093275488
   -0.0126779190     0.0083245689    -0.0053129260
    0.0056359047    -0.0036171996     0.0059899473
    0.0094074141    -0.0024283095    -0.0018151141
    0.0285549928     0.0157882585    -0.0172519233
   -0.0078153940    -0.0042568050     0.0132941836
   -0.0265205076    -0.0135366137     0.0028267261
   -0.0046118876     0.0394833261     0.0265778803
    0.0077648432     0.0100537938    -0.0033335208
   -0.0012466942    -0.0499458325    -0.0219591107
    0.0465618693    -0.0308217930    -0.0350447192
   -0.0578138222     0.0239582126     0.0088762815
    0.0092631687    -0.0024214786     0.0258882030
    0.0127415075    -0.0004099680    -0.0375645943
   -0.0087380876     0.0005082437     0.0223852834
   -0.0072325607     0.0016848595     0.0111163727
   -0.0026763962    -0.0129794267    -0.0248258545
   -0.0023331333     0.0071978178     0.0081324254
    0.0033432494     0.0075496880     0.0073640478
   -0.0000179440     0.0000442092    -0.0004676210
    0.0001964046     0.0002547202     0.0000812816
   -0.0001815040    -0.0001759200     0.0002055922
   -0.0085609184    -0.0139023767    -0.0152815065
   -0.0073616472    -0.0030237605     0.0050571173
    0.0119709114     0.0157502597     0.0090651229
    0.0039132014    -0.0225250905    -0.0295073059
   -0.0033492364     0.0125561857     0.0182630848
    0.0022334717    -0.0029731295     0.0029065178
    0.0131640048     0.0144744724    -0.0050405867
   -0.0074593613    -0.0086961958    -0.0001273966
   -0.0028512885    -0.0149627860     0.0082791969
   -0.0624299361    -0.0212757001    -0.0106755556
    0.0151568859     0.0170149272     0.0168312357
    0.0464640946     0.0031041478    -0.0041921021
   -0.0221920675    -0.0051565541    -0.0111646280
    0.0229491678    -0.0089052538    -0.0057674695
   -0.0001842145     0.0083312648     0.0058878105
    0.0028081858     0.0003476839    -0.0012820724
   -0.0014814634     0.0000776280     0.0008806526
   -0.0012268181     0.0000592129     0.0000394682
   -0.0112408586     0.0303574063     0.0002080297
    0.0018446827    -0.0075343373    -0.0067121928
    0.0007386388    -0.0094978234     0.0061910916
    0.0360718222    -0.0023960317     0.0051971326
   -0.0192004524     0.0035663413    -0.0074823478
   -0.0183187046    -0.0016553129     0.0070444505
   -0.0089437565     0.0102427632    -0.0133386449
    0.0018550116    -0.0023160086     0.0025937704
    0.0021708211    -0.0045106641     0.0060063892
   -0.0140920706    -0.0190013452     0.0125663913
   -0.0032370338     0.0037959365     0.0043422649
    0.0171300982     0.0099025589    -0.0117960335
    0.0140310186     0.0098461988     0.0207422069
   -0.0026784258    -0.0063619501    -0.0070503543
   -0.0046373899    -0.0007922654    -0.0065119265
    0.0006964839     0.0013379907     0.0040422443
   -0.0036314963     0.0088890929    -0.0005630654
    0.0094789579    -0.0051516233     0.0005413366
   -0.0297671412    -0.0170162117     0.0431046028
   -0.0044339902     0.0111132081    -0.0052007712
    0.0385805665     0.0019017393    -0.0287951553
   -0.0025144856     0.0148681673    -0.0041141349
   -0.0101241240    -0.0158989221     0.0051444708
    0.0091216866    -0.0011229178     0.0062752155
    0.0022328759    -0.0042357539    -0.0111792937
    0.0020151238     0.0112799843     0.0091067629
   -0.0083821997    -0.0001882938     0.0152257356
   -0.0184063729     0.0147774103    -0.0174138084
    0.0314978462    -0.0014422380     0.0066896457
   -0.0122113288    -0.0125661549     0.0100692064
    0.0026895933    -0.0252002896     0.0019168477
   -0.0030949586     0.0070456382     0.0064106549
   -0.0011326485     0.0068718382    -0.0045489006
    0.0318451777     0.0455886843     0.0066737979
   -0.0028461288     0.0009057143    -0.0052196135
   -0.0258848154    -0.0504920395    -0.0059036506
   -0.0004303660    -0.0003408343     0.0035931311
   -0.0002091668     0.0003617477    -0.0021593969
    0.0004696401     0.0005847440    -0.0015741844
   -0.0185408445     0.0133654582    -0.0115529434
    0.0196549640     0.0158142749     0.0298459543
    0.0069074370    -0.0256968678    -0.0136362809
   -0.0004191006    -0.0000147423     0.0000905236
    0.0002387418    -0.0002516051    -0.0001017194
    0.0002488770     0.0002139642    -0.0000054499
   -0.0035663574     0.0004720947     0.0021673475
    0.0008298492    -0.0001325573    -0.0005168401
    0.0021908435    -0.0007930052    -0.0023484407
   -0.0121880860    -0.0054684970    -0.0140872017
    0.0083195659     0.0028575692     0.0026121193
   -0.0024495804     0.0029702123     0.0115176403
    0.0038683097    -0.0163234696    -0.0122446305
   -0.0030116720     0.0176003833     0.0070868008
   -0.0034233694    -0.0071899046     0.0103705414
    0.0047179407    -0.0013123208    -0.0311339499
   -0.0093812039    -0.0035350471    -0.0007960780
    0.0022596592     0.0038842096     0.0253229912
   -0.0256283303    -0.0181986510     0.0000513642
    0.0126983007    -0.0051155417    -0.0016929008
    0.0111455554     0.0243687183     0.0032020650
    0.0019939384    -0.0551784387     0.0298310263
   -0.0234670524     0.0334873280    -0.0172689137
    0.0222192998     0.0253094742    -0.0127183485
   -0.0193813996    -0.0349550523     0.0284532764
    0.0043706797     0.0186029670    -0.0076100395
    0.0153141116     0.0149957234    -0.0219778645
   -0.0013334668    -0.0008107818    -0.0055176837
    0.0008753939    -0.0001752861     0.0011759616
    0.0011761301    -0.0003502004     0.0030405168
   -0.0000488894    -0.0027920778     0.0004060469
   -0.0001238779     0.0013617743    -0.0007214431
    0.0002493877     0.0015469939    -0.0003068155
    0.0032973828     0.0105402944    -0.0374997047
   -0.0003961549    -0.0140275546     0.0110107435
   -0.0127904592     0.0046705178     0.0353481967
---------------------------------------------------
Net gradient:  1.879189e-07  1.997948e-07 -1.696496e-07
Net torque:    1.427908e-03  9.104904e-04 -1.265793e-03


Gradient units are Hartree/Bohr
---------------------------------------------------
        dE/dX            dE/dY            dE/dZ
   -0.0033041875     0.0058792865    -0.0038815155
   -0.0019792384    -0.0025764040     0.0042062736
    0.0035848159    -0.0030346488    -0.0004232866
    0.0017442288     0.0026102010     0.0016919238
    0.0012755323     0.0113701712    -0.0010331613
   -0.0030522389    -0.0010239716    -0.0040790901
   -0.0027068511    -0.0034572300     0.0033450764
    0.0033527447    -0.0043119075    -0.0005668498
    0.0058439953    -0.0174007871     0.0158746666
    0.0055221187     0.0031995824    -0.0136597995
   -0.0108049159    -0.0066171809    -0.0009780103
    0.0070904558     0.0040319312    -0.0067704336
   -0.0224489926     0.0060960491     0.0062941041
   -0.0101254593    -0.0080216897     0.0081651844
    0.0219379814     0.0028388578    -0.0085312424
   -0.0047818900     0.0044127881    -0.0038047418
   -0.0131453933    -0.0045729148    -0.0077720331
   -0.0012327649    -0.0015420836    -0.0020384761
    0.0281957223     0.0681219945    -0.0363792124
   -0.0035009226    -0.0513042691     0.0656678432
   -0.0122115426    -0.0445105655     0.0379324186
    0.0049311403     0.0029665829     0.0024058026
    0.0025468409     0.0383500906    -0.0408664475
    0.0027572145     0.0035789624    -0.0034307425
    0.0141805488     0.0060581444     0.0426950890
   -0.0132038949     0.0051063134    -0.0127850023
    0.0186942519    -0.0595952454    -0.0337035746
    0.0045804368     0.0274252244    -0.0012086295
   -0.0019069606     0.0012150894     0.0015435955
   -0.0004014251     0.0019468921    -0.0025882024
   -0.0043497808    -0.0034718052     0.0022774146
    0.0021309609     0.0043236192    -0.0026973159
   -0.0022097449    -0.0045967957     0.0011393790
   -0.0024684656    -0.0036809580    -0.0032772118
   -0.0292399071     0.0137209532     0.0044441604
    0.0050727445    -0.0020199690     0.0010725050
    0.0081565376     0.0044189686     0.0042630664
    0.0015002698    -0.0022749686    -0.0012402140
   -0.0003068663     0.0009514667    -0.0061683382
   -0.0032870449     0.0049101584    -0.0005700418
   -0.0031503049    -0.0014356440    -0.0001014601
    0.0015789948    -0.0039301647    -0.0043836276

------- MM / Point charge part -------
   -0.0034999201    -0.0004313274    -0.0022863642
    0.0039176616    -0.0002170183     0.0020560590
    0.0016242313    -0.0001435780     0.0000772139
   -0.0036014230    -0.0084161965     0.0163913670
   -0.0029312101     0.0135014711    -0.0155940061
    0.0026067668    -0.0051161564    -0.0004651327
    0.0419774525     0.0061851082     0.0346319174
    0.0103672984     0.0119349070    -0.0204515624
   -0.0378892200    -0.0209389857    -0.0057719252
   -0.0051974900     0.0086779458    -0.0024997987
    0.0014814453     0.0009856118     0.0046092146
   -0.0027039543    -0.0041817125     0.0011087076
   -0.0002769967    -0.0433797415     0.0115052845
   -0.0024939250     0.0169579875     0.0071887044
    0.0064844606     0.0255436791    -0.0232844422
   -0.0015834423    -0.0006749700     0.0009094097
    0.0006406592     0.0006255890    -0.0003709530
    0.0011537279    -0.0001357584    -0.0006917759
   -0.0381628269    -0.0266566506     0.0128790656
    0.0097922362    -0.0000176284     0.0039474686
    0.0315204139     0.0279477020    -0.0159002465
    0.0047493173    -0.0282177753     0.0211523334
   -0.0021472032     0.0178482147    -0.0226848302
    0.0033072933     0.0040541025     0.0010816270
   -0.0149961415     0.0176014282    -0.0122652253
   -0.0087470759    -0.0044111010     0.0000799561
    0.0174927831    -0.0158645987     0.0085005936
    0.0076840473    -0.0023011484    -0.0018701773
   -0.0120266758    -0.0098087823    -0.0062156497
    0.0047651092     0.0170368591     0.0092095861
   -0.0150510031     0.0033606068     0.0043403382
    0.0180452629    -0.0008167924    -0.0117034395
    0.0003168389     0.0006664958     0.0025989594
    0.0129298229     0.0101727067    -0.0264338973
   -0.0019668683     0.0036572229     0.0109996574
   -0.0045967844     0.0022722909     0.0043073043
    0.0545824902     0.0374189020    -0.0188149448
   -0.0158858341     0.0034966498    -0.0066331465
   -0.0368796220    -0.0406305781     0.0170381995
    0.0009504649     0.0057168782    -0.0028549773
   -0.0002118536    -0.0037719030     0.0023198366
   -0.0040552886     0.0025901210     0.0018681196
   -0.0004138256    -0.0021938056    -0.0021358567
    0.0002502061     0.0012385411     0.0011146685
    0.0005006380     0.0006630183     0.0011029034
   -0.0007493827     0.0087455759     0.0220965579
   -0.0105699662     0.0041675564    -0.0011573519
    0.0069515159    -0.0155334347    -0.0227569085
   -0.0072267942     0.0158857764    -0.0211187002
   -0.0023081493     0.0070960460     0.0081303942
    0.0077113638    -0.0177647647     0.0107825630
   -0.0116655416    -0.0131041454     0.0112370073
    0.0184679716     0.0189040054     0.0000443201
   -0.0068372786    -0.0028746449    -0.0175256432
    0.0037460674     0.0050370612     0.0126907747
    0.0031687724     0.0029037529    -0.0030611314
   -0.0033861836    -0.0076408684    -0.0084498966
    0.0079725070    -0.0091726052     0.0013229474
    0.0033780882     0.0021672740    -0.0021854456
   -0.0085761818     0.0023490016     0.0015068484
    0.0250736265     0.0323885744    -0.0094814467
   -0.0217821165    -0.0066528386    -0.0050325317
   -0.0112244576    -0.0233231900     0.0121589708
   -0.0199159502     0.0020372314     0.0035169616
    0.0047988520     0.0056729356    -0.0014311401
    0.0104967453    -0.0080230863     0.0006992757
    0.0289387861     0.0043250717     0.0042425056
   -0.0171927335    -0.0127723189    -0.0041980787
   -0.0146746348     0.0069199893     0.0026919278
   -0.0105647275     0.0026012243     0.0058349274
    0.0016592454    -0.0036852289    -0.0031962874
    0.0089715757     0.0029517238    -0.0026681772
   -0.0175344692    -0.0050409642     0.0121559749
    0.0154136405     0.0081668214    -0.0085717383
    0.0011184316    -0.0004644605    -0.0040355156
   -0.0000148174     0.0038324778     0.0018335631
   -0.0006078890    -0.0024577662    -0.0010082000
    0.0000665252    -0.0013528168    -0.0009884133
   -0.0112754707     0.0094419890    -0.0053935358
    0.0014739770    -0.0119732193    -0.0006313082
    0.0053771609     0.0027035871     0.0141872446
    0.0034223967     0.0226428372    -0.0096259278
   -0.0039074087    -0.0166376450     0.0148473248
   -0.0000170197     0.0054394653    -0.0006152489
   -0.0259621584     0.0112603603     0.0091527982
    0.0069161868     0.0046109049     0.0180643432
    0.0101630228    -0.0129288075    -0.0193858849
    0.0008704735     0.0166458605    -0.0209853286
    0.0043936715    -0.0118101589     0.0120792134
   -0.0061227754    -0.0036105805     0.0055549217
    0.0078696508     0.0205585783     0.0142245249
   -0.0036082339    -0.0111497625    -0.0036592506
   -0.0009334231    -0.0076915897    -0.0061355429
   -0.0009728536    -0.0144731329    -0.0064072649
   -0.0197653217     0.0146467077     0.0056642529
    0.0159931304     0.0042939261    -0.0062087007
   -0.0122357430    -0.0160097399     0.0364601755
    0.0181067358     0.0135467833    -0.0308211195
   -0.0014204489    -0.0030767548    -0.0024686008
   -0.0081100098    -0.0490445077    -0.0117955608
    0.0017815166    -0.0026203179     0.0136339575
    0.0046613483     0.0542813720     0.0026884494
   -0.0012440906    -0.0012695076    -0.0083621286
    0.0004189584     0.0015183177     0.0110102057
   -0.0046483821    -0.0047084050    -0.0013222926
   -0.0195821898     0.0129495050     0.0217004008
    0.0164220054    -0.0091696838    -0.0205988401
    0.0000651208    -0.0103223914    -0.0005140282
    0.0015989193    -0.0007747839     0.0002721718
   -0.0005851183     0.0005818440     0.0000729031
   -0.0007567015     0.0001684830    -0.0003852060
    0.0103147119    -0.0110847245     0.0229979141
   -0.0126248526     0.0167002253    -0.0101466383
    0.0040195349    -0.0083367064    -0.0196463126
   -0.0220811948     0.0009478930     0.0512753911
    0.0187976053     0.0055996300    -0.0495337989
    0.0029318568     0.0104809668     0.0023714642
   -0.0001337163    -0.0007712054    -0.0018556230
    0.0001176149     0.0001091513     0.0010581600
    0.0002277324     0.0007088994     0.0010706905
    0.0168475932     0.0063575640     0.0026042292
   -0.0139218134    -0.0044973579    -0.0037722496
   -0.0049187864    -0.0048742558     0.0044803656
   -0.0056926445    -0.0105191804     0.0367873377
   -0.0006993868    -0.0027178788    -0.0264936388
    0.0067739759     0.0119938827    -0.0049099184
   -0.0292577971    -0.0061762241     0.0248144119
    0.0039354139     0.0002869754    -0.0055570286
    0.0303378184     0.0022103255    -0.0216522604
    0.0093211725     0.0063035284    -0.0057668174
   -0.0026642858    -0.0017378136     0.0050675734
    0.0027772680    -0.0013190385     0.0015315056
    0.0185101789     0.0071628520    -0.0109158372
   -0.0166015510    -0.0091086720     0.0046526936
    0.0009509851     0.0019685051     0.0027505860
   -0.0505714489    -0.0012888010     0.0032086198
    0.0132064190    -0.0072379744    -0.0086564134
    0.0398724288     0.0049173850     0.0141974826
   -0.0419743930     0.0131439962     0.0236317877
    0.0459730035    -0.0269978456    -0.0146600668
    0.0012648485     0.0115468553     0.0041083933
   -0.0109136394     0.0021106514    -0.0010574667
    0.0145015751    -0.0014262519    -0.0066394234
    0.0022059075    -0.0034266552     0.0102023936
    0.0165676915    -0.0076197622    -0.0245652040
    0.0221570574     0.0071956464     0.0215816470
   -0.0038290760     0.0043303438     0.0070214610
   -0.0096296265    -0.0021822794    -0.0162863897
    0.0010622649    -0.0040979139    -0.0066749250
    0.0072097496     0.0069975642     0.0227742370
   -0.0250304968     0.0093280115    -0.0016909350
   -0.0050195370    -0.0036063849    -0.0153830272
    0.0344155834    -0.0058888193     0.0162495628
    0.0104590593     0.0089964644    -0.0038572594
   -0.0111227286     0.0067235866     0.0166891148
    0.0035391912    -0.0130155832    -0.0176651543
    0.0387266392     0.0158775981     0.0003360877
   -0.0127880748    -0.0023702367     0.0039238745
   -0.0174824152    -0.0064692907    -0.0046966144
    0.0003531001    -0.0001955238    -0.0000593552
   -0.0002525519     0.0003413449     0.0001519643
   -0.0001383035    -0.0001345821     0.0000998561
    0.0346030754    -0.0008621024     0.0456109437
   -0.0260691297     0.0116957890    -0.0091839985
   -0.0084115203    -0.0092130446    -0.0346952501
   -0.0090250768     0.0094735899    -0.0089987941
   -0.0011716858    -0.0030474010     0.0022272261
    0.0010115512    -0.0012315939    -0.0001213786
    0.0007083165     0.0007218818    -0.0020950159
   -0.0004019026    -0.0005754903     0.0012329574
   -0.0005474931    -0.0005116285     0.0008718151
    0.0031304186    -0.0105186697     0.0024964614
   -0.0055762558     0.0095641808    -0.0121568628
    0.0007954861    -0.0006819577     0.0080353056
    0.0050118911    -0.0039002862     0.0105734683
    0.0050570785     0.0084806194     0.0066038656
   -0.0030139534    -0.0017175580    -0.0172292587
    0.0067336388     0.0355897856     0.0128494022
    0.0058410389    -0.0138521547    -0.0016328639
   -0.0170270074    -0.0073096888    -0.0151306938
    0.0066361856    -0.0140866005    -0.0218063404
   -0.0047040811     0.0226695686     0.0040328086
    0.0078100102    -0.0073816383     0.0177425875
   -0.0062430186    -0.0117961715     0.0125522209
   -0.0113744472     0.0026560119    -0.0054036455
    0.0148726341     0.0116715278    -0.0007066285
   -0.0010305875     0.0014237526     0.0017896961
    0.0006310977    -0.0007255386    -0.0013667535
    0.0002324410    -0.0007149836    -0.0008239740
    0.0102425050     0.0154661329    -0.0071742989
    0.0024296034     0.0020418104     0.0000001225
   -0.0011107880    -0.0200101199     0.0067172859
   -0.0024224892    -0.0033327099    -0.0059782307
    0.0002295590     0.0029006633     0.0020795906
    0.0014775476     0.0016778233     0.0036075309
   -0.0103461793     0.0047526506    -0.0064151678
   -0.0062531306     0.0013197453    -0.0030542033
    0.0127584469    -0.0054687462     0.0122186388
   -0.0079603261    -0.0149026992     0.0020254053
    0.0049587369     0.0168020790    -0.0008386610
   -0.0006111359     0.0061892182     0.0023315330
    0.0134683032     0.0071012361    -0.0315059094
   -0.0146134559     0.0033702593     0.0059480772
   -0.0013378570    -0.0119883036     0.0207823462
   -0.0002742545     0.0008318097    -0.0007644474
    0.0002252641    -0.0005848996     0.0002343791
    0.0001926480    -0.0003023367     0.0008165393
   -0.0019232268    -0.0019871879     0.0010547323
    0.0009909903     0.0008111705    -0.0000400483
    0.0007392842     0.0006812226    -0.0007793002
   -0.0279574923     0.0032721337     0.0029291346
    0.0095912055    -0.0124955876    -0.0035329617
    0.0109443622     0.0040249312    -0.0003478866
    0.0027760919    -0.0061548497    -0.0146140247
   -0.0000974195     0.0030865601     0.0016097108
   -0.0027827255     0.0011309312     0.0059094555
    0.0081678342    -0.0223027284    -0.0077703359
   -0.0139816227     0.0038948146     0.0009770938
    0.0104657011     0.0038978599    -0.0017226289
    0.0022177087     0.0002808672     0.0038256986
   -0.0007606574    -0.0008592185    -0.0017172696
   -0.0015844839     0.0001697718    -0.0013405331
   -0.0098390322    -0.0018852658     0.0025852154
    0.0149533463    -0.0058560532     0.0077740616
   -0.0028299297     0.0120092090    -0.0132718435
   -0.0231882956    -0.0246874277    -0.0246383585
    0.0283915682     0.0095663517     0.0325203278
   -0.0023459368     0.0156219412    -0.0021958984
   -0.0101025247     0.0163073263    -0.0389902836
   -0.0074384641    -0.0057057318     0.0188620320
    0.0204580977    -0.0124323289     0.0150172965
    0.0010913866    -0.0001572482     0.0207975662
    0.0305768073     0.0117328165    -0.0009229016
   -0.0232515545    -0.0207266087    -0.0141925549
   -0.0021609901    -0.0007564998    -0.0020473315
    0.0014828492     0.0002811476     0.0012639452
    0.0011273900     0.0004376857     0.0015330658
   -0.0027642647    -0.0083972119     0.0087684114
    0.0112231909     0.0101173873    -0.0032457273
   -0.0162976863     0.0011064838     0.0005401259
   -0.0151640360     0.0051508529     0.0051609965
    0.0000465380     0.0025324981    -0.0112590477
    0.0101899970    -0.0015307266     0.0130674096
    0.0386008437     0.0150443577    -0.0047467133
   -0.0161686864    -0.0095388376    -0.0094240282
   -0.0331541229    -0.0033947137     0.0113482468
    0.0177194643    -0.0423135771    -0.0102020400
   -0.0137893176     0.0132150358     0.0072102415
    0.0054515396     0.0327129782    -0.0005678184
    0.0001383029    -0.0006471135    -0.0002562150
   -0.0000422137     0.0006818755    -0.0000417283
   -0.0000934113    -0.0000233212     0.0002989734
    0.0063774535    -0.0209605127    -0.0472415512
    0.0012461644     0.0046319120     0.0138076275
   -0.0057097357     0.0132703253     0.0354867708
   -0.0140138912     0.0282987525     0.0065143505
    0.0302319206    -0.0162844543    -0.0219545694
   -0.0177458880    -0.0184105572     0.0162249155
    0.0152939353     0.0540573392    -0.0057979951
   -0.0150991306    -0.0143000400    -0.0044650777
    0.0023379949    -0.0390400304     0.0128309328
   -0.0526584887     0.0027477006    -0.0078654676
   -0.0010083669    -0.0047179862     0.0037964639
    0.0585593566     0.0024577142     0.0020481167
   -0.0095770115     0.0029741019    -0.0063608401
    0.0050628871     0.0040910968     0.0130145673
    0.0091800649    -0.0167704434    -0.0043422432
   -0.0103916914    -0.0161472506     0.0018168719
   -0.0019280053     0.0074967327    -0.0078748272
    0.0089677280     0.0063789359     0.0038621675
    0.0113039175     0.0027828468     0.0095180653
   -0.0083164610     0.0077693076    -0.0104454713
    0.0015407512    -0.0093443031    -0.0024246449
    0.0408458997    -0.0345783927    -0.0198506327
   -0.0074818856     0.0216263080    -0.0066181470
   -0.0328947920     0.0189005027     0.0230767684
    0.0195936154     0.0107989953     0.0298172893
   -0.0158727105    -0.0163216869    -0.0088190898
   -0.0008447828     0.0090113384    -0.0174698936
   -0.0185524879    -0.0246165512     0.0346501616
    0.0141633722     0.0196211522    -0.0251241347
    0.0003215322     0.0067586939    -0.0080144930
    0.0485899300     0.0097997631    -0.0246093358
   -0.0073530526    -0.0156530962    -0.0018977986
   -0.0358003067     0.0012071747     0.0218012780
    0.0141813929     0.0127947990    -0.0209152478
   -0.0136336714    -0.0025391313     0.0176024551
    0.0002940111    -0.0055900119     0.0000440038
   -0.0181431433    -0.0103410554    -0.0333877634
   -0.0004669011    -0.0471813022     0.0117646891
    0.0180412862     0.0585440452     0.0256073989
    0.0174763484    -0.0061061132    -0.0069174165
   -0.0048789062     0.0020067202     0.0104784864
   -0.0194095227    -0.0033520832    -0.0022728358
   -0.0009730321    -0.0114936319    -0.0103665272
   -0.0081764821     0.0009932554     0.0009027195
    0.0078955929     0.0075420838     0.0055070943
    0.0115768635    -0.0000167889     0.0079686679
   -0.0007040412    -0.0022901933    -0.0043629940
   -0.0121021098    -0.0004670996    -0.0026913141
   -0.0792674946     0.0109139070     0.0107284299
    0.0332121723     0.0017768358    -0.0018617299
    0.0082192009    -0.0126760447    -0.0058792309
    0.0009112836     0.0012981670     0.0000073044
   -0.0004650242    -0.0010313628    -0.0000844121
   -0.0004615669    -0.0005983823     0.0000010392
   -0.0001370824     0.0014182761    -0.0006628996
    0.0000143724    -0.0002734332     0.0001688719
   -0.0000193748    -0.0009798886     0.0005447714
    0.0091192237     0.0317970443    -0.0217897710
   -0.0059668187    -0.0056232217     0.0020974952
   -0.0061743404    -0.0258471154     0.0183705048
   -0.0187321120    -0.0002746932     0.0096344514
    0.0048606102     0.0033217034    -0.0162977920
    0.0065534886    -0.0035260630     0.0106693207
   -0.0390182277     0.0266034640    -0.0078965655
    0.0214870025    -0.0195955791     0.0119937089
    0.0164060928    -0.0073824911    -0.0089939810
    0.0083432158     0.0634163785     0.0004126424
    0.0188014399    -0.0379167419    -0.0167842299
   -0.0254686603    -0.0328912683     0.0109767067
   -0.0236854452     0.0025657385    -0.0115906813
    0.0027299618     0.0031285591     0.0048099316
    0.0133019449     0.0007314745     0.0042035578
    0.0247760411    -0.0010187393    -0.0053040908
   -0.0021071473     0.0067920420     0.0071607829
   -0.0231698455    -0.0061376953    -0.0011377784
   -0.0045786452     0.0055797122    -0.0054617037
   -0.0009906847    -0.0042851254     0.0045750072
    0.0087001177    -0.0035491061     0.0045078314
    0.0000679429     0.0065094614    -0.0062259422
   -0.0101945177    -0.0035830467     0.0000365229
    0.0052178145    -0.0012091891     0.0022941999
   -0.0181636419     0.0138747272    -0.0154198494
    0.0046521929     0.0012515177     0.0042701898
    0.0062063726    -0.0144004497    -0.0017295123
    0.0013109636    -0.0016914968    -0.0032426363
    0.0002805650     0.0011498982     0.0019776468
   -0.0008548256     0.0002532417     0.0012909357
    0.0176192205     0.0340025992     0.0222238766
   -0.0147361765    -0.0185773290    -0.0124747128
    0.0018136168    -0.0154284032    -0.0124838543
    0.0238436597    -0.0126240504     0.0132326658
   -0.0064910702    -0.0072350375    -0.0024687344
   -0.0129532882     0.0125790117    -0.0203440351
    0.0487063269    -0.0069256775     0.0098055913
   -0.0143361621    -0.0044346488    -0.0179726334
   -0.0400092610     0.0133332851     0.0121028014
    0.0095250354    -0.0097351099     0.0048635358
   -0.0057517427     0.0092469541     0.0061327952
   -0.0034563573     0.0011513724    -0.0085920252
    0.0222520226     0.0259379566     0.0323318659
   -0.0132591756    -0.0159123677    -0.0304639847
   -0.0016528701    -0.0083576175    -0.0029366089
   -0.0000630242     0.0235327623    -0.0233084553
    0.0095019478    -0.0073710370     0.0124926783
    0.0041257191    -0.0100374615     0.0093805389
    0.0067903447    -0.0219716446    -0.0144657298
   -0.0185827378     0.0060908501     0.0100348535
    0.0065154345     0.0114889214     0.0027002897
   -0.0077472205     0.0075218584    -0.0140853660
    0.0121190327    -0.0018094676     0.0033649657
    0.0003449360    -0.0050182899     0.0108729826
   -0.0282642802     0.0388765750     0.0755326966
    0.0462771804    -0.0061027908    -0.0523589431
   -0.0165818252    -0.0398516095    -0.0220169580
    0.0128867421    -0.0005145908     0.0072771001
   -0.0104682533    -0.0058351123    -0.0117360106
    0.0025992178     0.0040702299     0.0022236345
    0.0540927222    -0.0020129829    -0.0043773780
    0.0065282892     0.0081424671     0.0088860971
   -0.0516546118    -0.0137025726    -0.0037763767
   -0.0270967023    -0.0108747352     0.0144553410
    0.0027717368    -0.0021198489     0.0018446977
    0.0214405084     0.0149760878    -0.0170678756
   -0.0271719664     0.0070013107     0.0210737929
    0.0101022055    -0.0047664513    -0.0054091725
    0.0158904689     0.0029300833    -0.0132295593
    0.0118305717     0.0129299768     0.0124995567
   -0.0085249864    -0.0052697542    -0.0040757322
   -0.0031269863    -0.0087904951    -0.0074749504
   -0.0077232447    -0.0065623938     0.0016963668
    0.0077281128     0.0079332705    -0.0003027850
    0.0019517360     0.0035764707     0.0024051902
   -0.0133861788     0.0101621285    -0.0631136959
   -0.0027629785    -0.0166767504     0.0518865909
    0.0124287811     0.0091032498     0.0093842623
   -0.0050327695    -0.0059199041     0.0114969769
    0.0011095480     0.0040745017    -0.0062802339
   -0.0066927767     0.0102543832     0.0008336270
   -0.0017421885     0.0047469581     0.0075011325
   -0.0000894236    -0.0018288804    -0.0017102996
    0.0013661366    -0.0006483057    -0.0016395231
   -0.0058642332    -0.0063672391    -0.0338028794
   -0.0038565518    -0.0075938040     0.0019781017
   -0.0003893068     0.0058576352     0.0232831639
   -0.0021697971     0.0218095095     0.0063173159
    0.0075796648     0.0002965823    -0.0112473964
   -0.0018249192    -0.0204877675     0.0081187941
    0.0021749349     0.0051588370    -0.0024332946
   -0.0032283411     0.0005599360     0.0005768896
   -0.0022100707    -0.0031065478     0.0013878600
    0.0179374913    -0.0067255819    -0.0336905814
   -0.0086466894     0.0036978032     0.0216372368
   -0.0114337501    -0.0013707116     0.0113861163
    0.0028423144     0.0048932310     0.0038607541
   -0.0028886478    -0.0010052449    -0.0043505289
   -0.0006382803    -0.0002366367     0.0020885363
    0.0175301431     0.0133503001    -0.0095193502
   -0.0094264319    -0.0098017538     0.0083644618
   -0.0083935457    -0.0008013483     0.0020762051
    0.0083727411     0.0181511986    -0.0047697746
   -0.0012034743    -0.0041006172    -0.0014372332
    0.0031255783    -0.0168553401     0.0202684661
    0.0076338710     0.0232198048     0.0373887772
   -0.0178073845    -0.0212422417    -0.0199724079
    0.0010870963    -0.0048207571    -0.0135672718
    0.0057466968    -0.0062095727     0.0217926229
    0.0161493279    -0.0045119231     0.0021289126
   -0.0207405729     0.0138526425    -0.0221874659
    0.0119125825     0.0316989863     0.0351482803
   -0.0042056291    -0.0034322416    -0.0065270197
   -0.0090930162    -0.0290584656    -0.0290832105
   -0.0074265055     0.0089324417    -0.0065640175
    0.0043710093    -0.0143873894     0.0031920085
    0.0001796746     0.0011049067     0.0004423451
   -0.0018017913    -0.0025595760    -0.0031683989
    0.0007341073     0.0015854495     0.0006815097
    0.0010381756     0.0013925262     0.0024563673
    0.0194596239    -0.0066354580    -0.0242369108
    0.0192082942    -0.0118778716     0.0081592142
   -0.0277447270     0.0123949369     0.0192138800
   -0.0014276964    -0.0017654645     0.0011391150
    0.0009161349     0.0019733132    -0.0014917742
    0.0010853765     0.0005086698    -0.0002675853
   -0.0096925498    -0.0031325586    -0.0017250300
    0.0074903808     0.0032909686     0.0012594670
    0.0044347903     0.0024715374     0.0021581431
    0.0205236027    -0.0231285457     0.0378774433
   -0.0073376079     0.0046412162     0.0077484443
   -0.0159230506     0.0168942391    -0.0338985119
   -0.0258083231    -0.0252091712    -0.0325482292
    0.0104520083    -0.0049305666     0.0218789617
    0.0133498015     0.0242516075     0.0051111082
    0.0039340558     0.0103231877     0.0278716774
   -0.0006576450     0.0016738120    -0.0126209269
    0.0021303888    -0.0092558047    -0.0094384879
    0.0001448099    -0.0030019697     0.0070024494
    0.0081912421     0.0005872944     0.0066571548
   -0.0054040329     0.0006882358    -0.0162054267
    0.0020845943    -0.0000899396     0.0013761429
   -0.0009109437    -0.0001973495    -0.0007477213
   -0.0011795453     0.0002061260    -0.0004688705
   -0.0090217919    -0.0205527817     0.0305829807
    0.0050881121     0.0028915486    -0.0306523092
    0.0022509575     0.0166657999    -0.0023582223
    0.0001621088    -0.0015291219     0.0002218115
   -0.0003330233     0.0004284452     0.0002372218
    0.0001676785     0.0012370683    -0.0004028328
    0.0200184191     0.0049088367    -0.0126865923
   -0.0127495561    -0.0033116197    -0.0154354244
   -0.0088341292     0.0026834204     0.0297625741
    0.0000317743     0.0008862184    -0.0002056329
    0.0000385361    -0.0001043688     0.0000781611
   -0.0001008583    -0.0006237958     0.0001900619
    0.0048495087     0.0255528302    -0.0224582747
   -0.0082112284    -0.0059520064     0.0011552047
    0.0026080101    -0.0168636713     0.0216613432
    0.0316773019    -0.0155427445    -0.0098443207
   -0.0041824481     0.0022244192     0.0041680318
   -0.0265913770     0.0144639973     0.0072664651
    0.0368303412    -0.0287545412    -0.0039680101
   -0.0193262144     0.0068669908     0.0125371984
   -0.0194971495     0.0243733252    -0.0055679459
   -0.0052820499     0.0075406184    -0.0199164971
    0.0023621173    -0.0096457846     0.0101534770
    0.0061646780     0.0016755012     0.0068941680
   -0.0252401863     0.0100594211     0.0004285243
    0.0027195823    -0.0034260118    -0.0016734095
    0.0231344212    -0.0094548995     0.0006719882
   -0.0235181275    -0.0057683783    -0.0229231407
    0.0257081413     0.0072738446     0.0052652823
    0.0004664416     0.0016821124     0.0235294376
   -0.0061443761    -0.0003734065     0.0068190362
    0.0050179407    -0.0057148962    -0.0061985356
   -0.0019490403     0.0021810809    -0.0030457883
    0.0353574890    -0.0112132419    -0.0405948761
   -0.0335095936     0.0219558099     0.0315253470
   -0.0025550864    -0.0104138105     0.0063558143
    0.0304922169    -0.0299725427     0.0428467693
   -0.0068920695     0.0062965677     0.0003698708
   -0.0191792917     0.0215990258    -0.0459542125
    0.0018577200     0.0130572373    -0.0040897804
    0.0022588926     0.0038558888     0.0062241991
   -0.0044118797    -0.0052120905     0.0032712653
   -0.0074268788    -0.0173929197     0.0067740058
   -0.0074082447    -0.0092320814     0.0030761665
    0.0141192884     0.0230255207    -0.0120122772
    0.0098533837     0.0182560262    -0.0047267884
   -0.0014390345     0.0026312244    -0.0060736282
    0.0040967528    -0.0054662495     0.0044164499
    0.0161825959     0.0167891104    -0.0145646553
   -0.0147887187    -0.0005235314     0.0159822622
   -0.0014494968    -0.0119721994    -0.0000803728
    0.0049747582     0.0018478761     0.0046263683
   -0.0129724378    -0.0046503421    -0.0112492925
    0.0025437594    -0.0027940417     0.0058467957
    0.0111973689    -0.0241861759    -0.0002270788
   -0.0009861555     0.0049209182    -0.0004739272
   -0.0122269822     0.0115774223     0.0010014765
    0.0033629376     0.0148000421     0.0060485028
    0.0033531448    -0.0124107331    -0.0129056634
   -0.0112126975    -0.0032731992     0.0061094608
    0.0110515867    -0.0256551207     0.0112177521
   -0.0117527366     0.0209867688    -0.0127958487
   -0.0025978569     0.0012836509     0.0012897646
   -0.0101597791    -0.0192041523    -0.0122059072
   -0.0015661045    -0.0130308570     0.0018246896
    0.0040798785     0.0277726157     0.0025260734
    0.0041226949     0.0180827007     0.0003702274
   -0.0049589909    -0.0012863391    -0.0091082044
   -0.0085982925    -0.0115546792     0.0030986524
    0.0049477425    -0.0096540251     0.0138575234
    0.0031174687    -0.0093780616    -0.0129289390
   -0.0014608255     0.0152278214    -0.0039984058
   -0.0294698765    -0.0128901161     0.0003773281
   -0.0023708831    -0.0002600190     0.0013017240
    0.0289383751     0.0082453346    -0.0055157118
    0.0044571841    -0.0064573469     0.0055209070
    0.0015758784     0.0032888420    -0.0081346498
   -0.0055890291     0.0051352882     0.0050838011
   -0.0211330598    -0.0355705533     0.0136707290
    0.0126942793     0.0056266777    -0.0063029464
    0.0045724063     0.0307741222    -0.0069419039
   -0.0251891736    -0.0002671239     0.0011643264
   -0.0006123443     0.0022651213    -0.0089737022
    0.0215400269    -0.0021817051     0.0026816549
   -0.0325338577    -0.0201953643     0.0257114480
    0.0085685859    -0.0047956390    -0.0179722669
    0.0234467551     0.0169146499    -0.0075373583
    0.0169055792    -0.0086987902     0.0213789294
   -0.0011746583    -0.0048469117    -0.0035160884
   -0.0098860638     0.0124294035    -0.0107910585
   -0.0004483518     0.0001969585    -0.0013536950
    0.0001889010    -0.0000603507     0.0008027221
    0.0000787901     0.0000231425     0.0003421407
   -0.0217638179     0.0255416008    -0.0361061963
   -0.0013041434    -0.0087391340     0.0008738254
    0.0230984941    -0.0099941439     0.0141780454
    0.0317411209     0.0370171169    -0.0142315355
   -0.0071944985    -0.0491828520    -0.0039300122
   -0.0224055332     0.0036900897     0.0178540989
   -0.0318117560    -0.0074791449     0.0511002810
    0.0073591802     0.0087585659    -0.0061599197
    0.0219565706    -0.0012602228    -0.0354186577
    0.0142341097    -0.0094387267    -0.0087793104
    0.0065023058     0.0011873027     0.0029697620
   -0.0177500034     0.0054519467     0.0024138739
   -0.0403664523    -0.0092738286     0.0132560205
    0.0180908391     0.0114280275    -0.0364222684
    0.0173251554    -0.0029164274     0.0310779098
   -0.0227830155     0.0107646603     0.0305179888
    0.0010307308    -0.0176924151    -0.0117936254
    0.0248074189     0.0099388664    -0.0219832691
   -0.0105391101     0.0021123354     0.0466743533
    0.0125665815     0.0121287693    -0.0165012223
    0.0034652121    -0.0131321769    -0.0235008722
    0.0291454786     0.0093144274     0.0069760684
   -0.0249743826     0.0038625832    -0.0023889211
   -0.0037922631    -0.0145277255    -0.0073372238
    0.0008323846    -0.0012836326    -0.0005773761
   -0.0002903062     0.0007874879     0.0007847565
   -0.0006976828     0.0009143653    -0.0000924968
   -0.0127385480    -0.0005532680    -0.0196986818
   -0.0024851611    -0.0020211824     0.0218939183
    0.0119352937    -0.0016168853    -0.0061520908
    0.0089284511    -0.0058433514     0.0004580009
   -0.0081322241     0.0128571573     0.0100227198
    0.0056842555    -0.0106077953    -0.0069674043
    0.0017010628     0.0025292322    -0.0000990763
   -0.0007893437    -0.0011070514     0.0004044111
   -0.0011219786    -0.0012131814    -0.0002005722
   -0.0265421375    -0.0275098832    -0.0185419430
   -0.0018014981     0.0003231226     0.0034012420
    0.0136167503     0.0156000243     0.0153232526
   -0.0164762993    -0.0167359461    -0.0204040947
   -0.0022093669    -0.0033110569    -0.0081541652
    0.0158210454     0.0140832797     0.0114084320
    0.0047976474     0.0217935041    -0.0203648070
   -0.0060378074    -0.0178498250     0.0157571168
    0.0004939882     0.0011510465     0.0031207055
    0.0297410851    -0.0485670840    -0.0162659706
    0.0037707912     0.0246091757     0.0201246436
   -0.0259250189     0.0244522167    -0.0003911150
    0.0137687984     0.0090672564    -0.0155486240
   -0.0027751645     0.0009751110     0.0052709823
   -0.0057102043    -0.0045554188     0.0075118422
   -0.0161822266    -0.0142011618    -0.0108354465
   -0.0033856228    -0.0122100538     0.0009997582
    0.0113179059     0.0248867292     0.0130174934
    0.0147549602     0.0200218502    -0.0183070655
   -0.0008933775    -0.0190471218     0.0153837096
   -0.0134425970     0.0017370505     0.0014431581
    0.0239365566    -0.0296977366     0.0084064301
    0.0008569635    -0.0083988343     0.0060500116
   -0.0267989839     0.0358758809    -0.0086091314
    0.0242342740     0.0107670394     0.0167562690
   -0.0111808883     0.0098632028    -0.0062764091
   -0.0168158205    -0.0217503312    -0.0144913507
    0.0122199002    -0.0191089034     0.0053144861
   -0.0006671113     0.0005562267    -0.0062465629
   -0.0148918042     0.0112965106    -0.0015222936
   -0.0002175589     0.0000011741    -0.0003214130
    0.0000729914    -0.0001776672     0.0002346911
    0.0001740343     0.0000323731     0.0001302881
   -0.0013061326     0.0000249181    -0.0008175399
    0.0010105353    -0.0003478821     0.0003759724
    0.0007351455     0.0001605951     0.0003462966
    0.0103433886     0.0085912538     0.0253990570
   -0.0056755219     0.0058245725    -0.0263194887
   -0.0101682535    -0.0089474509    -0.0069881544
    0.0143572078    -0.0316525745    -0.0126856834
    0.0072772552     0.0087636241     0.0130144294
   -0.0162851721     0.0216987568    -0.0089317714
   -0.0146807116    -0.0077028843    -0.0050389198
    0.0030746847     0.0010886295     0.0009091752
    0.0109996859     0.0078682224     0.0051576193
   -0.0054542470    -0.0022017722     0.0152948023
   -0.0054665589     0.0064826994    -0.0042036843
    0.0044829058     0.0000700386    -0.0114141924
    0.0483656115    -0.0517631864    -0.0039752287
   -0.0232035861     0.0487057834     0.0059574634
   -0.0199897022     0.0008502929    -0.0043200597
   -0.0136720945     0.0211758630     0.0322618451
   -0.0042210200    -0.0128613882    -0.0337963704
    0.0140008871    -0.0043669745     0.0076200081
   -0.0115306413    -0.0429790170     0.0103197130
    0.0073140427     0.0384861282    -0.0057701520
    0.0021199672     0.0091024789    -0.0023545586
   -0.0330281614    -0.0146334456    -0.0286195932
    0.0389155900     0.0176426880     0.0340581507
   -0.0053888660    -0.0031006959    -0.0083751833
    0.0011388135    -0.0017690789    -0.0157305440
   -0.0038879454     0.0052536518     0.0105894156
    0.0040577813    -0.0039332183     0.0054934416
   -0.0033599192     0.0020396072    -0.0005547501
    0.0022548886    -0.0041087011    -0.0023488887
    0.0018871637    -0.0005601222    -0.0004187605
   -0.0447460107    -0.0074405825    -0.0273919146
    0.0318668667    -0.0097386086     0.0190669758
    0.0108173640     0.0149134175     0.0124465857
   -0.0047534112     0.0373897327    -0.0018919750
    0.0003488465    -0.0324324991     0.0074215404
   -0.0005040671    -0.0024598405    -0.0012551608
   -0.0017197194     0.0114371678    -0.0096513450
   -0.0061202966    -0.0042420255     0.0219030733
   -0.0040795975    -0.0024449954    -0.0009115490
    0.0081332299     0.0004029214     0.0486150937
   -0.0228098145    -0.0106128088    -0.0374265467
    0.0160599957     0.0099589817    -0.0151049397
    0.0018570517     0.0146979687     0.0003568333
   -0.0015678692    -0.0109030629    -0.0019762196
    0.0059064977    -0.0110458471     0.0076737610
   -0.0446480973     0.0125975790    -0.0007172417
    0.0333466936    -0.0061236162    -0.0005649689
    0.0028140502    -0.0059059063     0.0018069137
    0.0194833570     0.0005444473    -0.0008924390
   -0.0111489784    -0.0013852495     0.0050267154
   -0.0064785532    -0.0010672319    -0.0035253716
    0.0180443062     0.0447008743    -0.0062301776
   -0.0222771389    -0.0315053205     0.0036577487
    0.0074668926    -0.0159513511     0.0034746434
    0.0038228241    -0.0283455559     0.0029438884
   -0.0044714268     0.0158978335     0.0048335699
    0.0019116596     0.0103950802    -0.0066748274
   -0.0600944692    -0.0197078605     0.0356878636
    0.0464521483     0.0213637256    -0.0386881175
    0.0190166728    -0.0046305028     0.0061432193
    0.0159727937    -0.0055734133    -0.0166410586
   -0.0052681009     0.0013729269     0.0081198035
   -0.0051554587     0.0038742328     0.0055267834
   -0.0219818281    -0.0024960173    -0.0737381123
   -0.0006555633     0.0089500002     0.0615455659
    0.0211954277    -0.0046626174     0.0101756783
   -0.0016892157    -0.0033480779    -0.0013472484
    0.0064232497    -0.0007860220    -0.0042946851
    0.0005147494    -0.0002506587    -0.0007811569
   -0.0042930120    -0.0008241978     0.0163086830
    0.0024492719     0.0031167262    -0.0181306743
    0.0042359024    -0.0026776932    -0.0013849336
    0.0141797005     0.0029498796     0.0110058746
   -0.0027951285     0.0013772109    -0.0052383033
   -0.0052540719    -0.0006591833     0.0014169233
    0.0230579802     0.0450340113    -0.0004628753
   -0.0064469843     0.0044585492    -0.0011183975
   -0.0083432836    -0.0508737517     0.0036845936
    0.0187695340    -0.0080983292     0.0124596905
   -0.0023664780     0.0016532591     0.0001936324
   -0.0221465378     0.0094906558    -0.0209516211
    0.0052936245     0.0093919929    -0.0410976273
    0.0046499421    -0.0019646246     0.0370526824
   -0.0147661970    -0.0060014080     0.0047533049
   -0.0122309570    -0.0187904380     0.0191660774
   -0.0011356287    -0.0005963910    -0.0132490899
    0.0040917596     0.0019409826     0.0055885063
   -0.0536429260    -0.0011835364     0.0260165565
    0.0133588229     0.0170123562    -0.0002831347
    0.0404787204    -0.0090824924    -0.0272344469
    0.0053787095    -0.0065183878    -0.0608371381
   -0.0138486190     0.0086852543     0.0257159334
    0.0114161170     0.0027678405     0.0302732976
    0.0089256019     0.0091310942     0.0067923837
   -0.0046607135     0.0023940246    -0.0080126236
    0.0002296028    -0.0133454752    -0.0025886469
   -0.0107403223     0.0056549797    -0.0039438385
    0.0101893110     0.0003642880     0.0004507439
    0.0001429547    -0.0015369362     0.0031013308
   -0.0055479386     0.0045887766     0.0059258981
    0.0025992011    -0.0011299473    -0.0091849401
    0.0038992118    -0.0049552893    -0.0006839196
   -0.0083022091    -0.0064303572    -0.0059954612
    0.0052732793     0.0043448502     0.0043349507
    0.0006518473     0.0013484684     0.0002602750
    0.0167232568     0.0174842428    -0.0152381564
   -0.0115767490     0.0063792443    -0.0124452671
    0.0051031308    -0.0198434541     0.0335269759
    0.0033852492     0.0044206170    -0.0139457629
   -0.0107427522     0.0156347849    -0.0073859475
    0.0059939711    -0.0171881081     0.0215367499
   -0.0146298322    -0.0138698659    -0.0837771068
    0.0301919597    -0.0031040653     0.0588605083
   -0.0170695816     0.0214360022     0.0244041288
   -0.0023272804    -0.0059846153     0.0046355187
    0.0034547040     0.0087066521    -0.0066652269
    0.0014340952     0.0016048335    -0.0011930387
   -0.0157045112    -0.0309280391     0.0206014025
    0.0098362581     0.0171560267    -0.0188742250
   -0.0024492659     0.0126942844    -0.0032703098
    0.0110117156    -0.0049614856     0.0426343323
   -0.0089150295     0.0143250589    -0.0105915878
   -0.0049639126    -0.0050995905    -0.0299264843
   -0.0128168329    -0.0170779718    -0.0096060242
    0.0035663371     0.0067502023     0.0060243988
    0.0091814521     0.0059410708     0.0054015043
   -0.0154048145     0.0131234521    -0.0063811895
    0.0145076859     0.0001412749     0.0010486374
   -0.0051187429    -0.0008657973     0.0058856892
   -0.0003582937     0.0025359617    -0.0004932011
   -0.0001048812    -0.0015732432     0.0001540075
    0.0001612834    -0.0010499185    -0.0000353403
   -0.0008004057    -0.0227891449    -0.0052017300
   -0.0027116956     0.0175485472    -0.0124027420
    0.0043290904    -0.0011940476     0.0100275087
   -0.0037064097     0.0004797910    -0.0019700993
    0.0054748233    -0.0027389004     0.0015997810
   -0.0003787463     0.0048793075    -0.0036603794
    0.0116499367     0.0112415160     0.0217653825
   -0.0110269365    -0.0096918687    -0.0165649606
   -0.0010378222    -0.0000655456    -0.0046984942
    0.0141665989    -0.0191185296    -0.0105983012
    0.0034663956     0.0114386635     0.0061675526
   -0.0151712191     0.0068366868     0.0016047573
   -0.0033220886     0.0039914892     0.0126498240
    0.0067022092    -0.0002036451    -0.0106755361
    0.0035086463    -0.0128267156    -0.0011069699
    0.0103938002    -0.0220302170     0.0121677300
    0.0034663462    -0.0031653597     0.0056273305
   -0.0120868486     0.0239266212    -0.0152557533
   -0.0018450867    -0.0008756488    -0.0026886430
    0.0007900056     0.0005690899     0.0006972115
    0.0012530436     0.0010114266     0.0015780909
   -0.0006758576     0.0020666138     0.0001762579
    0.0007250014    -0.0023892077    -0.0003041528
    0.0002945980    -0.0008510799    -0.0001364007
   -0.0243991595     0.0143943882    -0.0009350757
    0.0273933159    -0.0057783924    -0.0003342856
    0.0002898286    -0.0062823806     0.0033910069
   -0.0000696215     0.0332473567     0.0226647876
   -0.0031159953    -0.0041273633    -0.0309440400
    0.0072296495    -0.0282887681     0.0156453425
    0.0108061559    -0.0241453161    -0.0088822066
   -0.0081740503     0.0182184207     0.0033628853
   -0.0035665579     0.0057982554     0.0032806708
   -0.0237888006    -0.0234631374     0.0323585375
   -0.0003390138     0.0038866944     0.0005071954
    0.0190060583     0.0158817221    -0.0270925958
    0.0555743738     0.0178338065    -0.0073563124
   -0.0097036708     0.0151875471     0.0042316730
   -0.0491548727    -0.0305998678     0.0041520027
   -0.0114774982    -0.0052067872    -0.0295381621
    0.0090304239     0.0091808335     0.0220604465
    0.0023391416     0.0006748649     0.0067617794
    0.0088610309     0.0391929109     0.0152869137
   -0.0212013967     0.0010369940     0.0000402866
    0.0190534959    -0.0495119164    -0.0189907981
    0.0035173042    -0.0169235728     0.0192537990
   -0.0124836257     0.0086683287     0.0008389451
    0.0069918387     0.0064342749    -0.0196011367
   -0.0180812337    -0.0229189916     0.0075127340
   -0.0016623583     0.0029006235    -0.0009981128
    0.0151939927     0.0190584755    -0.0102939675
    0.0229264404     0.0313161599     0.0314164025
    0.0193575092    -0.0274718629    -0.0043660163
   -0.0465779866    -0.0034897355    -0.0230850557
   -0.0007584348     0.0348620716    -0.0020633474
    0.0072960377    -0.0134402614     0.0047875121
   -0.0068856004    -0.0274308328    -0.0012504728
   -0.0011563128     0.0124859348    -0.0135322781
    0.0053164277     0.0084812341     0.0068048322
   -0.0063372823    -0.0198660543    -0.0006493859
   -0.0292781876    -0.0202696180     0.0079302844
    0.0276978480     0.0234873707     0.0002928127
    0.0014169099     0.0015093134    -0.0110434706
    0.0011046963    -0.0035942106     0.0004038292
   -0.0007098502     0.0017550096    -0.0009763049
   -0.0002010654     0.0009148381     0.0001919963
   -0.0023603676     0.0194398929    -0.0082005207
    0.0099561200    -0.0177015196    -0.0016290150
   -0.0058637067    -0.0062160289     0.0088027669
   -0.0322401199    -0.0213642310     0.0056819217
    0.0176596202     0.0238898311    -0.0055136100
    0.0086404785     0.0007274240     0.0009538573
    0.0277790114     0.0394525259    -0.0128498593
   -0.0179931612    -0.0327311817     0.0119886708
   -0.0099680521    -0.0139052288    -0.0017608472
   -0.0499729439     0.0490068587    -0.0173850841
    0.0062662800    -0.0087343002    -0.0083008248
    0.0475440185    -0.0415022882     0.0233654911
   -0.0006401716     0.0084561661     0.0029237489
    0.0050688381    -0.0086102150    -0.0032378230
    0.0005016836     0.0006420026     0.0014855700
    0.0063231559    -0.0180553815     0.0177546820
   -0.0104648906     0.0190733010    -0.0075936625
   -0.0019111876     0.0018431927    -0.0061827181
    0.0088643677     0.0046710160     0.0145212865
   -0.0027540723    -0.0007270366    -0.0013676790
   -0.0094180900    -0.0103086295    -0.0200735196
   -0.0058294998    -0.0072385172     0.0022492822
    0.0122561361    -0.0065953456    -0.0043498494
    0.0004958098     0.0076757771     0.0050540423
   -0.0224644010    -0.0316786815     0.0049227021
    0.0237748782     0.0233487688    -0.0091823850
   -0.0014445915     0.0066706527     0.0073305935
    0.0324812627    -0.0095813653    -0.0195481994
   -0.0037247503     0.0102454956    -0.0061251442
   -0.0231490424    -0.0029204254     0.0169687750
   -0.0057992946     0.0309670390    -0.0336401608
    0.0043005383    -0.0214549202     0.0250594932
    0.0046230462     0.0053692089     0.0093782208
   -0.0177389505     0.0145253256    -0.0258375343
    0.0198220019    -0.0003153278     0.0157507083
    0.0028587804    -0.0121111771     0.0091926211
   -0.0005278991    -0.0124870925     0.0097398117
    0.0079303490     0.0017248615    -0.0008911337
   -0.0048989233     0.0082627458    -0.0054660675
   -0.0293845033     0.0236509369     0.0298069470
    0.0149137066     0.0032431655    -0.0292070804
    0.0170546140    -0.0293550939    -0.0043568686
    0.0009299890    -0.0022391011     0.0018297988
   -0.0005088477     0.0008214587    -0.0006546132
   -0.0003511717     0.0008014038    -0.0010251948
    0.0227806214    -0.0040208574     0.0045585803
   -0.0180608830     0.0025256467    -0.0028915722
   -0.0039584289     0.0007107636    -0.0032252404
    0.0031876763     0.0021086081     0.0011193740
    0.0053319088    -0.0019875659     0.0008199423
   -0.0078885453    -0.0026102091    -0.0024591542
    0.0103093990    -0.0237953105    -0.0115411143
    0.0072439100     0.0092004184     0.0001876028
   -0.0169640076     0.0195445240     0.0094114518
    0.0040809572    -0.0031030202     0.0020318898
   -0.0038317210     0.0020839423    -0.0010237665
   -0.0017655532     0.0024800851    -0.0019350553
   -0.0014020960    -0.0344238820    -0.0037494439
   -0.0081757716    -0.0050848184    -0.0009906929
    0.0075777731     0.0366878718     0.0045007263
   -0.0580529420    -0.0137033808    -0.0066828195
    0.0463533506     0.0173032492     0.0020714414
    0.0141983411    -0.0092481197     0.0034320440
   -0.0025358169     0.0009672895     0.0008320959
    0.0008716330    -0.0005828363    -0.0005545358
    0.0012260656    -0.0004144222    -0.0003848103
    0.0480678612    -0.0187173631     0.0321426015
   -0.0095399150    -0.0002175486    -0.0332654773
   -0.0333909765     0.0197115056    -0.0010572438
    0.0124800632     0.0085563353    -0.0150875574
   -0.0117430458    -0.0163371482     0.0104274444
    0.0003739352     0.0036650865     0.0012043125
   -0.0174075717    -0.0071181618    -0.0296311209
    0.0171534622    -0.0128722006    -0.0004073696
   -0.0006599188     0.0205628583     0.0304215823
   -0.0238108495    -0.0127432559     0.0055216724
    0.0022959384     0.0151497181    -0.0017946976
    0.0141816737     0.0018519898    -0.0012230065
    0.0018802409     0.0024082811    -0.0048087666
    0.0010605492     0.0000741287     0.0067476655
   -0.0013497771    -0.0011922643     0.0018067029
    0.0464583805     0.0244404921     0.0055356782
   -0.0111749852     0.0008298828     0.0148877727
   -0.0292798416    -0.0172572842    -0.0162370180
    0.0011826851     0.0010928424     0.0004454268
   -0.0008866552    -0.0002630247    -0.0002985349
   -0.0004342127    -0.0008657217    -0.0000493743
    0.0190023846    -0.0157728431    -0.0194173360
   -0.0091223465     0.0070605671     0.0178344890
   -0.0077745167     0.0085733828     0.0003549373
    0.0047033733     0.0052547543     0.0150536014
   -0.0042574802    -0.0273858393    -0.0238272344
   -0.0031863329     0.0210774656     0.0109972978
    0.0107120585    -0.0095595284     0.0417236993
    0.0023032922     0.0021311314    -0.0324879246
   -0.0144947522     0.0067114886    -0.0049046648
   -0.0334238469     0.0160511816     0.0037653425
   -0.0095410232    -0.0024063308     0.0049101224
    0.0419766953    -0.0142268004    -0.0106051252
    0.0055681931     0.0225970947    -0.0317231087
    0.0040349621    -0.0273713864     0.0002041033
   -0.0113762292     0.0192462565     0.0300709545
   -0.0102786089    -0.0037538973    -0.0090732390
    0.0024776670    -0.0067423916     0.0042648314
    0.0065312714     0.0088830430     0.0053207763
    0.0033972543     0.0016140271    -0.0004420197
   -0.0027144623    -0.0005474421    -0.0000021566
   -0.0010773657    -0.0004927511     0.0002015033
    0.0070278782     0.0139376276     0.0059073071
   -0.0101177013    -0.0074533255    -0.0104861347
    0.0015005586    -0.0048935672     0.0012524431
   -0.0004253033     0.0013393122     0.0005383785
    0.0003629019    -0.0005493992    -0.0002446984
    0.0000696001    -0.0007347897    -0.0004571787
    0.0054040473    -0.0088663479    -0.0058711431
   -0.0079042578     0.0101697612     0.0045775006
    0.0057862522    -0.0054034871     0.0111823756
   -0.0055790768    -0.0188316009    -0.0080246233
    0.0037724812     0.0073429637     0.0052151949
    0.0095172679     0.0093765674    -0.0028304817
    0.0248789368    -0.0076396661     0.0198125791
    0.0047043108    -0.0022601825    -0.0030113337
   -0.0265211576     0.0083928746    -0.0165917267
    0.0194015241     0.0094292357     0.0281031467
   -0.0106231090    -0.0099435927     0.0048638722
   -0.0065346250    -0.0008654241    -0.0314852110
   -0.0105320714    -0.0388477024    -0.0213268619
   -0.0003578480     0.0064785750     0.0106897870
    0.0044904409     0.0291260058     0.0094769084
    0.0391908020     0.0221726377     0.0064677024
   -0.0365802263    -0.0041022882     0.0080253373
   -0.0065189473    -0.0099378190    -0.0133234599
    0.0043705799     0.0013402894     0.0025939938
   -0.0147381259     0.0068963006    -0.0060004378
    0.0111772440    -0.0054860755     0.0025970052
   -0.0336635880    -0.0025435269     0.0267218397
   -0.0004803857     0.0060035969    -0.0072170846
    0.0260899838    -0.0104508591    -0.0220242251
    0.0211677877     0.0108221803     0.0019504406
    0.0043379458    -0.0107288131    -0.0045007464
   -0.0259994454     0.0023730782     0.0003697088
    0.0099766502     0.0048365411     0.0352551437
    0.0060968894    -0.0106906911    -0.0151020794
   -0.0236810481     0.0063707697    -0.0206699007
    0.0019931535    -0.0015402003    -0.0018629017
   -0.0011982439     0.0009851148     0.0004349859
   -0.0010249156     0.0010394659     0.0019402269
    0.0185953702     0.0157796287    -0.0186861947
   -0.0124343144     0.0054387992     0.0086007516
   -0.0019881380    -0.0239920481     0.0120782425
    0.0335530051    -0.0024071036     0.0074410642
   -0.0176764814     0.0133076244    -0.0043978454
   -0.0162556008    -0.0091187742     0.0026101131
    0.0099515903    -0.0082562239     0.0431622419
   -0.0100791561    -0.0052901381    -0.0058006188
   -0.0029000834     0.0145573071    -0.0373362853
    0.0049935863    -0.0021775853    -0.0010938626
   -0.0019015288     0.0016123662     0.0012472053
   -0.0013300024     0.0006082695     0.0003755619
   -0.0003241745     0.0031031983     0.0226261791
   -0.0028890582     0.0003119898    -0.0122320159
    0.0005529462    -0.0060199068    -0.0006804915
    0.0026529358     0.0040113131     0.0006632125
   -0.0018123785    -0.0022954398     0.0008017307
   -0.0011709091    -0.0013629745    -0.0005571672
   -0.0000312987     0.0000804444    -0.0003586721
    0.0000203982    -0.0000789232     0.0000905903
    0.0001119626    -0.0000225610     0.0002117489
    0.0003180278     0.0010845779     0.0015723527
   -0.0001669994    -0.0004839823    -0.0011942583
   -0.0003930458    -0.0006671063    -0.0006417561
   -0.0116140429    -0.0440211670    -0.0112956882
    0.0201203143     0.0350162494     0.0076852180
   -0.0095877679     0.0083367130     0.0005747353
    0.0102706087    -0.0035730211     0.0010118927
   -0.0005104509     0.0105147665     0.0041342548
   -0.0078083304    -0.0006842737    -0.0043214079
    0.0059192290     0.0089024974     0.0116369340
   -0.0132688657     0.0012504955     0.0069250426
    0.0182365472    -0.0003759969    -0.0078151043
    0.0106660115     0.0118968035     0.0060725557
   -0.0185164718     0.0067741276     0.0038327864
    0.0060661141    -0.0137218152    -0.0067823162
    0.0109074237    -0.0044995523    -0.0238711713
   -0.0046571977     0.0037040109     0.0016676569
   -0.0045266054     0.0054750902     0.0213256888
    0.0120053473     0.0339956220    -0.0257037117
    0.0075304252    -0.0388402996     0.0142680472
   -0.0187961323     0.0085813999     0.0154366416
    0.0088406444    -0.0005069964    -0.0173900784
    0.0011166250     0.0123516723     0.0095830688
   -0.0117032496    -0.0098142851     0.0075050421
   -0.0222668600    -0.0021453365    -0.0333895590
    0.0157282719    -0.0010536488    -0.0003176491
    0.0104693926    -0.0002556139     0.0313080216
    0.0022485404    -0.0082848822     0.0094681641
    0.0124887111     0.0091970739    -0.0020944096
   -0.0077088300     0.0008361052    -0.0028477268
   -0.0111224928     0.0167457148    -0.0201352821
   -0.0039704924     0.0008035093    -0.0029359384
    0.0088153404    -0.0200589576     0.0231683451
   -0.0250047448     0.0412377218    -0.0289188093
    0.0217165613    -0.0247865047     0.0282552803
   -0.0001774767    -0.0204577089    -0.0012596319
   -0.0147385615     0.0024589927     0.0015338328
    0.0027740058    -0.0004360612    -0.0080026035
    0.0151289350    -0.0037508260     0.0052375303
    0.0136538238     0.0150675816    -0.0084439212
   -0.0039152729    -0.0029354699     0.0069638849
   -0.0079094673    -0.0113297165    -0.0026180311
    0.0005843099     0.0015319309     0.0039666673
   -0.0001025713    -0.0002932243    -0.0013058893
   -0.0011604809    -0.0006446797    -0.0034292330
    0.0183074136     0.0106253983     0.0172895130
   -0.0222605220    -0.0085691265    -0.0116644666
    0.0034462069    -0.0033547980    -0.0080293403
    0.0343391742     0.0055732207     0.0382940202
   -0.0281274602     0.0083876324    -0.0458195536
   -0.0039422201    -0.0040333150     0.0032825998
    0.0326564461     0.0302833898     0.0194704462
   -0.0012938264    -0.0046561078    -0.0335086085
   -0.0284026807    -0.0259667474     0.0185662079
   -0.0030279659    -0.0186865628     0.0105827504
    0.0009341395     0.0219601274    -0.0189451179
   -0.0002632140    -0.0039519101     0.0054845770
   -0.0293708560     0.0054969961     0.0044362795
    0.0050402539    -0.0102589240    -0.0018167919
    0.0239234281     0.0019821472    -0.0034562772
    0.0254794031    -0.0151841844     0.0351154406
   -0.0173012663     0.0013513503    -0.0269850139
   -0.0022771055     0.0171930507    -0.0053219394
    0.0232589749     0.0003948743    -0.0175598100
   -0.0159435876    -0.0030036345     0.0065292005
   -0.0040432015    -0.0010749909     0.0020184944
    0.0022997069     0.0031841871    -0.0099785221
    0.0052416592    -0.0084804914     0.0037553077
   -0.0091216105    -0.0001449354     0.0075506914
   -0.0046900235    -0.0537609377     0.0091307482
    0.0036459064     0.0514518409     0.0034140197
   -0.0029315491     0.0021266292    -0.0093275488
   -0.0126779190     0.0083245689    -0.0053129260
    0.0056359047    -0.0036171996     0.0059899473
    0.0094074141    -0.0024283095    -0.0018151141
    0.0285549928     0.0157882585    -0.0172519233
   -0.0078153940    -0.0042568050     0.0132941836
   -0.0265205076    -0.0135366137     0.0028267261
   -0.0046118876     0.0394833261     0.0265778803
    0.0077648432     0.0100537938    -0.0033335208
   -0.0012466942    -0.0499458325    -0.0219591107
    0.0465618693    -0.0308217930    -0.0350447192
   -0.0578138222     0.0239582126     0.0088762815
    0.0092631687    -0.0024214786     0.0258882030
    0.0127415075    -0.0004099680    -0.0375645943
   -0.0087380876     0.0005082437     0.0223852834
   -0.0072325607     0.0016848595     0.0111163727
   -0.0026763962    -0.0129794267    -0.0248258545
   -0.0023331333     0.0071978178     0.0081324254
    0.0033432494     0.0075496880     0.0073640478
   -0.0000179440     0.0000442092    -0.0004676210
    0.0001964046     0.0002547202     0.0000812816
   -0.0001815040    -0.0001759200     0.0002055922
   -0.0085609184    -0.0139023767    -0.0152815065
   -0.0073616472    -0.0030237605     0.0050571173
    0.0119709114     0.0157502597     0.0090651229
    0.0039132014    -0.0225250905    -0.0295073059
   -0.0033492364     0.0125561857     0.0182630848
    0.0022334717    -0.0029731295     0.0029065178
    0.0131640048     0.0144744724    -0.0050405867
   -0.0074593613    -0.0086961958    -0.0001273966
   -0.0028512885    -0.0149627860     0.0082791969
   -0.0624299361    -0.0212757001    -0.0106755556
    0.0151568859     0.0170149272     0.0168312357
    0.0464640946     0.0031041478    -0.0041921021
   -0.0221920675    -0.0051565541    -0.0111646280
    0.0229491678    -0.0089052538    -0.0057674695
   -0.0001842145     0.0083312648     0.0058878105
    0.0028081858     0.0003476839    -0.0012820724
   -0.0014814634     0.0000776280     0.0008806526
   -0.0012268181     0.0000592129     0.0000394682
   -0.0112408586     0.0303574063     0.0002080297
    0.0018446827    -0.0075343373    -0.0067121928
    0.0007386388    -0.0094978234     0.0061910916
    0.0360718222    -0.0023960317     0.0051971326
   -0.0192004524     0.0035663413    -0.0074823478
   -0.0183187046    -0.0016553129     0.0070444505
   -0.0089437565     0.0102427632    -0.0133386449
    0.0018550116    -0.0023160086     0.0025937704
    0.0021708211    -0.0045106641     0.0060063892
   -0.0140920706    -0.0190013452     0.0125663913
   -0.0032370338     0.0037959365     0.0043422649
    0.0171300982     0.0099025589    -0.0117960335
    0.0140310186     0.0098461988     0.0207422069
   -0.0026784258    -0.0063619501    -0.0070503543
   -0.0046373899    -0.0007922654    -0.0065119265
    0.0006964839     0.0013379907     0.0040422443
   -0.0036314963     0.0088890929    -0.0005630654
    0.0094789579    -0.0051516233     0.0005413366
   -0.0297671412    -0.0170162117     0.0431046028
   -0.0044339902     0.0111132081    -0.0052007712
    0.0385805665     0.0019017393    -0.0287951553
   -0.0025144856     0.0148681673    -0.0041141349
   -0.0101241240    -0.0158989221     0.0051444708
    0.0091216866    -0.0011229178     0.0062752155
    0.0022328759    -0.0042357539    -0.0111792937
    0.0020151238     0.0112799843     0.0091067629
   -0.0083821997    -0.0001882938     0.0152257356
   -0.0184063729     0.0147774103    -0.0174138084
    0.0314978462    -0.0014422380     0.0066896457
   -0.0122113288    -0.0125661549     0.0100692064
    0.0026895933    -0.0252002896     0.0019168477
   -0.0030949586     0.0070456382     0.0064106549
   -0.0011326485     0.0068718382    -0.0045489006
    0.0318451777     0.0455886843     0.0066737979
   -0.0028461288     0.0009057143    -0.0052196135
   -0.0258848154    -0.0504920395    -0.0059036506
   -0.0004303660    -0.0003408343     0.0035931311
   -0.0002091668     0.0003617477    -0.0021593969
    0.0004696401     0.0005847440    -0.0015741844
   -0.0185408445     0.0133654582    -0.0115529434
    0.0196549640     0.0158142749     0.0298459543
    0.0069074370    -0.0256968678    -0.0136362809
   -0.0004191006    -0.0000147423     0.0000905236
    0.0002387418    -0.0002516051    -0.0001017194
    0.0002488770     0.0002139642    -0.0000054499
   -0.0035663574     0.0004720947     0.0021673475
    0.0008298492    -0.0001325573    -0.0005168401
    0.0021908435    -0.0007930052    -0.0023484407
   -0.0121880860    -0.0054684970    -0.0140872017
    0.0083195659     0.0028575692     0.0026121193
   -0.0024495804     0.0029702123     0.0115176403
    0.0038683097    -0.0163234696    -0.0122446305
   -0.0030116720     0.0176003833     0.0070868008
   -0.0034233694    -0.0071899046     0.0103705414
    0.0047179407    -0.0013123208    -0.0311339499
   -0.0093812039    -0.0035350471    -0.0007960780
    0.0022596592     0.0038842096     0.0253229912
   -0.0256283303    -0.0181986510     0.0000513642
    0.0126983007    -0.0051155417    -0.0016929008
    0.0111455554     0.0243687183     0.0032020650
    0.0019939384    -0.0551784387     0.0298310263
   -0.0234670524     0.0334873280    -0.0172689137
    0.0222192998     0.0253094742    -0.0127183485
   -0.0193813996    -0.0349550523     0.0284532764
    0.0043706797     0.0186029670    -0.0076100395
    0.0153141116     0.0149957234    -0.0219778645
   -0.0013334668    -0.0008107818    -0.0055176837
    0.0008753939    -0.0001752861     0.0011759616
    0.0011761301    -0.0003502004     0.0030405168
   -0.0000488894    -0.0027920778     0.0004060469
   -0.0001238779     0.0013617743    -0.0007214431
    0.0002493877     0.0015469939    -0.0003068155
    0.0032973828     0.0105402944    -0.0374997047
   -0.0003961549    -0.0140275546     0.0110107435
   -0.0127904592     0.0046705178     0.0353481967
---------------------------------------------------
Net gradient:  1.879189e-07  1.997948e-07 -1.696496e-07
Net torque:    1.427908e-03  9.104904e-04 -1.265793e-03

