Jobname: geom
Scratch directory: server_2025-09-17-13.02.39/job_7/scr
Random number seed: 972010366

XYZ coordinates server_2025-09-17-13.02.39/job_7/geom.rst7
Amber prmtop file server_2025-09-17-13.02.39/job_7/parameters.prmtop
QM index file server_2025-09-17-13.02.39/job_7/region.qm
Molden File Output: server_2025-09-17-13.02.39/job_7/scr/geom.molden
Using basis set: 6-31gs
dmrgstart not found
Spin multiplicity: 1
DIIS will use up to 10 vectors.
Condition number limit for the DIIS overlap matrix is            0
WF convergence threshold: 3.00e-05
Using DIIS algorithm to converge WF
Maximum number of SCF iterations: 100
Incremental fock with rebuild every 8 iterations
Will switch to conventional Fock if diffuse functions are detected
X-matrix tolerance: 1.00e-04
PRECISION: DOUBLE
DFT Functional requested: b3lyp1
Method: B3LYP 
  Hartree-Fock exact exchange:          0.20 
  Slater exchange functional:           0.80 
  Becke 1988 exchange functional:       0.72 
  Lee-Yang-Parr correlation functional: 0.81 
  VWN(I) correlation functional:        0.19 
Wavefunction: RESTRICTED
DFT grid type: 1
Using dynamic DFT grids.
Initial guess generated by maximum overlap

Using OpenMM. QM/MM is enabled.
The energies and gradients will have MM components, but this will be computed by OpenMM.

********************************************
**** SINGLE POINT GRADIENT CALCULATIONS ****
********************************************
SCF:   Initial guess is taken from previous step
CIS:   Initial guess is taken from previous step
Z-vec: Initial guess is taken from previous step
*************WARNING***************
Unrecognized or unnecessary keywords:
These are being ignored.
   genscrdata false
***********************************
REMARK  Using OpenMM platform CPU
Made it passed OpenMM system construction
Number of MM atoms: 1170
Number of QM atoms:   42 (including 0 link atoms)
Number of MM atoms:   1170



Basis set:       6-31gs
Total atoms:     42
Total charge:    0
Total electrons: 158 (79-alpha, 79-beta)
Number electrons modeled by ECPs: 0
Total orbitals:  357
Total AO shells: 168 (105 S-shells; 42 P-shells; 21 D-shells; 0 F-shells; 0 G-shells)
Spin multiplicity: 1
Nuclear repulsion energy (QM atoms): 1871.459662119040 a.u.

Total charge from MM point charges: 0.00e

Henry: MM Charge: -0.8200000000, xyz (Ang): -3.3540021000  -0.1780002000  2.8019984000
Henry: MM Charge: 0.4100000000, xyz (Ang): -2.3469566000  -0.2310010000  2.6520182000
Henry: MM Charge: 0.4100000000, xyz (Ang): -3.4879838000  0.3839980000  3.6640008000
Henry: MM Charge: -0.8200000000, xyz (Ang): 7.4379973000  -10.6730045000  3.9540099000
Henry: MM Charge: 0.4100000000, xyz (Ang): 7.8019708000  -11.3988665000  4.5368463000
Henry: MM Charge: 0.4100000000, xyz (Ang): 8.2550252000  -10.2990497000  3.4669951000
Henry: MM Charge: -0.8200000000, xyz (Ang): -1.2359739000  6.7030034000  -11.3919778000
Henry: MM Charge: 0.4100000000, xyz (Ang): -0.9188979000  7.1301167000  -12.2942002000
Henry: MM Charge: 0.4100000000, xyz (Ang): -2.2233723000  6.2727935000  -11.5170559000
Henry: MM Charge: -0.8200000000, xyz (Ang): -10.4670025000  0.0510054000  0.9779984000
Henry: MM Charge: 0.4100000000, xyz (Ang): -10.1879849000  -0.7619902000  0.4150452000
Henry: MM Charge: 0.4100000000, xyz (Ang): -10.4390262000  -0.2870411000  1.9380107000
Henry: MM Charge: -0.8200000000, xyz (Ang): 2.0119997000  -7.1460264000  11.0610064000
Henry: MM Charge: 0.4100000000, xyz (Ang): 2.0299754000  -6.4378328000  11.8300700000
Henry: MM Charge: 0.4100000000, xyz (Ang): 2.0720638000  -6.5937484000  10.1507706000
Henry: MM Charge: -0.8200000000, xyz (Ang): 2.4089990000  1.2409997000  -5.6529995000
Henry: MM Charge: 0.4100000000, xyz (Ang): 2.9950050000  1.6180037000  -4.8829988000
Henry: MM Charge: 0.4100000000, xyz (Ang): 2.3800096000  0.2089988000  -5.6160024000
Henry: MM Charge: -0.8200000000, xyz (Ang): 9.2349757000  -4.0680162000  9.9010073000
Henry: MM Charge: 0.4100000000, xyz (Ang): 8.4210959000  -3.9259999000  9.3250381000
Henry: MM Charge: 0.4100000000, xyz (Ang): 10.0033094000  -3.3997249000  9.6058429000
Henry: MM Charge: -0.8200000000, xyz (Ang): 3.7360027000  -5.8220172000  -9.0359863000
Henry: MM Charge: 0.4100000000, xyz (Ang): 3.6309786000  -6.4148236000  -8.2492224000
Henry: MM Charge: 0.4100000000, xyz (Ang): 4.2900322000  -4.9649593000  -8.8399885000
Henry: MM Charge: -0.8200000000, xyz (Ang): -5.5130089000  13.4680100000  -2.3110074000
Henry: MM Charge: 0.4100000000, xyz (Ang): -5.8160857000  12.7079559000  -1.6699992000
Henry: MM Charge: 0.4100000000, xyz (Ang): -6.2818276000  14.0488431000  -2.5249163000
Henry: MM Charge: -0.8200000000, xyz (Ang): 8.6660042000  -3.4560012000  6.5739984000
Henry: MM Charge: 0.4100000000, xyz (Ang): 9.2208812000  -2.6210962000  6.5099382000
Henry: MM Charge: 0.4100000000, xyz (Ang): 8.6300465000  -3.7868320000  5.6180900000
Henry: MM Charge: -0.8200000000, xyz (Ang): 5.9579903000  6.1160017000  -10.4529967000
Henry: MM Charge: 0.4100000000, xyz (Ang): 6.7391769000  6.0399914000  -11.1311141000
Henry: MM Charge: 0.4100000000, xyz (Ang): 5.1330027000  5.5290059000  -10.6179735000
Henry: MM Charge: -0.8200000000, xyz (Ang): -1.2379919000  -9.9239930000  -8.3810158000
Henry: MM Charge: 0.4100000000, xyz (Ang): -0.8870192000  -9.0959632000  -8.8888913000
Henry: MM Charge: 0.4100000000, xyz (Ang): -1.7640450000  -9.6289770000  -7.5389574000
Henry: MM Charge: -0.8200000000, xyz (Ang): 5.1650335000  9.6170226000  -7.2950112000
Henry: MM Charge: 0.4100000000, xyz (Ang): 5.8028434000  9.6880335000  -6.5180648000
Henry: MM Charge: 0.4100000000, xyz (Ang): 4.5076371000  8.7815996000  -7.0588320000
Henry: MM Charge: -0.8200000000, xyz (Ang): 11.7929999000  4.1960033000  -4.0890015000
Henry: MM Charge: 0.4100000000, xyz (Ang): 11.0359968000  4.8369623000  -3.8179769000
Henry: MM Charge: 0.4100000000, xyz (Ang): 11.8199589000  3.4530251000  -3.3869814000
Henry: MM Charge: -0.8200000000, xyz (Ang): -4.2000000000  2.6079986000  -1.1600010000
Henry: MM Charge: 0.4100000000, xyz (Ang): -4.3299971000  1.8520116000  -0.4709911000
Henry: MM Charge: 0.4100000000, xyz (Ang): -4.1649951000  3.5300061000  -0.6929906000
Henry: MM Charge: -0.8200000000, xyz (Ang): -5.8190000000  7.2180049000  0.1880137000
Henry: MM Charge: 0.4100000000, xyz (Ang): -6.5071038000  6.7270407000  -0.4020116000
Henry: MM Charge: 0.4100000000, xyz (Ang): -6.3289315000  7.7508469000  0.8487760000
Henry: MM Charge: -0.8200000000, xyz (Ang): 6.8459951000  6.2410095000  -3.2600129000
Henry: MM Charge: 0.4100000000, xyz (Ang): 6.7189765000  5.5920684000  -2.4669200000
Henry: MM Charge: 0.4100000000, xyz (Ang): 6.3450755000  7.0258240000  -2.8618938000
Henry: MM Charge: -0.8200000000, xyz (Ang): -5.6690068000  11.7039911000  -0.3079930000
Henry: MM Charge: 0.4100000000, xyz (Ang): -6.4468181000  11.0911853000  -0.4269997000
Henry: MM Charge: 0.4100000000, xyz (Ang): -5.7570670000  12.0929711000  0.6158275000
Henry: MM Charge: -0.8200000000, xyz (Ang): 0.9700022000  -2.3449968000  -11.1749915000
Henry: MM Charge: 0.4100000000, xyz (Ang): 0.3330313000  -2.9799709000  -10.6850290000
Henry: MM Charge: 0.4100000000, xyz (Ang): 1.5129667000  -1.7770747000  -10.5460818000
Henry: MM Charge: -0.8200000000, xyz (Ang): -13.1679942000  0.2609943000  1.1270008000
Henry: MM Charge: 0.4100000000, xyz (Ang): -13.2409660000  1.0390213000  0.4579784000
Henry: MM Charge: 0.4100000000, xyz (Ang): -12.2270837000  -0.0929769000  1.0170147000
Henry: MM Charge: -0.8200000000, xyz (Ang): -1.1939844000  14.5010191000  0.8619941000
Henry: MM Charge: 0.4100000000, xyz (Ang): -2.1602140000  14.2319338000  0.5179505000
Henry: MM Charge: 0.4100000000, xyz (Ang): -0.9721103000  15.3457698000  0.4111195000
Henry: MM Charge: -0.8200000000, xyz (Ang): -9.0880117000  -5.8299983000  4.3170019000
Henry: MM Charge: 0.4100000000, xyz (Ang): -8.8039525000  -4.9999440000  3.7879858000
Henry: MM Charge: 0.4100000000, xyz (Ang): -8.2798965000  -6.4870786000  4.2660067000
Henry: MM Charge: -0.8200000000, xyz (Ang): -7.3879816000  8.9050021000  -2.4589972000
Henry: MM Charge: 0.4100000000, xyz (Ang): -7.8581687000  8.1088739000  -2.9490412000
Henry: MM Charge: 0.4100000000, xyz (Ang): -6.4441440000  8.7050676000  -2.1519735000
Henry: MM Charge: -0.8200000000, xyz (Ang): 3.4339932000  10.8890009000  5.2010033000
Henry: MM Charge: 0.4100000000, xyz (Ang): 3.0880163000  11.5029630000  4.4489683000
Henry: MM Charge: 0.4100000000, xyz (Ang): 2.7420882000  10.4020284000  5.7499734000
Henry: MM Charge: -0.8200000000, xyz (Ang): 7.2159887000  10.0679962000  -3.2559922000
Henry: MM Charge: 0.4100000000, xyz (Ang): 6.3921513000  9.6610794000  -2.8580842000
Henry: MM Charge: 0.4100000000, xyz (Ang): 8.0370105000  9.9969945000  -2.6540396000
Henry: MM Charge: -0.8200000000, xyz (Ang): 0.6119998000  2.2150022000  4.1030010000
Henry: MM Charge: 0.4100000000, xyz (Ang): 1.5409945000  1.9579765000  3.7409887000
Henry: MM Charge: 0.4100000000, xyz (Ang): 0.6840014000  2.3779870000  5.1149897000
Henry: MM Charge: -0.8200000000, xyz (Ang): -7.2620065000  -3.8789939000  9.6159960000
Henry: MM Charge: 0.4100000000, xyz (Ang): -6.9189852000  -4.8191175000  9.9119933000
Henry: MM Charge: 0.4100000000, xyz (Ang): -7.5359468000  -3.9679732000  8.6391391000
Henry: MM Charge: -0.8200000000, xyz (Ang): 1.0000020000  -10.1189853000  -4.6030056000
Henry: MM Charge: 0.4100000000, xyz (Ang): 0.8239617000  -11.0571629000  -4.1478539000
Henry: MM Charge: 0.4100000000, xyz (Ang): 0.8840001000  -9.4119459000  -3.8520062000
Henry: MM Charge: -0.8200000000, xyz (Ang): -2.0300160000  5.9370065000  4.6890053000
Henry: MM Charge: 0.4100000000, xyz (Ang): -2.5389318000  5.9320456000  3.8211778000
Henry: MM Charge: 0.4100000000, xyz (Ang): -2.4508999000  6.6328728000  5.2768092000
Henry: MM Charge: -0.8200000000, xyz (Ang): -11.0729987000  -8.1649891000  -0.7250130000
Henry: MM Charge: 0.4100000000, xyz (Ang): -11.2649561000  -9.1451156000  -0.4758812000
Henry: MM Charge: 0.4100000000, xyz (Ang): -10.2910598000  -7.9640351000  -0.0849454000
Henry: MM Charge: -0.8200000000, xyz (Ang): -7.1929946000  9.1010121000  2.2450087000
Henry: MM Charge: 0.4100000000, xyz (Ang): -6.9400351000  9.6688898000  3.0479638000
Henry: MM Charge: 0.4100000000, xyz (Ang): -7.3880088000  9.6189238000  1.3749395000
Henry: MM Charge: -0.8200000000, xyz (Ang): 4.2219991000  -11.7400082000  -0.3840039000
Henry: MM Charge: 0.4100000000, xyz (Ang): 3.4388056000  -11.2918553000  0.1520555000
Henry: MM Charge: 0.4100000000, xyz (Ang): 5.1221572000  -11.8689569000  0.1139387000
Henry: MM Charge: -0.8200000000, xyz (Ang): 5.5559920000  -10.7400092000  -2.5489772000
Henry: MM Charge: 0.4100000000, xyz (Ang): 5.3221780000  -10.9748660000  -1.6193030000
Henry: MM Charge: 0.4100000000, xyz (Ang): 5.1459858000  -11.4510294000  -3.1640242000
Henry: MM Charge: -0.8200000000, xyz (Ang): -7.5630046000  2.5089695000  -8.2140068000
Henry: MM Charge: 0.4100000000, xyz (Ang): -7.4139816000  1.9969741000  -7.3138655000
Henry: MM Charge: 0.4100000000, xyz (Ang): -7.4219534000  3.5675334000  -8.0799731000
Henry: MM Charge: -0.8200000000, xyz (Ang): -0.2080008000  11.7369984000  0.9079948000
Henry: MM Charge: 0.4100000000, xyz (Ang): -0.8049959000  11.5690144000  0.1001082000
Henry: MM Charge: 0.4100000000, xyz (Ang): -0.5680457000  12.6319530000  1.2519869000
Henry: MM Charge: -0.8200000000, xyz (Ang): 7.2129874000  -8.0849915000  -5.3149862000
Henry: MM Charge: 0.4100000000, xyz (Ang): 7.8041610000  -8.5710893000  -6.0252022000
Henry: MM Charge: 0.4100000000, xyz (Ang): 7.2280001000  -7.0861007000  -5.4580047000
Henry: MM Charge: -0.8200000000, xyz (Ang): -6.2099987000  0.6699995000  -3.6739995000
Henry: MM Charge: 0.4100000000, xyz (Ang): -5.7570043000  1.5990054000  -3.6869996000
Henry: MM Charge: 0.4100000000, xyz (Ang): -6.7100063000  0.5850017000  -4.5750038000
Henry: MM Charge: -0.8200000000, xyz (Ang): -9.4119930000  -3.0220067000  10.9540135000
Henry: MM Charge: 0.4100000000, xyz (Ang): -9.9361236000  -2.2208357000  10.5608996000
Henry: MM Charge: 0.4100000000, xyz (Ang): -8.7549601000  -3.4420818000  10.2518062000
Henry: MM Charge: -0.8200000000, xyz (Ang): -6.2770133000  -1.5029993000  -10.5689675000
Henry: MM Charge: 0.4100000000, xyz (Ang): -5.9298145000  -1.3829448000  -11.5864862000
Henry: MM Charge: 0.4100000000, xyz (Ang): -6.6719705000  -2.4428966000  -10.4659759000
Henry: MM Charge: -0.8200000000, xyz (Ang): 2.7149997000  -7.7039999000  0.7069988000
Henry: MM Charge: 0.4100000000, xyz (Ang): 3.0300016000  -7.6899985000  -0.2789899000
Henry: MM Charge: 0.4100000000, xyz (Ang): 2.1430031000  -6.8559929000  0.8210102000
Henry: MM Charge: -0.8200000000, xyz (Ang): 4.2190101000  -2.3019959000  13.4260007000
Henry: MM Charge: 0.4100000000, xyz (Ang): 3.1768630000  -2.3160441000  13.3289621000
Henry: MM Charge: 0.4100000000, xyz (Ang): 4.5799514000  -1.9900478000  12.5300433000
Henry: MM Charge: -0.8200000000, xyz (Ang): -5.5620032000  -5.5830061000  12.8610219000
Henry: MM Charge: 0.4100000000, xyz (Ang): -5.8150065000  -5.9140263000  11.8917388000
Henry: MM Charge: 0.4100000000, xyz (Ang): -5.2669331000  -4.5958818000  12.7289510000
Henry: MM Charge: -0.8200000000, xyz (Ang): 8.3089813000  8.1609957000  -0.4789846000
Henry: MM Charge: 0.4100000000, xyz (Ang): 8.7850381000  7.4210020000  0.0689451000
Henry: MM Charge: 0.4100000000, xyz (Ang): 9.0392977000  8.4440208000  -1.2062129000
Henry: MM Charge: -0.8200000000, xyz (Ang): -6.2429938000  -8.4249955000  -4.3160032000
Henry: MM Charge: 0.4100000000, xyz (Ang): -7.1470259000  -8.1990167000  -3.8889502000
Henry: MM Charge: 0.4100000000, xyz (Ang): -6.3319723000  -9.3960125000  -4.6419849000
Henry: MM Charge: -0.8200000000, xyz (Ang): -5.2769882000  6.7940040000  -7.9300062000
Henry: MM Charge: 0.4100000000, xyz (Ang): -4.5211628000  7.4669098000  -8.0119538000
Henry: MM Charge: 0.4100000000, xyz (Ang): -5.6559901000  7.0630187000  -7.0059726000
Henry: MM Charge: -0.8200000000, xyz (Ang): -5.1370310000  5.0559988000  6.9530015000
Henry: MM Charge: 0.4100000000, xyz (Ang): -4.5758700000  4.4349289000  6.3399148000
Henry: MM Charge: 0.4100000000, xyz (Ang): -6.1096077000  5.0450483000  6.7961394000
Henry: MM Charge: -0.8200000000, xyz (Ang): 10.5099733000  -3.6739917000  0.5590146000
Henry: MM Charge: 0.4100000000, xyz (Ang): 11.2644512000  -4.3852649000  0.2688557000
Henry: MM Charge: 0.4100000000, xyz (Ang): 9.5080116000  -3.9018858000  0.5700401000
Henry: MM Charge: -0.8200000000, xyz (Ang): -2.7720066000  -4.3819984000  10.2579986000
Henry: MM Charge: 0.4100000000, xyz (Ang): -3.6118572000  -4.4640138000  10.8029343000
Henry: MM Charge: 0.4100000000, xyz (Ang): -1.9929782000  -4.3340335000  10.9600999000
Henry: MM Charge: -0.8200000000, xyz (Ang): -0.0029897000  -11.7370039000  5.8939844000
Henry: MM Charge: 0.4100000000, xyz (Ang): -0.5977820000  -12.0259287000  5.1672119000
Henry: MM Charge: 0.4100000000, xyz (Ang): -0.4860375000  -11.0979569000  6.5780687000
Henry: MM Charge: -0.8200000000, xyz (Ang): -7.0910055000  8.0669981000  7.8659894000
Henry: MM Charge: 0.4100000000, xyz (Ang): -6.5739892000  7.3599593000  8.3959338000
Henry: MM Charge: 0.4100000000, xyz (Ang): -7.2529287000  7.6700684000  6.9672236000
Henry: MM Charge: -0.8200000000, xyz (Ang): 5.0459842000  -0.2629942000  -11.5480003000
Henry: MM Charge: 0.4100000000, xyz (Ang): 5.0369501000  0.0899646000  -10.6031501000
Henry: MM Charge: 0.4100000000, xyz (Ang): 4.1353380000  -0.1670579000  -11.8748390000
Henry: MM Charge: -0.8200000000, xyz (Ang): 7.0390060000  -5.1179942000  -4.3320021000
Henry: MM Charge: 0.4100000000, xyz (Ang): 7.8008899000  -5.0489330000  -4.9928355000
Henry: MM Charge: 0.4100000000, xyz (Ang): 7.2390340000  -4.3931269000  -3.6611736000
Henry: MM Charge: -0.8200000000, xyz (Ang): -8.9069754000  3.3940096000  2.1840001000
Henry: MM Charge: 0.4100000000, xyz (Ang): -9.4201254000  3.3059766000  1.2920384000
Henry: MM Charge: 0.4100000000, xyz (Ang): -9.6491716000  2.9629363000  2.7849534000
Henry: MM Charge: -0.8200000000, xyz (Ang): 3.7429997000  6.7819995000  -0.4020000000
Henry: MM Charge: 0.4100000000, xyz (Ang): 3.9889994000  5.8540015000  -0.0409987000
Henry: MM Charge: 0.4100000000, xyz (Ang): 4.5099993000  7.4579979000  -0.2289992000
Henry: MM Charge: -0.8200000000, xyz (Ang): 13.1570206000  -4.3600003000  3.8600280000
Henry: MM Charge: 0.4100000000, xyz (Ang): 12.2327428000  -3.9338846000  3.5269093000
Henry: MM Charge: 0.4100000000, xyz (Ang): 13.3439164000  -4.0980902000  4.7716584000
Henry: MM Charge: -0.8200000000, xyz (Ang): 8.1579939000  1.0700058000  5.1829941000
Henry: MM Charge: 0.4100000000, xyz (Ang): 8.3949880000  1.9949699000  5.5830212000
Henry: MM Charge: 0.4100000000, xyz (Ang): 8.9940093000  0.6479879000  4.7549981000
Henry: MM Charge: -0.8200000000, xyz (Ang): 4.3210001000  4.1310005000  0.7349989000
Henry: MM Charge: 0.4100000000, xyz (Ang): 4.3059947000  3.1049909000  0.7200085000
Henry: MM Charge: 0.4100000000, xyz (Ang): 4.0749950000  4.4389929000  1.6870074000
Henry: MM Charge: -0.8200000000, xyz (Ang): -0.9069980000  5.5009932000  -8.8869979000
Henry: MM Charge: 0.4100000000, xyz (Ang): -1.1520546000  6.0940933000  -9.7121188000
Henry: MM Charge: 0.4100000000, xyz (Ang): -1.7709918000  5.1669924000  -8.4279203000
Henry: MM Charge: -0.8200000000, xyz (Ang): 0.7300030000  -11.6280017000  -7.0139930000
Henry: MM Charge: 0.4100000000, xyz (Ang): 0.2750499000  -11.0189157000  -7.6979346000
Henry: MM Charge: 0.4100000000, xyz (Ang): 0.9689705000  -10.9910160000  -6.2801692000
Henry: MM Charge: -0.8200000000, xyz (Ang): -1.3219958000  5.7020217000  9.2150073000
Henry: MM Charge: 0.4100000000, xyz (Ang): -1.4629423000  6.6188635000  8.7969834000
Henry: MM Charge: 0.4100000000, xyz (Ang): -2.1141672000  5.0939280000  8.8738507000
Henry: MM Charge: -0.8200000000, xyz (Ang): -10.3469952000  -0.9280087000  -2.5570133000
Henry: MM Charge: 0.4100000000, xyz (Ang): -11.0530455000  -0.1747769000  -2.3469604000
Henry: MM Charge: 0.4100000000, xyz (Ang): -10.2319226000  -1.5330723000  -1.7018256000
Henry: MM Charge: -0.8200000000, xyz (Ang): -3.1160036000  -0.6690073000  8.6660071000
Henry: MM Charge: 0.4100000000, xyz (Ang): -3.8661119000  -0.6479737000  7.9429469000
Henry: MM Charge: 0.4100000000, xyz (Ang): -2.3758537000  0.0301150000  8.4189931000
Henry: MM Charge: -0.8200000000, xyz (Ang): -1.3970006000  0.8080008000  7.0110006000
Henry: MM Charge: 0.4100000000, xyz (Ang): -0.9739936000  -0.1400064000  6.9239873000
Henry: MM Charge: 0.4100000000, xyz (Ang): -0.6079974000  1.4699934000  7.0259920000
Henry: MM Charge: -0.8200000000, xyz (Ang): 2.7580062000  12.4490087000  0.6199955000
Henry: MM Charge: 0.4100000000, xyz (Ang): 1.8040239000  12.0820195000  0.5309999000
Henry: MM Charge: 0.4100000000, xyz (Ang): 2.7189890000  13.4418024000  0.5490660000
Henry: MM Charge: -0.8200000000, xyz (Ang): 1.4709981000  -5.1800017000  0.7349963000
Henry: MM Charge: 0.4100000000, xyz (Ang): 1.9790037000  -5.1519714000  1.6440201000
Henry: MM Charge: 0.4100000000, xyz (Ang): 1.9140161000  -4.4979832000  0.1020346000
Henry: MM Charge: -0.8200000000, xyz (Ang): 1.7189935000  0.3530029000  -9.9280034000
Henry: MM Charge: 0.4100000000, xyz (Ang): 1.6329384000  1.2230128000  -10.4730286000
Henry: MM Charge: 0.4100000000, xyz (Ang): 2.5581251000  0.3389462000  -9.3088782000
Henry: MM Charge: -0.8200000000, xyz (Ang): -6.8520044000  4.8389904000  1.5430012000
Henry: MM Charge: 0.4100000000, xyz (Ang): -7.7639511000  4.4271652000  1.7679915000
Henry: MM Charge: 0.4100000000, xyz (Ang): -6.8340059000  5.0500608000  0.5360226000
Henry: MM Charge: -0.8200000000, xyz (Ang): 5.4560080000  9.0610038000  4.9709802000
Henry: MM Charge: 0.4100000000, xyz (Ang): 4.6498561000  9.7310324000  4.9500582000
Henry: MM Charge: 0.4100000000, xyz (Ang): 5.9639867000  8.9278813000  4.1072040000
Henry: MM Charge: -0.8200000000, xyz (Ang): -2.2120000000  -7.6909988000  0.4659995000
Henry: MM Charge: 0.4100000000, xyz (Ang): -1.9059976000  -7.4960070000  -0.4939979000
Henry: MM Charge: 0.4100000000, xyz (Ang): -1.6909979000  -7.0720043000  1.1060083000
Henry: MM Charge: -0.8200000000, xyz (Ang): -2.0910010000  -4.8630008000  5.7290001000
Henry: MM Charge: 0.4100000000, xyz (Ang): -3.0189906000  -5.2009924000  5.4320000000
Henry: MM Charge: 0.4100000000, xyz (Ang): -2.2199929000  -4.2189936000  6.5349929000
Henry: MM Charge: -0.8200000000, xyz (Ang): -2.0960172000  -10.5759972000  -0.0379982000
Henry: MM Charge: 0.4100000000, xyz (Ang): -2.3259055000  -9.7601229000  0.5079652000
Henry: MM Charge: 0.4100000000, xyz (Ang): -1.0568922000  -10.5429601000  -0.0300036000
Henry: MM Charge: -0.8200000000, xyz (Ang): 4.4490014000  13.4289953000  -2.6540089000
Henry: MM Charge: 0.4100000000, xyz (Ang): 4.7179989000  12.5530295000  -2.2089841000
Henry: MM Charge: 0.4100000000, xyz (Ang): 4.1239724000  13.3010102000  -3.6269417000
Henry: MM Charge: -0.8200000000, xyz (Ang): 8.2260045000  -4.7040135000  3.9419950000
Henry: MM Charge: 0.4100000000, xyz (Ang): 8.8528620000  -5.3939612000  3.5090091000
Henry: MM Charge: 0.4100000000, xyz (Ang): 7.3321027000  -4.9139611000  3.4899825000
Henry: MM Charge: -0.8200000000, xyz (Ang): 2.5740011000  -1.6839997000  6.2770019000
Henry: MM Charge: 0.4100000000, xyz (Ang): 2.4949932000  -0.6890081000  6.5529829000
Henry: MM Charge: 0.4100000000, xyz (Ang): 3.4869849000  -1.7949980000  5.8089865000
Henry: MM Charge: -0.8200000000, xyz (Ang): -3.9280058000  -9.1640005000  2.2400014000
Henry: MM Charge: 0.4100000000, xyz (Ang): -3.0208528000  -9.5880575000  2.5870764000
Henry: MM Charge: 0.4100000000, xyz (Ang): -3.7480279000  -8.4648821000  1.4848695000
Henry: MM Charge: -0.8200000000, xyz (Ang): 1.4869855000  -6.1780149000  -10.4320146000
Henry: MM Charge: 0.4100000000, xyz (Ang): 2.2972791000  -6.0219051000  -9.7266794000
Henry: MM Charge: 0.4100000000, xyz (Ang): 0.8809770000  -5.3308456000  -10.3890208000
Henry: MM Charge: -0.8200000000, xyz (Ang): 4.8929934000  8.2440096000  -3.1540239000
Henry: MM Charge: 0.4100000000, xyz (Ang): 4.4619273000  7.9889430000  -2.2368148000
Henry: MM Charge: 0.4100000000, xyz (Ang): 4.2452013000  8.7648769000  -3.6918524000
Henry: MM Charge: -0.8200000000, xyz (Ang): -1.4519992000  2.9019997000  11.2460121000
Henry: MM Charge: 0.4100000000, xyz (Ang): -0.6266991000  3.4811152000  10.9449904000
Henry: MM Charge: 0.4100000000, xyz (Ang): -2.1732285000  2.6727960000  10.4988600000
Henry: MM Charge: -0.8200000000, xyz (Ang): -4.5960009000  -2.5790003000  3.3089985000
Henry: MM Charge: 0.4100000000, xyz (Ang): -4.1389860000  -1.6809965000  3.0800123000
Henry: MM Charge: 0.4100000000, xyz (Ang): -4.1039902000  -3.3499954000  2.8380153000
Henry: MM Charge: -0.8200000000, xyz (Ang): -6.1240013000  2.7239946000  5.6080050000
Henry: MM Charge: 0.4100000000, xyz (Ang): -5.7928896000  3.5490995000  5.0439681000
Henry: MM Charge: 0.4100000000, xyz (Ang): -7.1311601000  2.8040109000  5.8800051000
Henry: MM Charge: -0.8200000000, xyz (Ang): 9.8759900000  9.6840026000  -2.0819967000
Henry: MM Charge: 0.4100000000, xyz (Ang): 10.0699997000  9.9260241000  -3.0681106000
Henry: MM Charge: 0.4100000000, xyz (Ang): 10.7350994000  9.6649841000  -1.5058714000
Henry: MM Charge: -0.8200000000, xyz (Ang): -9.8899754000  2.7520091000  -3.1680027000
Henry: MM Charge: 0.4100000000, xyz (Ang): -10.3001583000  2.1579061000  -3.9340926000
Henry: MM Charge: 0.4100000000, xyz (Ang): -8.9183253000  2.9289664000  -3.2348884000
Henry: MM Charge: -0.8200000000, xyz (Ang): 6.7520105000  11.9499730000  1.1329936000
Henry: MM Charge: 0.4100000000, xyz (Ang): 7.5518640000  11.9471292000  0.4990708000
Henry: MM Charge: 0.4100000000, xyz (Ang): 6.7080533000  12.9773208000  1.3489942000
Henry: MM Charge: -0.8200000000, xyz (Ang): 0.1140001000  9.0919989000  1.8739997000
Henry: MM Charge: 0.4100000000, xyz (Ang): 0.0079997000  10.0890065000  1.6279996000
Henry: MM Charge: 0.4100000000, xyz (Ang): 0.6749993000  8.6840001000  1.0970032000
Henry: MM Charge: -0.8200000000, xyz (Ang): 6.9480035000  -6.4040126000  9.8139701000
Henry: MM Charge: 0.4100000000, xyz (Ang): 7.8370118000  -6.7569539000  10.1751352000
Henry: MM Charge: 0.4100000000, xyz (Ang): 6.5369437000  -6.0098691000  10.7013483000
Henry: MM Charge: -0.8200000000, xyz (Ang): -3.0930085000  12.6010167000  -8.1949954000
Henry: MM Charge: 0.4100000000, xyz (Ang): -2.2927025000  12.1048390000  -8.7242154000
Henry: MM Charge: 0.4100000000, xyz (Ang): -3.7751742000  11.9008181000  -7.7628400000
Henry: MM Charge: -0.8200000000, xyz (Ang): 7.9130089000  -1.8639664000  3.4379962000
Henry: MM Charge: 0.4100000000, xyz (Ang): 8.7548510000  -1.4711404000  3.8279554000
Henry: MM Charge: 0.4100000000, xyz (Ang): 7.9480226000  -2.9153834000  3.6661256000
Henry: MM Charge: -0.8200000000, xyz (Ang): 6.1679670000  8.3540012000  7.5899946000
Henry: MM Charge: 0.4100000000, xyz (Ang): 5.7979898000  8.5349530000  6.6440368000
Henry: MM Charge: 0.4100000000, xyz (Ang): 7.2425754000  8.4570236000  7.6010196000
Henry: MM Charge: -0.8200000000, xyz (Ang): 2.9959938000  7.5070014000  -6.8850035000
Henry: MM Charge: 0.4100000000, xyz (Ang): 2.4300498000  8.1790394000  -7.4148715000
Henry: MM Charge: 0.4100000000, xyz (Ang): 3.1430902000  6.6078340000  -7.3980421000
Henry: MM Charge: -0.8200000000, xyz (Ang): 8.2469930000  -9.0310094000  8.8570005000
Henry: MM Charge: 0.4100000000, xyz (Ang): 7.7629807000  -8.8499256000  7.9559220000
Henry: MM Charge: 0.4100000000, xyz (Ang): 7.9740878000  -9.8379366000  9.3950374000
Henry: MM Charge: -0.8200000000, xyz (Ang): -6.1729926000  -1.1539982000  9.2890053000
Henry: MM Charge: 0.4100000000, xyz (Ang): -7.0550815000  -0.6359235000  9.1018968000
Henry: MM Charge: 0.4100000000, xyz (Ang): -6.3819846000  -2.1410918000  9.5459757000
Henry: MM Charge: -0.8200000000, xyz (Ang): 6.4640248000  -2.9280212000  8.1239872000
Henry: MM Charge: 0.4100000000, xyz (Ang): 6.2969263000  -1.9067872000  7.9359343000
Henry: MM Charge: 0.4100000000, xyz (Ang): 7.1826763000  -3.1158138000  7.4762263000
Henry: MM Charge: -0.8200000000, xyz (Ang): 4.9200118000  -3.3979931000  -8.8729810000
Henry: MM Charge: 0.4100000000, xyz (Ang): 5.6698433000  -2.8081599000  -8.5530857000
Henry: MM Charge: 0.4100000000, xyz (Ang): 4.8089912000  -3.1409108000  -9.8891707000
Henry: MM Charge: -0.8200000000, xyz (Ang): 5.2389881000  -8.0780148000  -8.4959780000
Henry: MM Charge: 0.4100000000, xyz (Ang): 5.3001390000  -7.5958063000  -9.4482463000
Henry: MM Charge: 0.4100000000, xyz (Ang): 6.2040028000  -8.0559327000  -8.2080783000
Henry: MM Charge: -0.8200000000, xyz (Ang): -2.7459697000  10.0530054000  5.8319844000
Henry: MM Charge: 0.4100000000, xyz (Ang): -3.1140721000  9.0798457000  5.7679811000
Henry: MM Charge: 0.4100000000, xyz (Ang): -1.8433518000  10.0800114000  5.4222142000
Henry: MM Charge: -0.8200000000, xyz (Ang): -4.8239909000  10.8170072000  -7.3230125000
Henry: MM Charge: 0.4100000000, xyz (Ang): -5.4621337000  10.6979743000  -6.5128266000
Henry: MM Charge: 0.4100000000, xyz (Ang): -4.3429968000  9.9189443000  -7.5179992000
Henry: MM Charge: -0.8200000000, xyz (Ang): -1.8980111000  -0.7100064000  13.0939784000
Henry: MM Charge: 0.4100000000, xyz (Ang): -1.8320045000  -1.6884639000  13.5271149000
Henry: MM Charge: 0.4100000000, xyz (Ang): -1.6308224000  0.1815758000  13.6622510000
Henry: MM Charge: -0.8200000000, xyz (Ang): 4.6490105000  11.1099955000  -0.6240042000
Henry: MM Charge: 0.4100000000, xyz (Ang): 3.7269520000  11.4600190000  -0.2828970000
Henry: MM Charge: 0.4100000000, xyz (Ang): 5.1838089000  11.4249663000  0.1779776000
Henry: MM Charge: -0.8200000000, xyz (Ang): -2.3290005000  -9.1090065000  -5.9810060000
Henry: MM Charge: 0.4100000000, xyz (Ang): -3.1010802000  -8.9159898000  -5.3199913000
Henry: MM Charge: 0.4100000000, xyz (Ang): -1.5299221000  -8.5499253000  -5.6209459000
Henry: MM Charge: -0.8200000000, xyz (Ang): -9.6329922000  -6.8919995000  7.6920044000
Henry: MM Charge: 0.4100000000, xyz (Ang): -9.3890065000  -7.5570221000  6.9639567000
Henry: MM Charge: 0.4100000000, xyz (Ang): -10.6551184000  -6.8170042000  7.7639731000
Henry: MM Charge: -0.8200000000, xyz (Ang): 2.4079507000  -11.6689925000  6.0320063000
Henry: MM Charge: 0.4100000000, xyz (Ang): 1.3943266000  -11.6849819000  6.0949814000
Henry: MM Charge: 0.4100000000, xyz (Ang): 2.7710808000  -12.6291239000  6.1129417000
Henry: MM Charge: -0.8200000000, xyz (Ang): 3.2730003000  4.5130006000  3.4329998000
Henry: MM Charge: 0.4100000000, xyz (Ang): 3.1069958000  3.4959892000  3.4049979000
Henry: MM Charge: 0.4100000000, xyz (Ang): 2.3569960000  5.0009932000  3.4589997000
Henry: MM Charge: -0.8200000000, xyz (Ang): -1.7029999000  7.2460003000  0.7499995000
Henry: MM Charge: 0.4100000000, xyz (Ang): -1.1000001000  7.8829976000  1.2900020000
Henry: MM Charge: 0.4100000000, xyz (Ang): -2.0250006000  6.4759905000  1.3490056000
Henry: MM Charge: -0.8200000000, xyz (Ang): -7.8699939000  7.1220192000  -9.2510129000
Henry: MM Charge: 0.4100000000, xyz (Ang): -6.8800581000  7.1259441000  -9.0069788000
Henry: MM Charge: 0.4100000000, xyz (Ang): -8.2570600000  6.2867454000  -8.7618188000
Henry: MM Charge: -0.8200000000, xyz (Ang): -5.1090113000  8.2619993000  4.5400057000
Henry: MM Charge: 0.4100000000, xyz (Ang): -4.5709521000  8.3840324000  3.6348395000
Henry: MM Charge: 0.4100000000, xyz (Ang): -4.5009353000  7.8389651000  5.2821047000
Henry: MM Charge: -0.8200000000, xyz (Ang): 7.6659754000  -1.6929835000  -5.6030046000
Henry: MM Charge: 0.4100000000, xyz (Ang): 8.4642101000  -2.2691921000  -5.2148815000
Henry: MM Charge: 0.4100000000, xyz (Ang): 6.9591599000  -1.8320718000  -4.8910876000
Henry: MM Charge: -0.8200000000, xyz (Ang): -9.7959942000  6.3700389000  -2.2079996000
Henry: MM Charge: 0.4100000000, xyz (Ang): -10.0838144000  7.2656268000  -1.9941651000
Henry: MM Charge: 0.4100000000, xyz (Ang): -10.4462498000  5.6146762000  -1.7938921000
Henry: MM Charge: -0.8200000000, xyz (Ang): 10.7009846000  -4.9499981000  -3.0350070000
Henry: MM Charge: 0.4100000000, xyz (Ang): 11.0220260000  -5.3339686000  -3.9129525000
Henry: MM Charge: 0.4100000000, xyz (Ang): 11.5511299000  -4.7849923000  -2.4709586000
Henry: MM Charge: -0.8200000000, xyz (Ang): -6.3059842000  -6.4310002000  10.2349960000
Henry: MM Charge: 0.4100000000, xyz (Ang): -5.6110204000  -6.9109329000  9.6730700000
Henry: MM Charge: 0.4100000000, xyz (Ang): -7.2452275000  -6.8850599000  10.1499883000
Henry: MM Charge: -0.8200000000, xyz (Ang): 8.4089966000  -6.6839961000  -1.6180033000
Henry: MM Charge: 0.4100000000, xyz (Ang): 7.9739896000  -6.0760413000  -2.3099550000
Henry: MM Charge: 0.4100000000, xyz (Ang): 9.4350849000  -6.6690342000  -1.7029557000
Henry: MM Charge: -0.8200000000, xyz (Ang): -5.4069995000  4.6120037000  3.7379959000
Henry: MM Charge: 0.4100000000, xyz (Ang): -4.4871006000  4.5629652000  3.3160005000
Henry: MM Charge: 0.4100000000, xyz (Ang): -6.0109488000  4.7339882000  2.9090224000
Henry: MM Charge: -0.8200000000, xyz (Ang): 10.8579880000  -3.2639912000  3.0709903000
Henry: MM Charge: 0.4100000000, xyz (Ang): 10.7290450000  -3.1979873000  2.0560416000
Henry: MM Charge: 0.4100000000, xyz (Ang): 10.2950603000  -2.6271413000  3.6019825000
Henry: MM Charge: -0.8200000000, xyz (Ang): -4.5509988000  0.3299989000  0.3819981000
Henry: MM Charge: 0.4100000000, xyz (Ang): -3.9689974000  0.2120109000  1.2270183000
Henry: MM Charge: 0.4100000000, xyz (Ang): -5.4550086000  -0.0849972000  0.6650119000
Henry: MM Charge: -0.8200000000, xyz (Ang): -3.5359888000  -10.6339782000  8.3080132000
Henry: MM Charge: 0.4100000000, xyz (Ang): -3.6041448000  -11.6321820000  8.0278768000
Henry: MM Charge: 0.4100000000, xyz (Ang): -4.5169819000  -10.4031513000  8.1528767000
Henry: MM Charge: -0.8200000000, xyz (Ang): 4.9010144000  -4.7350075000  5.3930078000
Henry: MM Charge: 0.4100000000, xyz (Ang): 4.9919363000  -3.7400709000  5.5999753000
Henry: MM Charge: 0.4100000000, xyz (Ang): 5.5118727000  -5.2928760000  5.9707995000
Henry: MM Charge: -0.8200000000, xyz (Ang): -3.4619696000  -10.4650036000  -10.4139932000
Henry: MM Charge: 0.4100000000, xyz (Ang): -2.8011407000  -10.3190429000  -9.6861762000
Henry: MM Charge: 0.4100000000, xyz (Ang): -4.4673931000  -10.1338682000  -10.1928804000
Henry: MM Charge: -0.8200000000, xyz (Ang): 8.6260053000  3.5179937000  6.2810026000
Henry: MM Charge: 0.4100000000, xyz (Ang): 8.2489429000  4.2920906000  5.6930597000
Henry: MM Charge: 0.4100000000, xyz (Ang): 8.3739655000  3.8080111000  7.2109148000
Henry: MM Charge: -0.8200000000, xyz (Ang): 12.4170130000  0.2690160000  2.8560199000
Henry: MM Charge: 0.4100000000, xyz (Ang): 12.0198686000  -0.2731564000  2.0177001000
Henry: MM Charge: 0.4100000000, xyz (Ang): 12.3219827000  1.2489177000  2.6449707000
Henry: MM Charge: -0.8200000000, xyz (Ang): 7.2359998000  0.8270145000  -0.5140143000
Henry: MM Charge: 0.4100000000, xyz (Ang): 8.2780915000  0.7239275000  -0.4468776000
Henry: MM Charge: 0.4100000000, xyz (Ang): 6.9180382000  0.0199020000  0.0780908000
Henry: MM Charge: -0.8200000000, xyz (Ang): 2.3130041000  -3.0310136000  -7.5680086000
Henry: MM Charge: 0.4100000000, xyz (Ang): 3.2188169000  -3.3909390000  -7.7859001000
Henry: MM Charge: 0.4100000000, xyz (Ang): 1.5940640000  -3.4848858000  -8.1089723000
Henry: MM Charge: -0.8200000000, xyz (Ang): 2.8159950000  2.7400046000  -7.9160083000
Henry: MM Charge: 0.4100000000, xyz (Ang): 2.8921187000  2.2729810000  -6.9909648000
Henry: MM Charge: 0.4100000000, xyz (Ang): 3.7740029000  2.6129499000  -8.2288915000
Henry: MM Charge: -0.8200000000, xyz (Ang): -8.0720169000  -4.2209756000  7.0540463000
Henry: MM Charge: 0.4100000000, xyz (Ang): -7.3085448000  -4.1440599000  6.2524849000
Henry: MM Charge: 0.4100000000, xyz (Ang): -8.5871627000  -5.1263916000  6.7777831000
Henry: MM Charge: -0.8200000000, xyz (Ang): -3.4569918000  7.2959992000  6.4700041000
Henry: MM Charge: 0.4100000000, xyz (Ang): -3.2181028000  7.7109423000  7.3678843000
Henry: MM Charge: 0.4100000000, xyz (Ang): -4.0179742000  6.4770398000  6.7500216000
Henry: MM Charge: -0.8200000000, xyz (Ang): 3.5710332000  -7.5220007000  7.0859968000
Henry: MM Charge: 0.4100000000, xyz (Ang): 3.2900643000  -7.9089195000  6.1940870000
Henry: MM Charge: 0.4100000000, xyz (Ang): 4.5284921000  -7.3511344000  7.0619624000
Henry: MM Charge: -0.8200000000, xyz (Ang): 2.6269830000  15.6369922000  -2.6849909000
Henry: MM Charge: 0.4100000000, xyz (Ang): 3.1480271000  14.7759782000  -2.4629818000
Henry: MM Charge: 0.4100000000, xyz (Ang): 3.2552107000  16.2011462000  -3.3021676000
Henry: MM Charge: -0.8200000000, xyz (Ang): 1.7129830000  -6.0139952000  8.6050125000
Henry: MM Charge: 0.4100000000, xyz (Ang): 1.9230996000  -5.0100467000  8.5459465000
Henry: MM Charge: 0.4100000000, xyz (Ang): 2.4731564000  -6.4459708000  8.0168696000
Henry: MM Charge: -0.8200000000, xyz (Ang): 7.5960068000  -8.4919914000  6.2270073000
Henry: MM Charge: 0.4100000000, xyz (Ang): 8.4949157000  -8.3950513000  5.7489594000
Henry: MM Charge: 0.4100000000, xyz (Ang): 7.1189690000  -9.3090858000  5.8169260000
Henry: MM Charge: -0.8200000000, xyz (Ang): -6.5400043000  -3.2080039000  5.0140007000
Henry: MM Charge: 0.4100000000, xyz (Ang): -5.6769244000  -2.8989218000  4.4979970000
Henry: MM Charge: 0.4100000000, xyz (Ang): -7.3279808000  -2.8239646000  4.4840235000
Henry: MM Charge: -0.8200000000, xyz (Ang): -10.5050076000  0.6630062000  -5.0160387000
Henry: MM Charge: 0.4100000000, xyz (Ang): -10.5220264000  0.1828361000  -4.0394897000
Henry: MM Charge: 0.4100000000, xyz (Ang): -11.2438770000  0.2860896000  -5.5649075000
Henry: MM Charge: -0.8200000000, xyz (Ang): 4.9859965000  -10.9600029000  7.0720067000
Henry: MM Charge: 0.4100000000, xyz (Ang): 4.3960108000  -10.9899593000  6.2459378000
Henry: MM Charge: 0.4100000000, xyz (Ang): 4.3869340000  -10.4328985000  7.7690077000
Henry: MM Charge: -0.8200000000, xyz (Ang): -1.8820012000  2.8310025000  3.1920037000
Henry: MM Charge: 0.4100000000, xyz (Ang): -0.8899975000  2.6669818000  3.4529843000
Henry: MM Charge: 0.4100000000, xyz (Ang): -2.4479862000  2.3859936000  3.9309865000
Henry: MM Charge: -0.8200000000, xyz (Ang): 10.6849957000  3.7339958000  4.4349788000
Henry: MM Charge: 0.4100000000, xyz (Ang): 10.1749614000  3.4769250000  5.2860188000
Henry: MM Charge: 0.4100000000, xyz (Ang): 10.1749953000  3.2880573000  3.6812285000
Henry: MM Charge: -0.8200000000, xyz (Ang): -1.7480012000  -10.9739857000  -2.7089959000
Henry: MM Charge: 0.4100000000, xyz (Ang): -1.8259252000  -11.0999967000  -1.7021107000
Henry: MM Charge: 0.4100000000, xyz (Ang): -1.6040177000  -10.0012011000  -2.8589203000
Henry: MM Charge: -0.8200000000, xyz (Ang): 6.2070014000  1.3420032000  -3.0580015000
Henry: MM Charge: 0.4100000000, xyz (Ang): 6.9299657000  1.8420048000  -3.5999934000
Henry: MM Charge: 0.4100000000, xyz (Ang): 6.5349741000  1.1869690000  -2.0879861000
Henry: MM Charge: -0.8200000000, xyz (Ang): -6.7149884000  -7.3120037000  3.8329789000
Henry: MM Charge: 0.4100000000, xyz (Ang): -6.4120851000  -7.1189634000  2.8862127000
Henry: MM Charge: 0.4100000000, xyz (Ang): -6.9801123000  -8.2940131000  4.0111119000
Henry: MM Charge: -0.8200000000, xyz (Ang): 9.6620011000  -10.0799963000  -0.4889976000
Henry: MM Charge: 0.4100000000, xyz (Ang): 9.7289710000  -10.7600091000  -1.2450428000
Henry: MM Charge: 0.4100000000, xyz (Ang): 9.0559932000  -9.3480016000  -0.8439795000
Henry: MM Charge: -0.8200000000, xyz (Ang): -6.0749887000  -9.9889911000  -10.1050052000
Henry: MM Charge: 0.4100000000, xyz (Ang): -6.5870922000  -10.8730956000  -9.9959171000
Henry: MM Charge: 0.4100000000, xyz (Ang): -6.2620822000  -9.4640072000  -9.2319791000
Henry: MM Charge: -0.8200000000, xyz (Ang): 6.2770048000  5.0020110000  -7.7880025000
Henry: MM Charge: 0.4100000000, xyz (Ang): 5.9779876000  5.5429587000  -6.9630134000
Henry: MM Charge: 0.4100000000, xyz (Ang): 6.1000302000  5.5348335000  -8.6177999000
Henry: MM Charge: -0.8200000000, xyz (Ang): 4.8250044000  9.2720138000  -9.9759762000
Henry: MM Charge: 0.4100000000, xyz (Ang): 4.2098247000  8.5287904000  -10.4241957000
Henry: MM Charge: 0.4100000000, xyz (Ang): 4.3680104000  9.6679518000  -9.1781328000
Henry: MM Charge: -0.8200000000, xyz (Ang): -7.1749960000  3.9569959000  -3.5829862000
Henry: MM Charge: 0.4100000000, xyz (Ang): -6.1688404000  3.6809551000  -3.7429792000
Henry: MM Charge: 0.4100000000, xyz (Ang): -7.6552033000  4.3451358000  -4.4612181000
Henry: MM Charge: -0.8200000000, xyz (Ang): 6.5310069000  9.3590190000  2.4410216000
Henry: MM Charge: 0.4100000000, xyz (Ang): 6.4869583000  10.2579655000  1.9449355000
Henry: MM Charge: 0.4100000000, xyz (Ang): 6.3009104000  8.6137135000  1.7137138000
Henry: MM Charge: -0.8200000000, xyz (Ang): -4.1750043000  0.3530055000  11.2889952000
Henry: MM Charge: 0.4100000000, xyz (Ang): -3.5889569000  -0.3671414000  11.7370308000
Henry: MM Charge: 0.4100000000, xyz (Ang): -4.4619980000  0.0240109000  10.3670039000
Henry: MM Charge: -0.8200000000, xyz (Ang): -0.8380012000  -5.9040009000  2.0629978000
Henry: MM Charge: 0.4100000000, xyz (Ang): -0.4939921000  -6.1249856000  3.0110071000
Henry: MM Charge: 0.4100000000, xyz (Ang): -0.0319878000  -5.5909881000  1.4940245000
Henry: MM Charge: -0.8200000000, xyz (Ang): 5.7500117000  1.1459958000  4.2959848000
Henry: MM Charge: 0.4100000000, xyz (Ang): 6.7371886000  0.9348832000  4.6390793000
Henry: MM Charge: 0.4100000000, xyz (Ang): 5.1847271000  1.5861219000  5.0871880000
Henry: MM Charge: -0.8200000000, xyz (Ang): 3.7819992000  2.3959994000  -3.6399997000
Henry: MM Charge: 0.4100000000, xyz (Ang): 3.3010055000  2.4220074000  -2.7400068000
Henry: MM Charge: 0.4100000000, xyz (Ang): 4.7430059000  2.0390019000  -3.4719988000
Henry: MM Charge: -0.8200000000, xyz (Ang): 2.9859938000  4.7019977000  10.5169982000
Henry: MM Charge: 0.4100000000, xyz (Ang): 3.5860736000  5.3700320000  11.0050116000
Henry: MM Charge: 0.4100000000, xyz (Ang): 2.7810436000  3.8880241000  11.1030206000
Henry: MM Charge: -0.8200000000, xyz (Ang): -0.6189873000  -4.2820141000  -9.8629759000
Henry: MM Charge: 0.4100000000, xyz (Ang): -1.6470718000  -4.2259536000  -9.6909229000
Henry: MM Charge: 0.4100000000, xyz (Ang): -0.1891563000  -4.4578328000  -8.9873325000
Henry: MM Charge: -0.8200000000, xyz (Ang): 10.4449834000  -0.2230156000  -3.5830199000
Henry: MM Charge: 0.4100000000, xyz (Ang): 10.1761015000  0.2779516000  -4.4057844000
Henry: MM Charge: 0.4100000000, xyz (Ang): 10.0771300000  -1.1527612000  -3.4839494000
Henry: MM Charge: -0.8200000000, xyz (Ang): 10.2860018000  -7.7779931000  5.4330169000
Henry: MM Charge: 0.4100000000, xyz (Ang): 10.2439929000  -7.1369830000  4.6248754000
Henry: MM Charge: 0.4100000000, xyz (Ang): 10.2060204000  -7.3430905000  6.3559067000
Henry: MM Charge: -0.8200000000, xyz (Ang): -3.2759997000  8.5979976000  -7.8879951000
Henry: MM Charge: 0.4100000000, xyz (Ang): -2.4479192000  8.7600050000  -7.2609342000
Henry: MM Charge: 0.4100000000, xyz (Ang): -2.9930529000  8.7590060000  -8.8751589000
Henry: MM Charge: -0.8200000000, xyz (Ang): 5.2260009000  -1.8560000000  5.4200005000
Henry: MM Charge: 0.4100000000, xyz (Ang): 5.8239911000  -1.3220017000  6.0629920000
Henry: MM Charge: 0.4100000000, xyz (Ang): 5.5549887000  -1.6489975000  4.4749947000
Henry: MM Charge: -0.8200000000, xyz (Ang): -10.1040049000  2.5429871000  -0.3899810000
Henry: MM Charge: 0.4100000000, xyz (Ang): -9.9659493000  2.4930284000  -1.4493015000
Henry: MM Charge: 0.4100000000, xyz (Ang): -10.2149773000  1.6311638000  0.0379767000
Henry: MM Charge: -0.8200000000, xyz (Ang): 3.5509998000  4.8279990000  -4.9739996000
Henry: MM Charge: 0.4100000000, xyz (Ang): 2.5759973000  5.1430021000  -4.9279975000
Henry: MM Charge: 0.4100000000, xyz (Ang): 3.6700013000  3.9300090000  -4.4860024000
Henry: MM Charge: -0.8200000000, xyz (Ang): -5.3279872000  -7.0869964000  -1.1120077000
Henry: MM Charge: 0.4100000000, xyz (Ang): -6.0261254000  -7.6010324000  -1.6891520000
Henry: MM Charge: 0.4100000000, xyz (Ang): -5.5890872000  -7.0999737000  -0.0787075000
Henry: MM Charge: -0.8200000000, xyz (Ang): 0.8229999000  5.8420002000  3.4659996000
Henry: MM Charge: 0.4100000000, xyz (Ang): 0.8660008000  6.7509986000  3.0100013000
Henry: MM Charge: 0.4100000000, xyz (Ang): -0.0740005000  5.7359936000  3.9480019000
Henry: MM Charge: -0.8200000000, xyz (Ang): -4.4569967000  8.3280153000  -11.4130132000
Henry: MM Charge: 0.4100000000, xyz (Ang): -5.3910803000  8.0779408000  -11.7479878000
Henry: MM Charge: 0.4100000000, xyz (Ang): -4.2459740000  7.6628335000  -10.6357863000
Henry: MM Charge: -0.8200000000, xyz (Ang): -13.2039795000  2.5259902000  -0.5690061000
Henry: MM Charge: 0.4100000000, xyz (Ang): -12.5840404000  3.3420217000  -0.5039590000
Henry: MM Charge: 0.4100000000, xyz (Ang): -14.1732606000  2.8881421000  -0.3829286000
Henry: MM Charge: -0.8200000000, xyz (Ang): -8.7219766000  7.4499817000  -4.5470021000
Henry: MM Charge: 0.4100000000, xyz (Ang): -9.4011895000  7.0930672000  -3.8298766000
Henry: MM Charge: 0.4100000000, xyz (Ang): -9.2111911000  8.2842391000  -4.9670545000
Henry: MM Charge: -0.8200000000, xyz (Ang): 7.3579963000  4.9420044000  1.8859876000
Henry: MM Charge: 0.4100000000, xyz (Ang): 7.4050227000  5.0179044000  2.9250992000
Henry: MM Charge: 0.4100000000, xyz (Ang): 7.3110598000  3.9180157000  1.7830670000
Henry: MM Charge: -0.8200000000, xyz (Ang): 11.0749836000  -1.9109936000  6.8109998000
Henry: MM Charge: 0.4100000000, xyz (Ang): 10.8930261000  -1.8210336000  7.8059829000
Henry: MM Charge: 0.4100000000, xyz (Ang): 12.0402267000  -2.3020928000  6.7080061000
Henry: MM Charge: -0.8200000000, xyz (Ang): -11.2330138000  -6.4500031000  -2.7850140000
Henry: MM Charge: 0.4100000000, xyz (Ang): -10.3397466000  -5.8679281000  -2.7649482000
Henry: MM Charge: 0.4100000000, xyz (Ang): -11.3639948000  -6.8289829000  -1.8127686000
Henry: MM Charge: -0.8200000000, xyz (Ang): -12.6930030000  0.5519997000  -2.4699956000
Henry: MM Charge: 0.4100000000, xyz (Ang): -12.6999498000  1.3279438000  -1.8070610000
Henry: MM Charge: 0.4100000000, xyz (Ang): -13.3850183000  0.7210215000  -3.1980299000
Henry: MM Charge: -0.8200000000, xyz (Ang): -4.5149778000  -6.8530065000  -12.3760243000
Henry: MM Charge: 0.4100000000, xyz (Ang): -5.2163291000  -6.5637835000  -11.6026893000
Henry: MM Charge: 0.4100000000, xyz (Ang): -4.0140247000  -6.0171019000  -12.6589366000
Henry: MM Charge: -0.8200000000, xyz (Ang): -7.4439806000  -9.3240179000  -1.3219734000
Henry: MM Charge: 0.4100000000, xyz (Ang): -7.9930675000  -8.8759377000  -0.5649965000
Henry: MM Charge: 0.4100000000, xyz (Ang): -7.9411882000  -8.9917871000  -2.2384519000
Henry: MM Charge: -0.8200000000, xyz (Ang): -3.3079987000  -4.3299917000  -9.8260019000
Henry: MM Charge: 0.4100000000, xyz (Ang): -3.7489773000  -3.9589615000  -10.6609380000
Henry: MM Charge: 0.4100000000, xyz (Ang): -3.4010430000  -5.3720506000  -9.8169672000
Henry: MM Charge: -0.8200000000, xyz (Ang): 8.2719948000  -7.6160103000  0.8940042000
Henry: MM Charge: 0.4100000000, xyz (Ang): 8.1349266000  -7.3540901000  -0.0899699000
Henry: MM Charge: 0.4100000000, xyz (Ang): 7.7071385000  -8.4187729000  0.9728816000
Henry: MM Charge: -0.8200000000, xyz (Ang): -0.1349939000  0.6020113000  10.8769963000
Henry: MM Charge: 0.4100000000, xyz (Ang): -0.7410140000  1.4030259000  10.6389398000
Henry: MM Charge: 0.4100000000, xyz (Ang): -0.6559595000  -0.0600537000  11.4710429000
Henry: MM Charge: -0.8200000000, xyz (Ang): -0.3319900000  -0.0889896000  -8.0850087000
Henry: MM Charge: 0.4100000000, xyz (Ang): 0.2658547000  -0.1240050000  -8.8908409000
Henry: MM Charge: 0.4100000000, xyz (Ang): -0.3510138000  0.8808817000  -7.7869982000
Henry: MM Charge: -0.8200000000, xyz (Ang): -0.6129969000  -7.3689983000  7.5180023000
Henry: MM Charge: 0.4100000000, xyz (Ang): 0.3178726000  -7.1630456000  7.8528891000
Henry: MM Charge: 0.4100000000, xyz (Ang): -0.7459748000  -6.8510275000  6.6580575000
Henry: MM Charge: -0.8200000000, xyz (Ang): -10.1559924000  -2.5480148000  -0.3120001000
Henry: MM Charge: 0.4100000000, xyz (Ang): -10.6800092000  -3.2709513000  0.2019952000
Henry: MM Charge: 0.4100000000, xyz (Ang): -9.1861199000  -2.7998858000  -0.4919904000
Henry: MM Charge: -0.8200000000, xyz (Ang): 7.0270017000  2.2670091000  1.8210038000
Henry: MM Charge: 0.4100000000, xyz (Ang): 7.0280312000  1.6968775000  0.9368716000
Henry: MM Charge: 0.4100000000, xyz (Ang): 6.3028889000  1.9099676000  2.4770584000
Henry: MM Charge: -0.8200000000, xyz (Ang): -3.5479929000  -4.3400156000  -12.8519922000
Henry: MM Charge: 0.4100000000, xyz (Ang): -3.9661152000  -3.5847933000  -13.4451248000
Henry: MM Charge: 0.4100000000, xyz (Ang): -2.5820252000  -4.1079869000  -12.6359863000
Henry: MM Charge: -0.8200000000, xyz (Ang): 4.4899934000  12.2839873000  -7.7770070000
Henry: MM Charge: 0.4100000000, xyz (Ang): 4.9249843000  11.3368709000  -7.6449816000
Henry: MM Charge: 0.4100000000, xyz (Ang): 5.0930397000  13.1352722000  -7.6999747000
Henry: MM Charge: -0.8200000000, xyz (Ang): 1.5380024000  9.0470106000  -8.7239992000
Henry: MM Charge: 0.4100000000, xyz (Ang): 1.9389511000  8.5539865000  -9.5460890000
Henry: MM Charge: 0.4100000000, xyz (Ang): 1.7639154000  10.0398855000  -8.7849690000
Henry: MM Charge: -0.8200000000, xyz (Ang): -7.2689964000  5.2429937000  -1.2269913000
Henry: MM Charge: 0.4100000000, xyz (Ang): -7.0759689000  4.5899074000  -2.0341274000
Henry: MM Charge: 0.4100000000, xyz (Ang): -7.9100138000  5.9501494000  -1.6260395000
Henry: MM Charge: -0.8200000000, xyz (Ang): 5.3649814000  3.3449918000  9.2029996000
Henry: MM Charge: 0.4100000000, xyz (Ang): 4.5169766000  3.8609972000  9.4790122000
Henry: MM Charge: 0.4100000000, xyz (Ang): 6.2112843000  3.9690808000  9.1349450000
Henry: MM Charge: -0.8200000000, xyz (Ang): -5.9969968000  -2.8830039000  -4.4809962000
Henry: MM Charge: 0.4100000000, xyz (Ang): -5.6789837000  -2.3989667000  -5.3280802000
Henry: MM Charge: 0.4100000000, xyz (Ang): -6.9050544000  -2.4249488000  -4.2279503000
Henry: MM Charge: -0.8200000000, xyz (Ang): 7.6619864000  -4.3880218000  0.4340085000
Henry: MM Charge: 0.4100000000, xyz (Ang): 6.7601245000  -4.1449437000  0.8419373000
Henry: MM Charge: 0.4100000000, xyz (Ang): 7.9540446000  -5.3316966000  0.4129313000
Henry: MM Charge: -0.8200000000, xyz (Ang): 2.0809842000  -3.3629999000  8.2570001000
Henry: MM Charge: 0.4100000000, xyz (Ang): 2.2109945000  -2.6969776000  7.4589117000
Henry: MM Charge: 0.4100000000, xyz (Ang): 3.0202120000  -3.4910212000  8.7270260000
Henry: MM Charge: -0.8200000000, xyz (Ang): 7.1739794000  8.5639870000  -5.5739837000
Henry: MM Charge: 0.4100000000, xyz (Ang): 7.3020839000  9.1089520000  -4.7281765000
Henry: MM Charge: 0.4100000000, xyz (Ang): 6.5812302000  7.7501653000  -5.5680738000
Henry: MM Charge: -0.8200000000, xyz (Ang): 2.8770103000  7.5989941000  -10.6079861000
Henry: MM Charge: 0.4100000000, xyz (Ang): 2.3589883000  7.8849516000  -11.4380337000
Henry: MM Charge: 0.4100000000, xyz (Ang): 3.1849025000  6.6631215000  -10.8661054000
Henry: MM Charge: -0.8200000000, xyz (Ang): -4.0480000000  5.2079998000  -0.3340007000
Henry: MM Charge: 0.4100000000, xyz (Ang): -3.9849984000  5.4779990000  -1.3309926000
Henry: MM Charge: 0.4100000000, xyz (Ang): -4.6739993000  5.9330001000  0.0540030000
Henry: MM Charge: -0.8200000000, xyz (Ang): 8.6469860000  4.8280156000  -6.7460220000
Henry: MM Charge: 0.4100000000, xyz (Ang): 8.9089863000  5.7669134000  -6.4099908000
Henry: MM Charge: 0.4100000000, xyz (Ang): 7.9822264000  4.8009010000  -7.4898599000
Henry: MM Charge: -0.8200000000, xyz (Ang): 0.5310196000  -12.8049762000  -3.5840086000
Henry: MM Charge: 0.4100000000, xyz (Ang): 0.4439293000  -13.8564828000  -3.7560385000
Henry: MM Charge: 0.4100000000, xyz (Ang): -0.3142202000  -12.4859631000  -3.0408244000
Henry: MM Charge: -0.8200000000, xyz (Ang): 5.8069798000  -5.5010043000  3.0790315000
Henry: MM Charge: 0.4100000000, xyz (Ang): 5.5730725000  -6.4429133000  2.7379389000
Henry: MM Charge: 0.4100000000, xyz (Ang): 5.3522161000  -5.1690119000  3.8966512000
Henry: MM Charge: -0.8200000000, xyz (Ang): 2.1250087000  2.7049940000  -11.9390047000
Henry: MM Charge: 0.4100000000, xyz (Ang): 2.6930638000  2.8260114000  -12.7729696000
Henry: MM Charge: 0.4100000000, xyz (Ang): 1.1338254000  3.0440532000  -12.0389751000
Henry: MM Charge: -0.8200000000, xyz (Ang): 4.3949747000  -3.8340055000  9.7420076000
Henry: MM Charge: 0.4100000000, xyz (Ang): 5.0791778000  -3.6458873000  8.9226413000
Henry: MM Charge: 0.4100000000, xyz (Ang): 4.9261702000  -4.0210284000  10.6373050000
Henry: MM Charge: -0.8200000000, xyz (Ang): 6.6119855000  2.7050065000  -9.2239805000
Henry: MM Charge: 0.4100000000, xyz (Ang): 6.4070094000  3.4388255000  -8.5601149000
Henry: MM Charge: 0.4100000000, xyz (Ang): 7.3862432000  3.0210974000  -9.8652152000
Henry: MM Charge: -0.8200000000, xyz (Ang): 6.9369930000  -0.3989987000  7.2370285000
Henry: MM Charge: 0.4100000000, xyz (Ang): 7.4811232000  0.1351193000  6.4998371000
Henry: MM Charge: 0.4100000000, xyz (Ang): 6.8490338000  0.1618710000  8.0567683000
Henry: MM Charge: -0.8200000000, xyz (Ang): -4.4079816000  11.3920050000  -3.8919954000
Henry: MM Charge: 0.4100000000, xyz (Ang): -5.4072452000  11.3550373000  -4.2400233000
Henry: MM Charge: 0.4100000000, xyz (Ang): -4.4800370000  12.0918564000  -3.1700720000
Henry: MM Charge: -0.8200000000, xyz (Ang): -4.6859993000  2.9339991000  -3.7500000000
Henry: MM Charge: 0.4100000000, xyz (Ang): -4.4500019000  2.8930065000  -2.7339932000
Henry: MM Charge: 0.4100000000, xyz (Ang): -3.9560049000  2.3950071000  -4.2460010000
Henry: MM Charge: -0.8200000000, xyz (Ang): 6.8189917000  -1.6430003000  -8.2010117000
Henry: MM Charge: 0.4100000000, xyz (Ang): 6.9639745000  -1.6620194000  -7.1507837000
Henry: MM Charge: 0.4100000000, xyz (Ang): 7.7211165000  -1.6390156000  -8.7000595000
Henry: MM Charge: -0.8200000000, xyz (Ang): -2.8519943000  -6.7780032000  8.9279997000
Henry: MM Charge: 0.4100000000, xyz (Ang): -1.8940798000  -7.0108733000  8.6810984000
Henry: MM Charge: 0.4100000000, xyz (Ang): -2.7179439000  -5.8951041000  9.4159312000
Henry: MM Charge: -0.8200000000, xyz (Ang): -3.5939985000  -5.4689978000  -2.3049997000
Henry: MM Charge: 0.4100000000, xyz (Ang): -4.2440088000  -6.1250117000  -1.8199967000
Henry: MM Charge: 0.4100000000, xyz (Ang): -3.9630142000  -4.5240129000  -2.1090035000
Henry: MM Charge: -0.8200000000, xyz (Ang): 1.6629834000  2.2479828000  11.6909877000
Henry: MM Charge: 0.4100000000, xyz (Ang): 1.4809823000  2.7570031000  12.5550327000
Henry: MM Charge: 0.4100000000, xyz (Ang): 0.9751339000  1.5071534000  11.6771502000
Henry: MM Charge: -0.8200000000, xyz (Ang): 3.0259896000  -9.2450098000  -6.0660122000
Henry: MM Charge: 0.4100000000, xyz (Ang): 2.2429783000  -9.7560318000  -5.6140801000
Henry: MM Charge: 0.4100000000, xyz (Ang): 3.7181555000  -8.8368606000  -5.3848877000
Henry: MM Charge: -0.8200000000, xyz (Ang): -5.8369966000  -9.8779858000  4.4129871000
Henry: MM Charge: 0.4100000000, xyz (Ang): -5.8350591000  -10.8411750000  4.8141548000
Henry: MM Charge: 0.4100000000, xyz (Ang): -5.0349949000  -9.7009884000  3.7930305000
Henry: MM Charge: -0.8200000000, xyz (Ang): -11.9649808000  4.3689696000  -3.6240098000
Henry: MM Charge: 0.4100000000, xyz (Ang): -12.1449620000  5.1792417000  -2.9898020000
Henry: MM Charge: 0.4100000000, xyz (Ang): -11.0792541000  4.0352403000  -3.3290037000
Henry: MM Charge: -0.8200000000, xyz (Ang): -6.5559910000  10.5780049000  4.7089901000
Henry: MM Charge: 0.4100000000, xyz (Ang): -5.8850270000  9.8170091000  4.9020516000
Henry: MM Charge: 0.4100000000, xyz (Ang): -7.2340557000  10.5209546000  5.4820735000
Henry: MM Charge: -0.8200000000, xyz (Ang): -0.3930100000  10.0309905000  4.6369930000
Henry: MM Charge: 0.4100000000, xyz (Ang): -0.2400332000  9.4318795000  3.8040098000
Henry: MM Charge: 0.4100000000, xyz (Ang): 0.1201114000  10.9462442000  4.6701279000
Henry: MM Charge: -0.8200000000, xyz (Ang): -1.7629908000  3.8070121000  6.2959882000
Henry: MM Charge: 0.4100000000, xyz (Ang): -1.6490084000  4.5178128000  5.5951513000
Henry: MM Charge: 0.4100000000, xyz (Ang): -0.8881319000  3.3840172000  6.5690141000
Henry: MM Charge: -0.8200000000, xyz (Ang): -3.6309849000  -11.6990176000  -5.8289944000
Henry: MM Charge: 0.4100000000, xyz (Ang): -3.0479913000  -10.8670820000  -5.9109403000
Henry: MM Charge: 0.4100000000, xyz (Ang): -3.0072632000  -12.3816465000  -5.5610844000
Henry: MM Charge: -0.8200000000, xyz (Ang): -4.5889848000  0.1400067000  -9.4029890000
Henry: MM Charge: 0.4100000000, xyz (Ang): -3.8401091000  -0.4469028000  -9.0850606000
Henry: MM Charge: 0.4100000000, xyz (Ang): -5.2761646000  -0.5122138000  -9.9011416000
Henry: MM Charge: -0.8200000000, xyz (Ang): -8.7579918000  6.7409877000  2.3750031000
Henry: MM Charge: 0.4100000000, xyz (Ang): -8.2290062000  7.5890051000  2.1269383000
Henry: MM Charge: 0.4100000000, xyz (Ang): -8.1211462000  5.9711108000  2.4629848000
Henry: MM Charge: -0.8200000000, xyz (Ang): -1.9860000000  8.4319994000  -1.6530000000
Henry: MM Charge: 0.4100000000, xyz (Ang): -1.8799998000  7.9219985000  -0.7549980000
Henry: MM Charge: 0.4100000000, xyz (Ang): -1.1289985000  8.2720004000  -2.2009993000
Henry: MM Charge: -0.8200000000, xyz (Ang): 5.8099991000  -1.4680001000  -3.3980004000
Henry: MM Charge: 0.4100000000, xyz (Ang): 4.7910072000  -1.6189999000  -3.2999949000
Henry: MM Charge: 0.4100000000, xyz (Ang): 5.9750038000  -0.4499970000  -3.3499952000
Henry: MM Charge: -0.8200000000, xyz (Ang): -8.0439930000  5.1360050000  6.4170153000
Henry: MM Charge: 0.4100000000, xyz (Ang): -7.9610555000  5.8200570000  5.6107408000
Henry: MM Charge: 0.4100000000, xyz (Ang): -8.8810995000  4.5649118000  6.2549309000
Henry: MM Charge: -0.8200000000, xyz (Ang): 2.8250087000  0.1499804000  9.7479915000
Henry: MM Charge: 0.4100000000, xyz (Ang): 2.6550717000  0.9570862000  10.3821274000
Henry: MM Charge: 0.4100000000, xyz (Ang): 3.4758399000  -0.3927865000  10.2809117000
Henry: MM Charge: -0.8200000000, xyz (Ang): 9.2529904000  0.6399952000  -6.0400028000
Henry: MM Charge: 0.4100000000, xyz (Ang): 9.5990292000  0.7950107000  -6.9859903000
Henry: MM Charge: 0.4100000000, xyz (Ang): 8.8081070000  -0.2609225000  -5.8909485000
Henry: MM Charge: -0.8200000000, xyz (Ang): 6.0479962000  -6.4080009000  7.2010090000
Henry: MM Charge: 0.4100000000, xyz (Ang): 6.2999460000  -6.2419358000  8.1869581000
Henry: MM Charge: 0.4100000000, xyz (Ang): 6.7810438000  -6.9739988000  6.7238872000
Henry: MM Charge: -0.8200000000, xyz (Ang): -11.1969693000  5.7849675000  1.9229974000
Henry: MM Charge: 0.4100000000, xyz (Ang): -11.7542274000  6.6884786000  2.0910584000
Henry: MM Charge: 0.4100000000, xyz (Ang): -10.2401960000  6.0790081000  2.0999573000
Henry: MM Charge: -0.8200000000, xyz (Ang): 4.5469912000  5.0160128000  5.8450196000
Henry: MM Charge: 0.4100000000, xyz (Ang): 4.1209587000  4.8858730000  4.8666670000
Henry: MM Charge: 0.4100000000, xyz (Ang): 4.1021378000  5.7179567000  6.4570745000
Henry: MM Charge: -0.8200000000, xyz (Ang): -3.2210069000  -12.5930258000  1.4150063000
Henry: MM Charge: 0.4100000000, xyz (Ang): -3.0269279000  -11.7156210000  0.8369433000
Henry: MM Charge: 0.4100000000, xyz (Ang): -2.9249789000  -12.2399099000  2.3169767000
Henry: MM Charge: -0.8200000000, xyz (Ang): -8.3450199000  4.9249906000  -5.8350173000
Henry: MM Charge: 0.4100000000, xyz (Ang): -9.0356166000  4.7611732000  -6.4736648000
Henry: MM Charge: 0.4100000000, xyz (Ang): -8.4080524000  5.9269690000  -5.6440822000
Henry: MM Charge: -0.8200000000, xyz (Ang): 2.3090005000  9.0959983000  -4.6190094000
Henry: MM Charge: 0.4100000000, xyz (Ang): 2.7439618000  8.7080508000  -5.4458958000
Henry: MM Charge: 0.4100000000, xyz (Ang): 1.8040400000  9.9579606000  -4.8429459000
Henry: MM Charge: -0.8200000000, xyz (Ang): 3.0889978000  -1.6689996000  -3.0310003000
Henry: MM Charge: 0.4100000000, xyz (Ang): 2.8270190000  -0.7850243000  -2.5850165000
Henry: MM Charge: 0.4100000000, xyz (Ang): 2.5770176000  -1.7329998000  -3.9300026000
Henry: MM Charge: -0.8200000000, xyz (Ang): 12.0929715000  1.9799953000  -2.2760168000
Henry: MM Charge: 0.4100000000, xyz (Ang): 13.0023122000  1.8159041000  -1.7618125000
Henry: MM Charge: 0.4100000000, xyz (Ang): 11.8221052000  1.0951465000  -2.6528774000
Henry: MM Charge: -0.8200000000, xyz (Ang): 0.4979970000  -1.9919767000  10.3959981000
Henry: MM Charge: 0.4100000000, xyz (Ang): 0.4890036000  -0.9973188000  10.3810727000
Henry: MM Charge: 0.4100000000, xyz (Ang): 0.8529952000  -2.3700240000  9.5069875000
Henry: MM Charge: -0.8200000000, xyz (Ang): 10.7219982000  4.0280068000  -7.9660055000
Henry: MM Charge: 0.4100000000, xyz (Ang): 9.9979389000  4.2039577000  -7.2167839000
Henry: MM Charge: 0.4100000000, xyz (Ang): 11.6209589000  3.9539756000  -7.5180084000
Henry: MM Charge: -0.8200000000, xyz (Ang): -5.1379946000  -1.0289997000  6.8130296000
Henry: MM Charge: 0.4100000000, xyz (Ang): -5.7622244000  -1.3981041000  6.0296319000
Henry: MM Charge: 0.4100000000, xyz (Ang): -5.4908420000  -1.1399019000  7.7558514000
Henry: MM Charge: -0.8200000000, xyz (Ang): 0.8170011000  -9.9999902000  0.2270002000
Henry: MM Charge: 0.4100000000, xyz (Ang): 1.0549850000  -9.2101071000  0.8099804000
Henry: MM Charge: 0.4100000000, xyz (Ang): 1.3000582000  -10.7991082000  0.7100753000
Henry: MM Charge: -0.8200000000, xyz (Ang): -0.0020277000  -8.7479915000  3.9139993000
Henry: MM Charge: 0.4100000000, xyz (Ang): 1.0293281000  -8.9880600000  4.0069942000
Henry: MM Charge: 0.4100000000, xyz (Ang): -0.1329720000  -7.9050582000  4.4800178000
Henry: MM Charge: -0.8200000000, xyz (Ang): 10.3030114000  -0.8479996000  4.4589992000
Henry: MM Charge: 0.4100000000, xyz (Ang): 11.0508895000  -0.3090135000  4.0180489000
Henry: MM Charge: 0.4100000000, xyz (Ang): 10.6109356000  -1.2270104000  5.3669648000
Henry: MM Charge: -0.8200000000, xyz (Ang): -10.6189881000  2.0370275000  3.8469959000
Henry: MM Charge: 0.4100000000, xyz (Ang): -10.9932186000  1.0586902000  3.9940357000
Henry: MM Charge: 0.4100000000, xyz (Ang): -11.4739260000  2.5208430000  3.6420339000
Henry: MM Charge: -0.8200000000, xyz (Ang): -6.8329971000  -0.6750175000  1.5330018000
Henry: MM Charge: 0.4100000000, xyz (Ang): -7.0480441000  0.1521565000  2.1550472000
Henry: MM Charge: 0.4100000000, xyz (Ang): -7.0329813000  -1.5298975000  2.0199341000
Henry: MM Charge: -0.8200000000, xyz (Ang): -7.4400367000  7.2989873000  5.0990218000
Henry: MM Charge: 0.4100000000, xyz (Ang): -6.4735430000  7.6012098000  4.6386192000
Henry: MM Charge: 0.4100000000, xyz (Ang): -8.0558125000  7.8359541000  4.5280601000
Henry: MM Charge: -0.8200000000, xyz (Ang): 7.2660094000  5.3469962000  4.6379894000
Henry: MM Charge: 0.4100000000, xyz (Ang): 6.3689480000  5.1370131000  5.1180792000
Henry: MM Charge: 0.4100000000, xyz (Ang): 7.3139489000  6.3700375000  4.6860539000
Henry: MM Charge: -0.8200000000, xyz (Ang): 1.5889863000  -6.1650012000  -13.1620448000
Henry: MM Charge: 0.4100000000, xyz (Ang): 1.6019935000  -6.1199113000  -12.0603939000
Henry: MM Charge: 0.4100000000, xyz (Ang): 0.6932084000  -5.9210453000  -13.4898989000
Henry: MM Charge: -0.8200000000, xyz (Ang): 0.5459989000  -5.1860018000  -7.7310003000
Henry: MM Charge: 0.4100000000, xyz (Ang): -0.1289364000  -4.9530064000  -6.9990420000
Henry: MM Charge: 0.4100000000, xyz (Ang): 1.1880052000  -5.8920014000  -7.3200073000
Henry: MM Charge: -0.8200000000, xyz (Ang): -1.0200026000  8.6669989000  -9.5339893000
Henry: MM Charge: 0.4100000000, xyz (Ang): -1.0429757000  8.3390300000  -10.5211776000
Henry: MM Charge: 0.4100000000, xyz (Ang): -0.0809582000  8.5029728000  -9.1290131000
Henry: MM Charge: -0.8200000000, xyz (Ang): 0.7640087000  2.5440016000  6.9190063000
Henry: MM Charge: 0.4100000000, xyz (Ang): 1.5809729000  1.9090138000  6.9769481000
Henry: MM Charge: 0.4100000000, xyz (Ang): 0.9119485000  3.3549935000  7.5600136000
Henry: MM Charge: -0.8200000000, xyz (Ang): -1.0709856000  -9.9989714000  7.5449992000
Henry: MM Charge: 0.4100000000, xyz (Ang): -2.0590632000  -10.0799557000  7.8839886000
Henry: MM Charge: 0.4100000000, xyz (Ang): -0.8970819000  -9.0414999000  7.4480359000
Henry: MM Charge: -0.8200000000, xyz (Ang): 0.8230116000  -10.2400043000  9.2950071000
Henry: MM Charge: 0.4100000000, xyz (Ang): 0.4299768000  -9.8219832000  10.1600013000
Henry: MM Charge: 0.4100000000, xyz (Ang): 0.0587823000  -10.1249061000  8.5557935000
Henry: MM Charge: -0.8200000000, xyz (Ang): -9.5399961000  -3.1449940000  -7.3970250000
Henry: MM Charge: 0.4100000000, xyz (Ang): -9.8359536000  -3.1670190000  -8.3286352000
Henry: MM Charge: 0.4100000000, xyz (Ang): -8.6681445000  -2.6470587000  -7.2669529000
Henry: MM Charge: -0.8200000000, xyz (Ang): -0.3580076000  -8.3130111000  -10.1109874000
Henry: MM Charge: 0.4100000000, xyz (Ang): -0.3610111000  -8.6320051000  -11.0931296000
Henry: MM Charge: 0.4100000000, xyz (Ang): 0.4640403000  -7.7039802000  -9.9509444000
Henry: MM Charge: -0.8200000000, xyz (Ang): 0.4659667000  11.1079985000  -5.5669835000
Henry: MM Charge: 0.4100000000, xyz (Ang): 0.8361314000  12.0801664000  -5.7740025000
Henry: MM Charge: 0.4100000000, xyz (Ang): -0.3256019000  11.2229099000  -5.0072677000
Henry: MM Charge: -0.8200000000, xyz (Ang): 8.7290029000  3.2349958000  -1.8350376000
Henry: MM Charge: 0.4100000000, xyz (Ang): 7.9118624000  3.6550843000  -1.3007473000
Henry: MM Charge: 0.4100000000, xyz (Ang): 8.5971108000  3.0920265000  -2.8157021000
Henry: MM Charge: -0.8200000000, xyz (Ang): -3.6479942000  8.7010050000  2.2940041000
Henry: MM Charge: 0.4100000000, xyz (Ang): -3.6980459000  8.1600234000  1.4209211000
Henry: MM Charge: 0.4100000000, xyz (Ang): -3.8009976000  9.6548684000  2.0159744000
Henry: MM Charge: -0.8200000000, xyz (Ang): -8.1710061000  -1.3729964000  -4.0180021000
Henry: MM Charge: 0.4100000000, xyz (Ang): -9.0738992000  -1.3379962000  -3.5299956000
Henry: MM Charge: 0.4100000000, xyz (Ang): -7.5489979000  -0.8600148000  -3.3879698000
Henry: MM Charge: -0.8200000000, xyz (Ang): 7.2179962000  -3.5229970000  -2.1479962000
Henry: MM Charge: 0.4100000000, xyz (Ang): 7.2190247000  -3.7760100000  -1.1570907000
Henry: MM Charge: 0.4100000000, xyz (Ang): 6.5470369000  -2.7820471000  -2.3880068000
Henry: MM Charge: -0.8200000000, xyz (Ang): -9.0390045000  -2.2190038000  3.8909960000
Henry: MM Charge: 0.4100000000, xyz (Ang): -8.7989479000  -1.5699571000  4.6610424000
Henry: MM Charge: 0.4100000000, xyz (Ang): -9.9469932000  -2.6529865000  4.0220023000
Henry: MM Charge: -0.8200000000, xyz (Ang): 2.5850102000  11.4690101000  -9.2930088000
Henry: MM Charge: 0.4100000000, xyz (Ang): 3.2508860000  11.9390619000  -8.6681219000
Henry: MM Charge: 0.4100000000, xyz (Ang): 2.5090501000  12.1108040000  -10.0176696000
Henry: MM Charge: -0.8200000000, xyz (Ang): -7.1269974000  11.1050020000  -4.2540083000
Henry: MM Charge: 0.4100000000, xyz (Ang): -7.9131051000  11.7521530000  -4.4460725000
Henry: MM Charge: 0.4100000000, xyz (Ang): -7.2049405000  10.4048303000  -3.4637881000
Henry: MM Charge: -0.8200000000, xyz (Ang): 1.6009908000  -2.0490085000  12.9619472000
Henry: MM Charge: 0.4100000000, xyz (Ang): 1.1222969000  -1.9590303000  12.1415782000
Henry: MM Charge: 0.4100000000, xyz (Ang): 1.1238322000  -1.4727891000  13.7072392000
Henry: MM Charge: -0.8200000000, xyz (Ang): -0.2220014000  1.4239971000  -5.0419976000
Henry: MM Charge: 0.4100000000, xyz (Ang): -0.2279686000  0.9000708000  -4.1640507000
Henry: MM Charge: 0.4100000000, xyz (Ang): 0.7610132000  1.4260117000  -5.3690070000
Henry: MM Charge: -0.8200000000, xyz (Ang): -6.3860093000  -9.7130185000  8.6620122000
Henry: MM Charge: 0.4100000000, xyz (Ang): -5.8119030000  -8.9258309000  8.2388139000
Henry: MM Charge: 0.4100000000, xyz (Ang): -7.2430237000  -9.6478745000  8.0929674000
Henry: MM Charge: -0.8200000000, xyz (Ang): -11.5219924000  4.8499966000  -0.6159735000
Henry: MM Charge: 0.4100000000, xyz (Ang): -10.8060870000  4.1351407000  -0.5181043000
Henry: MM Charge: 0.4100000000, xyz (Ang): -11.7350482000  5.3519496000  0.2217056000
Henry: MM Charge: -0.8200000000, xyz (Ang): 6.4439916000  -12.5200098000  1.3679940000
Henry: MM Charge: 0.4100000000, xyz (Ang): 7.3480347000  -12.7119327000  0.9460592000
Henry: MM Charge: 0.4100000000, xyz (Ang): 6.6700900000  -11.9449408000  2.1880529000
Henry: MM Charge: -0.8200000000, xyz (Ang): 5.6039900000  8.7200076000  -0.2830039000
Henry: MM Charge: 0.4100000000, xyz (Ang): 6.6511424000  8.7230005000  -0.3709898000
Henry: MM Charge: 0.4100000000, xyz (Ang): 5.1729496000  9.6629908000  -0.3859422000
Henry: MM Charge: -0.8200000000, xyz (Ang): -1.2740002000  -6.9379978000  -2.2250000000
Henry: MM Charge: 0.4100000000, xyz (Ang): -2.0370009000  -6.2410178000  -2.2030000000
Henry: MM Charge: 0.4100000000, xyz (Ang): -0.9879977000  -7.0170108000  -3.2180013000
Henry: MM Charge: -0.8200000000, xyz (Ang): 0.8359994000  -8.8120135000  -2.3270030000
Henry: MM Charge: 0.4100000000, xyz (Ang): 0.9269737000  -9.2838271000  -1.4371221000
Henry: MM Charge: 0.4100000000, xyz (Ang): 0.2150433000  -8.0300118000  -2.0739017000
Henry: MM Charge: -0.8200000000, xyz (Ang): -0.6660023000  -3.9639994000  11.7839980000
Henry: MM Charge: 0.4100000000, xyz (Ang): -0.1259460000  -3.2610268000  11.2500153000
Henry: MM Charge: 0.4100000000, xyz (Ang): -0.0750036000  -4.7809517000  11.8959634000
Henry: MM Charge: -0.8200000000, xyz (Ang): -6.0289924000  7.8860065000  -5.4719861000
Henry: MM Charge: 0.4100000000, xyz (Ang): -5.3181080000  8.1629040000  -4.8281628000
Henry: MM Charge: 0.4100000000, xyz (Ang): -6.9800097000  7.8599988000  -5.1000461000
Henry: MM Charge: -0.8200000000, xyz (Ang): -7.4719908000  0.5229881000  -6.2490061000
Henry: MM Charge: 0.4100000000, xyz (Ang): -7.1739649000  -0.4068873000  -6.5249390000
Henry: MM Charge: 0.4100000000, xyz (Ang): -8.4961483000  0.5640673000  -6.0559840000
Henry: MM Charge: -0.8200000000, xyz (Ang): -2.1120019000  8.1250019000  8.7220072000
Henry: MM Charge: 0.4100000000, xyz (Ang): -2.5109339000  8.1609976000  9.6458945000
Henry: MM Charge: 0.4100000000, xyz (Ang): -1.6639653000  9.0158733000  8.5319886000
Henry: MM Charge: -0.8200000000, xyz (Ang): -11.7539928000  -2.2360135000  -6.0289921000
Henry: MM Charge: 0.4100000000, xyz (Ang): -10.8379651000  -2.6440309000  -6.2659443000
Henry: MM Charge: 0.4100000000, xyz (Ang): -12.0991180000  -1.5217645000  -6.7071496000
Henry: MM Charge: -0.8200000000, xyz (Ang): -3.4130007000  -5.0150001000  2.3899981000
Henry: MM Charge: 0.4100000000, xyz (Ang): -3.6849930000  -5.2739948000  3.3520073000
Henry: MM Charge: 0.4100000000, xyz (Ang): -2.4269887000  -5.2909916000  2.2350166000
Henry: MM Charge: -0.8200000000, xyz (Ang): -2.9480002000  5.0940008000  2.1740000000
Henry: MM Charge: 0.4100000000, xyz (Ang): -2.4639926000  4.2219795000  2.4719978000
Henry: MM Charge: 0.4100000000, xyz (Ang): -3.3089974000  4.9919924000  1.2079980000
Henry: MM Charge: -0.8200000000, xyz (Ang): -4.4230148000  2.5160088000  -11.6069998000
Henry: MM Charge: 0.4100000000, xyz (Ang): -5.3827300000  2.6689429000  -11.3710023000
Henry: MM Charge: 0.4100000000, xyz (Ang): -4.1189966000  1.6799380000  -11.0979657000
Henry: MM Charge: -0.8200000000, xyz (Ang): 4.9499996000  2.4280204000  6.7280136000
Henry: MM Charge: 0.4100000000, xyz (Ang): 5.1319693000  2.5579593000  7.6966951000
Henry: MM Charge: 0.4100000000, xyz (Ang): 4.8410711000  3.3687217000  6.4061532000
Henry: MM Charge: -0.8200000000, xyz (Ang): -2.7419931000  0.1529850000  -13.7360046000
Henry: MM Charge: 0.4100000000, xyz (Ang): -3.2990800000  1.0261791000  -13.6859658000
Henry: MM Charge: 0.4100000000, xyz (Ang): -1.8580348000  0.3680571000  -13.2529666000
Henry: MM Charge: -0.8200000000, xyz (Ang): -5.2860144000  11.8409847000  2.7900199000
Henry: MM Charge: 0.4100000000, xyz (Ang): -4.6500031000  12.4830375000  3.2700048000
Henry: MM Charge: 0.4100000000, xyz (Ang): -5.8748128000  11.4441556000  3.4837333000
Henry: MM Charge: -0.8200000000, xyz (Ang): -0.2359656000  -8.7899884000  11.3249947000
Henry: MM Charge: 0.4100000000, xyz (Ang): -1.0820953000  -8.2098502000  11.5690410000
Henry: MM Charge: 0.4100000000, xyz (Ang): 0.4725166000  -8.1383004000  11.2580402000
Henry: MM Charge: -0.8200000000, xyz (Ang): -4.6010068000  -2.9460030000  12.1259809000
Henry: MM Charge: 0.4100000000, xyz (Ang): -4.4459109000  -2.5919096000  13.0952162000
Henry: MM Charge: 0.4100000000, xyz (Ang): -4.0469767000  -2.3749932000  11.4990660000
Henry: MM Charge: -0.8200000000, xyz (Ang): -8.2129940000  -0.0459757000  -9.6749899000
Henry: MM Charge: 0.4100000000, xyz (Ang): -8.0872079000  0.8410102000  -9.1909990000
Henry: MM Charge: 0.4100000000, xyz (Ang): -7.4688120000  -0.7484869000  -10.0481861000
Henry: MM Charge: -0.8200000000, xyz (Ang): -6.8039974000  -2.0550104000  -7.5189876000
Henry: MM Charge: 0.4100000000, xyz (Ang): -5.9571219000  -2.5129142000  -7.2369914000
Henry: MM Charge: 0.4100000000, xyz (Ang): -6.6229304000  -1.6919364000  -8.4821922000
Henry: MM Charge: -0.8200000000, xyz (Ang): 4.7959885000  -1.3480141000  10.7580039000
Henry: MM Charge: 0.4100000000, xyz (Ang): 4.5559836000  -2.1589713000  10.1729896000
Henry: MM Charge: 0.4100000000, xyz (Ang): 5.4751492000  -0.6948125000  10.2848981000
Henry: MM Charge: -0.8200000000, xyz (Ang): 3.8420139000  9.8870187000  9.1800189000
Henry: MM Charge: 0.4100000000, xyz (Ang): 4.5441901000  9.1547292000  8.8829565000
Henry: MM Charge: 0.4100000000, xyz (Ang): 2.9355419000  9.8329651000  8.6187725000
Henry: MM Charge: -0.8200000000, xyz (Ang): 10.9319988000  4.4090213000  -0.7240012000
Henry: MM Charge: 0.4100000000, xyz (Ang): 11.7990706000  3.9038674000  -0.4869530000
Henry: MM Charge: 0.4100000000, xyz (Ang): 10.3079312000  3.6367297000  -1.0840123000
Henry: MM Charge: -0.8200000000, xyz (Ang): 4.8879990000  -3.0949921000  -11.7670076000
Henry: MM Charge: 0.4100000000, xyz (Ang): 4.3670519000  -3.5959162000  -12.4619320000
Henry: MM Charge: 0.4100000000, xyz (Ang): 4.8889372000  -2.1201951000  -12.0100053000
Henry: MM Charge: -0.8200000000, xyz (Ang): -5.0710178000  -7.5840120000  7.5870044000
Henry: MM Charge: 0.4100000000, xyz (Ang): -4.1737275000  -7.0827687000  7.9050026000
Henry: MM Charge: 0.4100000000, xyz (Ang): -5.0449859000  -7.5809849000  6.5588912000
Henry: MM Charge: -0.8200000000, xyz (Ang): 2.7530004000  -5.5110018000  3.0110001000
Henry: MM Charge: 0.4100000000, xyz (Ang): 2.4869938000  -5.2289826000  3.9659902000
Henry: MM Charge: 0.4100000000, xyz (Ang): 3.2339986000  -6.4099908000  3.0390016000
Henry: MM Charge: -0.8200000000, xyz (Ang): -3.4350013000  4.5450118000  -8.3880045000
Henry: MM Charge: 0.4100000000, xyz (Ang): -4.2469015000  4.9468251000  -7.9520154000
Henry: MM Charge: 0.4100000000, xyz (Ang): -3.4940570000  3.5529381000  -8.0559126000
Henry: MM Charge: -0.8200000000, xyz (Ang): 9.1629794000  0.1189868000  9.8190029000
Henry: MM Charge: 0.4100000000, xyz (Ang): 9.8031731000  0.9312349000  9.6549451000
Henry: MM Charge: 0.4100000000, xyz (Ang): 8.1950845000  0.3400072000  9.6180087000
Henry: MM Charge: -0.8200000000, xyz (Ang): -7.2039823000  -0.5829756000  -1.3400078000
Henry: MM Charge: 0.4100000000, xyz (Ang): -6.7451763000  -0.0083216000  -1.9988828000
Henry: MM Charge: 0.4100000000, xyz (Ang): -7.3600979000  -0.3131366000  -0.3670178000
Henry: MM Charge: -0.8200000000, xyz (Ang): -0.4510309000  0.7090303000  -12.1840100000
Henry: MM Charge: 0.4100000000, xyz (Ang): -0.9939381000  0.9649139000  -11.3720803000
Henry: MM Charge: 0.4100000000, xyz (Ang): 0.3284676000  0.0115920000  -11.8617689000
Henry: MM Charge: -0.8200000000, xyz (Ang): -4.5230000000  -5.6749943000  4.8230014000
Henry: MM Charge: 0.4100000000, xyz (Ang): -5.1109504000  -5.0490847000  5.3559682000
Henry: MM Charge: 0.4100000000, xyz (Ang): -5.1499952000  -6.3929937000  4.4320146000
Henry: MM Charge: -0.8200000000, xyz (Ang): 9.7620034000  0.9089888000  -0.9489889000
Henry: MM Charge: 0.4100000000, xyz (Ang): 9.3478955000  1.8491872000  -1.2330749000
Henry: MM Charge: 0.4100000000, xyz (Ang): 10.0219797000  0.5260182000  -1.8750608000
Henry: MM Charge: -0.8200000000, xyz (Ang): -5.5279941000  5.9160025000  9.3770084000
Henry: MM Charge: 0.4100000000, xyz (Ang): -5.6880268000  5.2329926000  10.1119860000
Henry: MM Charge: 0.4100000000, xyz (Ang): -5.5330924000  5.4378984000  8.4348022000
Henry: MM Charge: -0.8200000000, xyz (Ang): 8.3499960000  2.5289954000  -4.4059984000
Henry: MM Charge: 0.4100000000, xyz (Ang): 8.8881192000  1.8989348000  -5.0510421000
Henry: MM Charge: 0.4100000000, xyz (Ang): 8.4100036000  3.4930748000  -4.7709496000
Henry: MM Charge: -0.8200000000, xyz (Ang): 2.8359859000  6.5399799000  7.2620026000
Henry: MM Charge: 0.4100000000, xyz (Ang): 2.1592339000  5.9432293000  7.6629093000
Henry: MM Charge: 0.4100000000, xyz (Ang): 2.4979858000  7.5130651000  7.2850717000
Henry: MM Charge: -0.8200000000, xyz (Ang): 3.3450199000  -9.7280053000  8.5399873000
Henry: MM Charge: 0.4100000000, xyz (Ang): 3.2459633000  -8.7858988000  8.1049393000
Henry: MM Charge: 0.4100000000, xyz (Ang): 2.4267724000  -9.9500281000  9.0461664000
Henry: MM Charge: -0.8200000000, xyz (Ang): 4.9579961000  -8.2499803000  -3.9040206000
Henry: MM Charge: 0.4100000000, xyz (Ang): 5.1150421000  -9.1212101000  -3.3107535000
Henry: MM Charge: 0.4100000000, xyz (Ang): 5.8960452000  -7.9869463000  -4.2599075000
Henry: MM Charge: -0.8200000000, xyz (Ang): 5.0299886000  -7.9439905000  2.2999839000
Henry: MM Charge: 0.4100000000, xyz (Ang): 4.4091951000  -8.0690026000  1.5231545000
Henry: MM Charge: 0.4100000000, xyz (Ang): 5.0820281000  -8.8261185000  2.8420901000
Henry: MM Charge: -0.8200000000, xyz (Ang): 2.3549995000  -5.2020074000  13.1330052000
Henry: MM Charge: 0.4100000000, xyz (Ang): 2.2390780000  -4.1979828000  12.9899905000
Henry: MM Charge: 0.4100000000, xyz (Ang): 3.2959517000  -5.2839184000  13.4849454000
Henry: MM Charge: -0.8200000000, xyz (Ang): -6.5460178000  -11.9249845000  -1.4979814000
Henry: MM Charge: 0.4100000000, xyz (Ang): -5.7998531000  -11.9279675000  -2.2582872000
Henry: MM Charge: 0.4100000000, xyz (Ang): -6.9258319000  -11.0132881000  -1.5390429000
Henry: MM Charge: -0.8200000000, xyz (Ang): 2.2060003000  -4.9080010000  5.6360007000
Henry: MM Charge: 0.4100000000, xyz (Ang): 3.2429954000  -4.9219917000  5.6279933000
Henry: MM Charge: 0.4100000000, xyz (Ang): 1.9019971000  -4.4549921000  6.5009899000
Henry: MM Charge: -0.8200000000, xyz (Ang): -2.3649857000  -7.2670020000  11.8650020000
Henry: MM Charge: 0.4100000000, xyz (Ang): -3.1921774000  -7.3469747000  11.2449711000
Henry: MM Charge: 0.4100000000, xyz (Ang): -2.7420388000  -6.9879926000  12.7659676000
Henry: MM Charge: -0.8200000000, xyz (Ang): 4.8030016000  -10.7639980000  3.6440005000
Henry: MM Charge: 0.4100000000, xyz (Ang): 4.7250523000  -11.7340188000  3.9490078000
Henry: MM Charge: 0.4100000000, xyz (Ang): 5.8079222000  -10.5680250000  3.7339755000
Henry: MM Charge: -0.8200000000, xyz (Ang): -2.0459935000  11.8059845000  -1.1790071000
Henry: MM Charge: 0.4100000000, xyz (Ang): -2.2919286000  10.8330900000  -1.0599982000
Henry: MM Charge: 0.4100000000, xyz (Ang): -2.7461666000  12.4981915000  -0.8019075000
Henry: MM Charge: -0.8200000000, xyz (Ang): -2.9209979000  1.1389984000  -4.7649987000
Henry: MM Charge: 0.4100000000, xyz (Ang): -2.9880276000  0.5130179000  -3.9540078000
Henry: MM Charge: 0.4100000000, xyz (Ang): -1.9240130000  1.3330190000  -4.9620141000
Henry: MM Charge: -0.8200000000, xyz (Ang): 9.0139985000  11.5189779000  -0.1160023000
Henry: MM Charge: 0.4100000000, xyz (Ang): 9.9869190000  11.6909491000  0.0579902000
Henry: MM Charge: 0.4100000000, xyz (Ang): 8.8690740000  10.5513599000  -0.1499558000
Henry: MM Charge: -0.8200000000, xyz (Ang): -5.6010355000  -6.5060080000  1.5099957000
Henry: MM Charge: 0.4100000000, xyz (Ang): -4.5695449000  -6.1898302000  1.6470205000
Henry: MM Charge: 0.4100000000, xyz (Ang): -6.0118608000  -5.6640909000  1.1510337000
Henry: MM Charge: -0.8200000000, xyz (Ang): -3.3480013000  1.3620005000  5.0390001000
Henry: MM Charge: 0.4100000000, xyz (Ang): -2.6579915000  1.1879947000  5.7919948000
Henry: MM Charge: 0.4100000000, xyz (Ang): -4.2349881000  1.6309960000  5.4679964000
Henry: MM Charge: -0.8200000000, xyz (Ang): -2.7689701000  -7.0040112000  -10.1899794000
Henry: MM Charge: 0.4100000000, xyz (Ang): -3.1850934000  -7.1890014000  -11.1553264000
Henry: MM Charge: 0.4100000000, xyz (Ang): -1.8583280000  -7.3698054000  -10.1070098000
Henry: MM Charge: -0.8200000000, xyz (Ang): -0.8289922000  -13.1149938000  3.3789904000
Henry: MM Charge: 0.4100000000, xyz (Ang): -1.3551153000  -13.9601599000  3.6911023000
Henry: MM Charge: 0.4100000000, xyz (Ang): 0.1660038000  -13.2829632000  3.2800116000
Henry: MM Charge: -0.8200000000, xyz (Ang): -8.0350102000  10.3199949000  -0.1390183000
Henry: MM Charge: 0.4100000000, xyz (Ang): -8.7948308000  10.9598728000  -0.1150041000
Henry: MM Charge: 0.4100000000, xyz (Ang): -8.0990061000  9.7112016000  -0.9147009000
Henry: MM Charge: -0.8200000000, xyz (Ang): -7.5160142000  -3.0960077000  -0.6649965000
Henry: MM Charge: 0.4100000000, xyz (Ang): -7.4939773000  -2.0698506000  -0.9170180000
Henry: MM Charge: 0.4100000000, xyz (Ang): -6.5238610000  -3.3259812000  -0.8970123000
Henry: MM Charge: -0.8200000000, xyz (Ang): 4.2510013000  1.1490015000  0.7789981000
Henry: MM Charge: 0.4100000000, xyz (Ang): 3.7549975000  0.9569975000  -0.0949547000
Henry: MM Charge: 0.4100000000, xyz (Ang): 4.9339842000  0.3989897000  0.9420124000
Henry: MM Charge: -0.8200000000, xyz (Ang): 3.4100285000  -7.4989844000  -1.8599964000
Henry: MM Charge: 0.4100000000, xyz (Ang): 4.0408902000  -7.8319911000  -2.5858537000
Henry: MM Charge: 0.4100000000, xyz (Ang): 2.4797126000  -7.9051691000  -2.2111600000
Henry: MM Charge: -0.8200000000, xyz (Ang): -4.0549990000  -4.8819990000  -5.0899992000
Henry: MM Charge: 0.4100000000, xyz (Ang): -4.8530086000  -4.2620018000  -4.9030038000
Henry: MM Charge: 0.4100000000, xyz (Ang): -3.8530046000  -5.3820084000  -4.2130018000
Henry: MM Charge: -0.8200000000, xyz (Ang): 1.4110117000  9.1729896000  6.7749875000
Henry: MM Charge: 0.4100000000, xyz (Ang): 1.0029103000  9.4270689000  7.6961749000
Henry: MM Charge: 0.4100000000, xyz (Ang): 0.7049236000  9.4600839000  6.0740032000
Henry: MM Charge: -0.8200000000, xyz (Ang): -9.0689965000  -8.4829962000  -3.2989904000
Henry: MM Charge: 0.4100000000, xyz (Ang): -9.4220413000  -9.1932688000  -4.0002342000
Henry: MM Charge: 0.4100000000, xyz (Ang): -9.7380308000  -7.7147922000  -3.0408918000
Henry: MM Charge: -0.8200000000, xyz (Ang): 9.0340061000  -5.4490056000  -6.0889738000
Henry: MM Charge: 0.4100000000, xyz (Ang): 8.9760219000  -5.3379784000  -7.1363189000
Henry: MM Charge: 0.4100000000, xyz (Ang): 9.9568567000  -5.7489333000  -5.8700478000
Henry: MM Charge: -0.8200000000, xyz (Ang): 1.1579792000  -2.4819899000  -14.0489968000
Henry: MM Charge: 0.4100000000, xyz (Ang): 0.8079061000  -2.5870234000  -13.0829506000
Henry: MM Charge: 0.4100000000, xyz (Ang): 2.1254126000  -2.8781396000  -14.2271032000
Henry: MM Charge: -0.8200000000, xyz (Ang): -4.3259962000  6.2130136000  -2.8890194000
Henry: MM Charge: 0.4100000000, xyz (Ang): -4.5379602000  7.1717303000  -3.0779983000
Henry: MM Charge: 0.4100000000, xyz (Ang): -4.0251117000  5.8251886000  -3.7317047000
Henry: MM Charge: -0.8200000000, xyz (Ang): -7.3300058000  1.2969976000  3.3049942000
Henry: MM Charge: 0.4100000000, xyz (Ang): -8.0029756000  1.9469337000  2.9020417000
Henry: MM Charge: 0.4100000000, xyz (Ang): -6.6909359000  1.8420874000  3.9130522000
Henry: MM Charge: -0.8200000000, xyz (Ang): -4.9349973000  -3.0859989000  -1.9970000000
Henry: MM Charge: 0.4100000000, xyz (Ang): -4.4770282000  -2.1630028000  -1.9360012000
Henry: MM Charge: 0.4100000000, xyz (Ang): -5.3750113000  -3.1030038000  -2.9329990000
Henry: MM Charge: -0.8200000000, xyz (Ang): 2.0660042000  -6.7789910000  -6.3249959000
Henry: MM Charge: 0.4100000000, xyz (Ang): 2.7219006000  -6.2130721000  -5.7901030000
Henry: MM Charge: 0.4100000000, xyz (Ang): 2.4060148000  -7.7660472000  -6.3379875000
Henry: MM Charge: -0.8200000000, xyz (Ang): -0.5020003000  -6.9449987000  -4.9099992000
Henry: MM Charge: 0.4100000000, xyz (Ang): 0.4130040000  -7.0850047000  -5.3570027000
Henry: MM Charge: 0.4100000000, xyz (Ang): -0.8739986000  -6.0460066000  -5.2550053000
Henry: MM Charge: -0.8200000000, xyz (Ang): 9.4380028000  -2.6820054000  -3.3150034000
Henry: MM Charge: 0.4100000000, xyz (Ang): 10.0099212000  -3.5218994000  -3.2209548000
Henry: MM Charge: 0.4100000000, xyz (Ang): 8.7660558000  -2.8410524000  -2.5418899000
Henry: MM Charge: -0.8200000000, xyz (Ang): 6.5579961000  0.8259883000  9.6589944000
Henry: MM Charge: 0.4100000000, xyz (Ang): 6.7680368000  0.9940722000  10.6540505000
Henry: MM Charge: 0.4100000000, xyz (Ang): 6.4060934000  1.7820922000  9.2849715000
Henry: MM Charge: -0.8200000000, xyz (Ang): 7.8560149000  8.4129947000  -8.7139872000
Henry: MM Charge: 0.4100000000, xyz (Ang): 7.8640457000  8.3229769000  -7.7050290000
Henry: MM Charge: 0.4100000000, xyz (Ang): 6.9187387000  8.6760817000  -9.1281625000
Henry: MM Charge: -0.8200000000, xyz (Ang): -1.6749879000  11.8820051000  -3.9439823000
Henry: MM Charge: 0.4100000000, xyz (Ang): -2.6031043000  11.4039015000  -3.9929520000
Henry: MM Charge: 0.4100000000, xyz (Ang): -1.3940641000  11.9009908000  -2.9943096000
Henry: MM Charge: -0.8200000000, xyz (Ang): -3.8560063000  5.1539756000  -11.0780125000
Henry: MM Charge: 0.4100000000, xyz (Ang): -3.8070031000  5.1370632000  -10.0398941000
Henry: MM Charge: 0.4100000000, xyz (Ang): -3.8079553000  4.2152860000  -11.4129059000
Henry: MM Charge: -0.8200000000, xyz (Ang): 9.7940236000  -6.3759859000  2.7460039000
Henry: MM Charge: 0.4100000000, xyz (Ang): 10.7146396000  -6.3200398000  2.4300786000
Henry: MM Charge: 0.4100000000, xyz (Ang): 9.2439354000  -6.9450971000  2.0438687000
Henry: MM Charge: -0.8200000000, xyz (Ang): -11.4429965000  -4.4669989000  1.0890015000
Henry: MM Charge: 0.4100000000, xyz (Ang): -12.4391443000  -4.3799318000  0.8109409000
Henry: MM Charge: 0.4100000000, xyz (Ang): -11.1878895000  -5.3410536000  1.5650254000
Henry: MM Charge: -0.8200000000, xyz (Ang): 0.8929791000  13.5899975000  -6.1609830000
Henry: MM Charge: 0.4100000000, xyz (Ang): 1.0379952000  14.1260581000  -7.0230706000
Henry: MM Charge: 0.4100000000, xyz (Ang): 0.0342565000  13.9358963000  -5.7872164000
Henry: MM Charge: -0.8200000000, xyz (Ang): -8.7249863000  -1.1479932000  6.4580008000
Henry: MM Charge: 0.4100000000, xyz (Ang): -8.3659571000  -2.1151054000  6.5949554000
Henry: MM Charge: 0.4100000000, xyz (Ang): -9.7402552000  -1.1019766000  6.7030032000
Henry: MM Charge: -0.8200000000, xyz (Ang): -6.5709934000  -11.1049963000  -4.9789778000
Henry: MM Charge: 0.4100000000, xyz (Ang): -6.2919396000  -11.7451044000  -5.7501483000
Henry: MM Charge: 0.4100000000, xyz (Ang): -5.7822325000  -11.0149366000  -4.3842032000
Henry: MM Charge: -0.8200000000, xyz (Ang): 5.1760008000  -3.5070008000  1.0949989000
Henry: MM Charge: 0.4100000000, xyz (Ang): 5.0389887000  -4.2009897000  1.8420035000
Henry: MM Charge: 0.4100000000, xyz (Ang): 4.3489909000  -3.4919885000  0.4740176000
Henry: MM Charge: -0.8200000000, xyz (Ang): 2.7720113000  -9.2819896000  4.9139881000
Henry: MM Charge: 0.4100000000, xyz (Ang): 3.6858778000  -9.4209460000  4.5260843000
Henry: MM Charge: 0.4100000000, xyz (Ang): 2.5459805000  -10.1822355000  5.4511184000
Henry: MM Charge: -0.8200000000, xyz (Ang): -1.2329791000  14.4889976000  -4.6609951000
Henry: MM Charge: 0.4100000000, xyz (Ang): -1.6061739000  13.5921301000  -4.3380431000
Henry: MM Charge: 0.4100000000, xyz (Ang): -2.1421597000  14.8669092000  -4.9469740000
Henry: MM Charge: -0.8200000000, xyz (Ang): -3.7649937000  2.0149948000  -7.5299728000
Henry: MM Charge: 0.4100000000, xyz (Ang): -4.4140981000  1.3619477000  -8.0230560000
Henry: MM Charge: 0.4100000000, xyz (Ang): -3.6650269000  1.8261423000  -6.5733659000
Henry: MM Charge: -0.8200000000, xyz (Ang): -4.0889969000  -0.4640016000  -2.3050002000
Henry: MM Charge: 0.4100000000, xyz (Ang): -4.1160177000  -0.0929827000  -1.3429902000
Henry: MM Charge: 0.4100000000, xyz (Ang): -4.8610108000  -0.0539931000  -2.8489976000
Henry: MM Charge: -0.8200000000, xyz (Ang): 2.7219996000  0.8260018000  7.2760135000
Henry: MM Charge: 0.4100000000, xyz (Ang): 2.6279718000  0.4830032000  8.2468793000
Henry: MM Charge: 0.4100000000, xyz (Ang): 3.6880057000  1.1289409000  7.1049928000
Henry: MM Charge: -0.8200000000, xyz (Ang): 3.2310013000  1.7580023000  3.2160004000
Henry: MM Charge: 0.4100000000, xyz (Ang): 3.3779832000  1.5309786000  2.2190041000
Henry: MM Charge: 0.4100000000, xyz (Ang): 4.0879890000  1.4199870000  3.6739931000
Henry: MM Charge: -0.8200000000, xyz (Ang): 1.3659998000  8.0879993000  -0.2990002000
Henry: MM Charge: 0.4100000000, xyz (Ang): 2.2790018000  7.5980006000  -0.2879990000
Henry: MM Charge: 0.4100000000, xyz (Ang): 0.9930014000  8.0000012000  -1.2539987000
Henry: MM Charge: -0.8200000000, xyz (Ang): -1.4359998000  -4.5209992000  -5.8769985000
Henry: MM Charge: 0.4100000000, xyz (Ang): -1.2900005000  -3.4990020000  -5.9480120000
Henry: MM Charge: 0.4100000000, xyz (Ang): -2.4330033000  -4.6760054000  -5.6450074000
Henry: MM Charge: -0.8200000000, xyz (Ang): 5.4769924000  -6.8950268000  -11.0740063000
Henry: MM Charge: 0.4100000000, xyz (Ang): 6.0321974000  -5.9986551000  -10.9699235000
Henry: MM Charge: 0.4100000000, xyz (Ang): 4.4779054000  -6.6269173000  -11.0839935000
Henry: MM Charge: -0.8200000000, xyz (Ang): 3.3840061000  4.9489975000  -10.4959987000
Henry: MM Charge: 0.4100000000, xyz (Ang): 3.0119947000  4.1601029000  -11.0189583000
Henry: MM Charge: 0.4100000000, xyz (Ang): 2.6089230000  5.2199925000  -9.8740416000
Henry: MM Charge: -0.8200000000, xyz (Ang): 9.7660031000  2.5430054000  2.3780071000
Henry: MM Charge: 0.4100000000, xyz (Ang): 10.1398684000  2.3230120000  1.4740676000
Henry: MM Charge: 0.4100000000, xyz (Ang): 8.7761784000  2.4299960000  2.2009223000
Henry: MM Charge: -0.8200000000, xyz (Ang): 1.6290065000  5.3160071000  -8.0839957000
Henry: MM Charge: 0.4100000000, xyz (Ang): 0.5928181000  5.4310657000  -8.2889615000
Henry: MM Charge: 0.4100000000, xyz (Ang): 1.9450596000  4.3298640000  -8.2390657000
Henry: MM Charge: -0.8200000000, xyz (Ang): 2.6360066000  12.8559964000  3.3939850000
Henry: MM Charge: 0.4100000000, xyz (Ang): 2.0459541000  13.6780356000  3.5280162000
Henry: MM Charge: 0.4100000000, xyz (Ang): 2.7999554000  12.6690531000  2.4232095000
Henry: MM Charge: -0.8200000000, xyz (Ang): -3.6309923000  12.7080202000  5.4299837000
Henry: MM Charge: 0.4100000000, xyz (Ang): -3.3949257000  11.6866175000  5.6751400000
Henry: MM Charge: 0.4100000000, xyz (Ang): -4.3861845000  13.0690836000  6.0501514000
Henry: MM Charge: -0.8200000000, xyz (Ang): 7.8590049000  -9.2299997000  -2.5380106000
Henry: MM Charge: 0.4100000000, xyz (Ang): 7.7770106000  -8.2538778000  -2.1929057000
Henry: MM Charge: 0.4100000000, xyz (Ang): 6.9888846000  -9.8090957000  -2.4509261000
Henry: MM Charge: -0.8200000000, xyz (Ang): 9.8539856000  5.7639983000  -3.0870205000
Henry: MM Charge: 0.4100000000, xyz (Ang): 8.8471537000  5.8029887000  -3.1300030000
Henry: MM Charge: 0.4100000000, xyz (Ang): 10.1911020000  5.6299968000  -2.0866921000
Henry: MM Charge: -0.8200000000, xyz (Ang): -5.8569982000  -6.4030047000  -9.8979935000
Henry: MM Charge: 0.4100000000, xyz (Ang): -6.7918767000  -6.7379090000  -9.6900201000
Henry: MM Charge: 0.4100000000, xyz (Ang): -5.2900754000  -6.5839912000  -9.0560275000
Henry: MM Charge: -0.8200000000, xyz (Ang): -9.1070063000  -4.9689893000  -2.9610122000
Henry: MM Charge: 0.4100000000, xyz (Ang): -8.1410388000  -5.2689917000  -2.9890290000
Henry: MM Charge: 0.4100000000, xyz (Ang): -9.2609128000  -4.4081969000  -3.7547722000
Henry: MM Charge: -0.8200000000, xyz (Ang): 10.9899838000  -0.9619744000  0.7519821000
Henry: MM Charge: 0.4100000000, xyz (Ang): 10.4602123000  -0.4682436000  0.0952775000
Henry: MM Charge: 0.4100000000, xyz (Ang): 10.8869973000  -1.9992008000  0.6129873000
Henry: MM Charge: -0.8200000000, xyz (Ang): 0.0779908000  2.5740015000  -7.7499987000
Henry: MM Charge: 0.4100000000, xyz (Ang): -0.2359722000  2.6389937000  -6.7890769000
Henry: MM Charge: 0.4100000000, xyz (Ang): 1.1261488000  2.5039619000  -7.7519467000
Henry: MM Charge: -0.8200000000, xyz (Ang): -8.2399910000  -9.8819900000  2.4889946000
Henry: MM Charge: 0.4100000000, xyz (Ang): -7.3000382000  -10.3000284000  2.4430684000
Henry: MM Charge: 0.4100000000, xyz (Ang): -8.8750773000  -10.6611108000  2.2549741000
Henry: MM Charge: -0.8200000000, xyz (Ang): -1.3029998000  -1.7999993000  -6.2499975000
Henry: MM Charge: 0.4100000000, xyz (Ang): -0.9140001000  -1.2290014000  -7.0310096000
Henry: MM Charge: 0.4100000000, xyz (Ang): -1.7860075000  -1.1590025000  -5.6230280000
Henry: MM Charge: -0.8200000000, xyz (Ang): -7.9469881000  1.1110065000  9.2660101000
Henry: MM Charge: 0.4100000000, xyz (Ang): -7.0162185000  1.2579157000  9.5638848000
Henry: MM Charge: 0.4100000000, xyz (Ang): -8.0479657000  1.3969669000  8.2729206000
Henry: MM Charge: -0.8200000000, xyz (Ang): 5.5670209000  6.5050031000  -5.6589759000
Henry: MM Charge: 0.4100000000, xyz (Ang): 5.9997229000  6.2910812000  -4.8134502000
Henry: MM Charge: 0.4100000000, xyz (Ang): 4.6659610000  5.9939590000  -5.5359672000
Henry: MM Charge: -0.8200000000, xyz (Ang): 3.8390200000  -5.3069810000  -4.8239876000
Henry: MM Charge: 0.4100000000, xyz (Ang): 3.8719873000  -5.1570443000  -3.8503296000
Henry: MM Charge: 0.4100000000, xyz (Ang): 4.4517203000  -4.7172539000  -5.2838170000
Henry: MM Charge: -0.8200000000, xyz (Ang): -2.3880017000  -3.2060113000  7.7950059000
Henry: MM Charge: 0.4100000000, xyz (Ang): -2.7229908000  -3.5687838000  8.6718137000
Henry: MM Charge: 0.4100000000, xyz (Ang): -2.5690026000  -2.2160387000  8.0120543000
Henry: MM Charge: -0.8200000000, xyz (Ang): -1.0260181000  11.2990027000  -9.2939966000
Henry: MM Charge: 0.4100000000, xyz (Ang): -1.0759502000  10.2548983000  -9.3640173000
Henry: MM Charge: 0.4100000000, xyz (Ang): -0.0177647000  11.5450186000  -9.3660334000
Henry: MM Charge: -0.8200000000, xyz (Ang): -5.0599839000  1.9909904000  8.0810212000
Henry: MM Charge: 0.4100000000, xyz (Ang): -5.5751700000  2.2890132000  7.1957345000
Henry: MM Charge: 0.4100000000, xyz (Ang): -5.1840223000  1.0011691000  8.0929474000
Henry: MM Charge: -0.8200000000, xyz (Ang): -9.6929849000  -5.9069994000  -6.9930104000
Henry: MM Charge: 0.4100000000, xyz (Ang): -10.6031561000  -6.1680291000  -6.5719355000
Henry: MM Charge: 0.4100000000, xyz (Ang): -9.6620391000  -4.8800102000  -7.0579798000
Henry: MM Charge: -0.8200000000, xyz (Ang): 4.6600011000  -5.2149978000  -2.1810060000
Henry: MM Charge: 0.4100000000, xyz (Ang): 4.3400518000  -6.1730824000  -1.9149634000
Henry: MM Charge: 0.4100000000, xyz (Ang): 5.4739100000  -5.2960001000  -2.7739259000
Henry: MM Charge: -0.8200000000, xyz (Ang): -2.1960028000  10.8619660000  8.4490051000
Henry: MM Charge: 0.4100000000, xyz (Ang): -2.1219640000  11.9235052000  8.5840330000
Henry: MM Charge: 0.4100000000, xyz (Ang): -2.5400286000  10.6770204000  7.4849078000
Henry: MM Charge: -0.8200000000, xyz (Ang): -1.7520077000  -10.4929941000  3.0179965000
Henry: MM Charge: 0.4100000000, xyz (Ang): -1.3569444000  -11.4310351000  3.2140588000
Henry: MM Charge: 0.4100000000, xyz (Ang): -0.9809072000  -9.8300238000  3.2689820000
Henry: MM Charge: -0.8200000000, xyz (Ang): -2.9429821000  3.4200095000  8.7679887000
Henry: MM Charge: 0.4100000000, xyz (Ang): -2.6180767000  3.2179581000  7.8321306000
Henry: MM Charge: 0.4100000000, xyz (Ang): -3.9052606000  2.9578669000  8.8080275000
Henry: MM Charge: -0.8200000000, xyz (Ang): -4.4150026000  -11.7409747000  -3.0729833000
Henry: MM Charge: 0.4100000000, xyz (Ang): -3.4939234000  -11.2529006000  -3.1210328000
Henry: MM Charge: 0.4100000000, xyz (Ang): -4.3610120000  -12.7244904000  -3.5092158000
Henry: MM Charge: -0.8200000000, xyz (Ang): 9.4100282000  6.9859805000  -5.5280214000
Henry: MM Charge: 0.4100000000, xyz (Ang): 8.4464308000  7.5102347000  -5.4339123000
Henry: MM Charge: 0.4100000000, xyz (Ang): 9.7950902000  6.7529755000  -4.5717451000
Henry: MM Charge: -0.8200000000, xyz (Ang): -7.2049917000  2.8049996000  -11.0480226000
Henry: MM Charge: 0.4100000000, xyz (Ang): -7.2350853000  2.6050048000  -10.0157792000
Henry: MM Charge: 0.4100000000, xyz (Ang): -8.1550704000  3.1380163000  -11.2058898000
Henry: MM Charge: -0.8200000000, xyz (Ang): -4.5810014000  -6.6260076000  -7.6160148000
Henry: MM Charge: 0.4100000000, xyz (Ang): -3.7290226000  -7.0769285000  -7.2909198000
Henry: MM Charge: 0.4100000000, xyz (Ang): -4.6559667000  -5.8179251000  -6.9759276000
Henry: MM Charge: -0.8200000000, xyz (Ang): 1.1059998000  6.1369997000  -5.3159998000
Henry: MM Charge: 0.4100000000, xyz (Ang): 0.8940023000  5.6490012000  -6.1909991000
Henry: MM Charge: 0.4100000000, xyz (Ang): 1.8199985000  6.8249972000  -5.5899981000
Henry: MM Charge: -0.8200000000, xyz (Ang): 6.4829943000  4.6969913000  -0.9010093000
Henry: MM Charge: 0.4100000000, xyz (Ang): 5.6389266000  4.3949678000  -0.3659512000
Henry: MM Charge: 0.4100000000, xyz (Ang): 6.9861170000  5.3781536000  -0.2839113000
Henry: MM Charge: -0.8200000000, xyz (Ang): -3.7119974000  -2.6220139000  -7.9300178000
Henry: MM Charge: 0.4100000000, xyz (Ang): -3.6750323000  -3.4668758000  -8.4868197000
Henry: MM Charge: 0.4100000000, xyz (Ang): -2.8749770000  -2.5990279000  -7.3389706000
Henry: MM Charge: -0.8200000000, xyz (Ang): -4.3699915000  8.7900084000  -2.9950029000
Henry: MM Charge: 0.4100000000, xyz (Ang): -3.6160734000  8.3699140000  -2.4240015000
Henry: MM Charge: 0.4100000000, xyz (Ang): -4.1620278000  9.7708523000  -3.1299186000
Henry: MM Charge: -0.8200000000, xyz (Ang): -3.5630384000  -8.4750126000  -3.5340063000
Henry: MM Charge: 0.4100000000, xyz (Ang): -3.3388509000  -7.8228330000  -2.7468350000
Henry: MM Charge: 0.4100000000, xyz (Ang): -4.4745429000  -8.8039694000  -3.6330415000
Henry: MM Charge: -0.8200000000, xyz (Ang): 1.0979862000  4.6409965000  8.3879925000
Henry: MM Charge: 0.4100000000, xyz (Ang): 0.1572258000  4.9669123000  8.5489428000
Henry: MM Charge: 0.4100000000, xyz (Ang): 1.6409982000  4.9030818000  9.2320573000
Henry: MM Charge: -0.8200000000, xyz (Ang): 6.3210014000  -0.9999998000  1.2779993000
Henry: MM Charge: 0.4100000000, xyz (Ang): 5.8409850000  -1.9059978000  1.1350069000
Henry: MM Charge: 0.4100000000, xyz (Ang): 6.9519873000  -1.1619987000  2.0819992000
Henry: MM Charge: -0.8200000000, xyz (Ang): -0.4790070000  4.1820186000  -11.7209991000
Henry: MM Charge: 0.4100000000, xyz (Ang): -0.8959817000  5.1029254000  -11.6490651000
Henry: MM Charge: 0.4100000000, xyz (Ang): -0.9279925000  3.4779061000  -11.1039380000
Henry: MM Charge: -0.8200000000, xyz (Ang): 6.4550219000  6.4039981000  10.0290026000
Henry: MM Charge: 0.4100000000, xyz (Ang): 5.9508108000  6.8740346000  9.2469258000
Henry: MM Charge: 0.4100000000, xyz (Ang): 5.7808195000  6.3999833000  10.8070685000
Henry: MM Charge: -0.8200000000, xyz (Ang): 2.3819943000  -11.4689929000  1.7169916000
Henry: MM Charge: 0.4100000000, xyz (Ang): 2.9060183000  -10.9890222000  2.4560253000
Henry: MM Charge: 0.4100000000, xyz (Ang): 2.4790214000  -12.4730437000  1.8920589000
Henry: MM Charge: -0.8200000000, xyz (Ang): 9.5089907000  6.1479879000  0.8940078000
Henry: MM Charge: 0.4100000000, xyz (Ang): 10.1999673000  5.4880367000  0.5340425000
Henry: MM Charge: 0.4100000000, xyz (Ang): 8.7411677000  5.6510966000  1.3198836000
Henry: MM Charge: -0.8200000000, xyz (Ang): 3.6700084000  13.3130052000  -5.1579868000
Henry: MM Charge: 0.4100000000, xyz (Ang): 2.6489736000  13.3419365000  -5.2960691000
Henry: MM Charge: 0.4100000000, xyz (Ang): 3.9839542000  12.8989913000  -6.0450637000
Henry: MM Charge: -0.8200000000, xyz (Ang): -8.4079990000  1.8420007000  6.7270021000
Henry: MM Charge: 0.4100000000, xyz (Ang): -8.3210355000  0.9230874000  6.2979941000
Henry: MM Charge: 0.4100000000, xyz (Ang): -9.2689064000  2.2389493000  6.3930050000
Henry: MM Charge: -0.8200000000, xyz (Ang): -7.8460179000  -9.8910099000  6.4210263000
Henry: MM Charge: 0.4100000000, xyz (Ang): -8.5590431000  -9.3158902000  5.9629485000
Henry: MM Charge: 0.4100000000, xyz (Ang): -6.9786203000  -9.8699808000  5.7767166000
Henry: MM Charge: -0.8200000000, xyz (Ang): 4.8929982000  0.4150092000  -8.7330021000
Henry: MM Charge: 0.4100000000, xyz (Ang): 5.4168997000  1.2758435000  -8.7779480000
Henry: MM Charge: 0.4100000000, xyz (Ang): 5.5610889000  -0.2810108000  -8.3529369000
Henry: MM Charge: -0.8200000000, xyz (Ang): 3.6970011000  -10.2280020000  -8.3360064000
Henry: MM Charge: 0.4100000000, xyz (Ang): 3.2940198000  -10.0048882000  -7.4019100000
Henry: MM Charge: 0.4100000000, xyz (Ang): 4.2559173000  -9.3710010000  -8.3848496000
Henry: MM Charge: -0.8200000000, xyz (Ang): -8.5040108000  -4.9199905000  1.1179892000
Henry: MM Charge: 0.4100000000, xyz (Ang): -9.4326900000  -4.8850139000  0.8010656000
Henry: MM Charge: 0.4100000000, xyz (Ang): -8.0091201000  -4.3371233000  0.4580988000
Henry: MM Charge: -0.8200000000, xyz (Ang): -7.3689979000  -4.2950154000  -10.5769981000
Henry: MM Charge: 0.4100000000, xyz (Ang): -6.8550299000  -5.0069302000  -10.0459363000
Henry: MM Charge: 0.4100000000, xyz (Ang): -7.5590105000  -4.5599320000  -11.5410440000
Henry: MM Charge: -0.8200000000, xyz (Ang): -6.1789799000  -9.0359712000  -7.6529953000
Henry: MM Charge: 0.4100000000, xyz (Ang): -6.0230276000  -9.5739905000  -6.8120511000
Henry: MM Charge: 0.4100000000, xyz (Ang): -5.8022541000  -8.1514959000  -7.5940578000
Henry: MM Charge: -0.8200000000, xyz (Ang): -0.2480003000  -1.5860001000  6.9040016000
Henry: MM Charge: 0.4100000000, xyz (Ang): 0.6559991000  -1.8409962000  6.4979797000
Henry: MM Charge: 0.4100000000, xyz (Ang): -0.8099951000  -2.4129942000  7.1419855000
Henry: MM Charge: -0.8200000000, xyz (Ang): -3.5370112000  14.2490073000  -0.2740071000
Henry: MM Charge: 0.4100000000, xyz (Ang): -4.1778065000  13.9481547000  -0.9597065000
Henry: MM Charge: 0.4100000000, xyz (Ang): -3.9509319000  15.0777464000  0.0588658000
Henry: MM Charge: -0.8200000000, xyz (Ang): 0.5109997000  7.7709994000  -2.9779996000
Henry: MM Charge: 0.4100000000, xyz (Ang): 0.4970026000  6.9609972000  -3.6090023000
Henry: MM Charge: 0.4100000000, xyz (Ang): 1.1840027000  8.4160018000  -3.4250006000
Henry: MM Charge: -0.8200000000, xyz (Ang): 1.7319979000  -1.4910000000  -5.4279987000
Henry: MM Charge: 0.4100000000, xyz (Ang): 2.0570074000  -2.0569991000  -6.2390029000
Henry: MM Charge: 0.4100000000, xyz (Ang): 0.7130197000  -1.5610030000  -5.4530182000
Henry: MM Charge: -0.8200000000, xyz (Ang): -1.7760075000  2.2109965000  -9.9100082000
Henry: MM Charge: 0.4100000000, xyz (Ang): -2.5019175000  1.7580277000  -9.3679730000
Henry: MM Charge: 0.4100000000, xyz (Ang): -1.2180237000  2.6550285000  -9.1548854000
Henry: MM Charge: -0.8200000000, xyz (Ang): -8.8479970000  -8.0090096000  0.7779924000
Henry: MM Charge: 0.4100000000, xyz (Ang): -8.5910293000  -8.5948264000  1.5930697000
Henry: MM Charge: 0.4100000000, xyz (Ang): -8.8340334000  -7.1040704000  1.2491019000
Henry: MM Charge: -0.8200000000, xyz (Ang): -6.0119967000  -10.8110001000  1.1839806000
Henry: MM Charge: 0.4100000000, xyz (Ang): -5.2240921000  -10.2840344000  1.5459921000
Henry: MM Charge: 0.4100000000, xyz (Ang): -6.1029775000  -10.6629613000  0.2062489000
Henry: MM Charge: -0.8200000000, xyz (Ang): -4.1610156000  3.2739885000  12.2179992000
Henry: MM Charge: 0.4100000000, xyz (Ang): -3.1428749000  3.1629495000  12.0589827000
Henry: MM Charge: 0.4100000000, xyz (Ang): -4.5858901000  2.3822395000  12.1710309000
Henry: MM Charge: -0.8200000000, xyz (Ang): -1.2429987000  9.0569652000  -6.1549811000
Henry: MM Charge: 0.4100000000, xyz (Ang): -0.7522306000  8.3073285000  -5.7971698000
Henry: MM Charge: 0.4100000000, xyz (Ang): -0.5717814000  9.8572481000  -6.3831249000
Henry: MM Charge: -0.8200000000, xyz (Ang): 9.7099873000  -6.7350212000  7.8180171000
Henry: MM Charge: 0.4100000000, xyz (Ang): 9.5830425000  -5.7208167000  7.9829245000
Henry: MM Charge: 0.4100000000, xyz (Ang): 9.3651501000  -7.3898521000  8.4787833000
Henry: MM Charge: -0.8200000000, xyz (Ang): 3.1609987000  -3.4930005000  -0.8270031000
Henry: MM Charge: 0.4100000000, xyz (Ang): 3.7230094000  -4.2069999000  -1.3349895000
Henry: MM Charge: 0.4100000000, xyz (Ang): 2.9780143000  -2.7659989000  -1.5309722000
Henry: MM Charge: -0.8200000000, xyz (Ang): -0.0440001000  -6.1580012000  4.7759999000
Henry: MM Charge: 0.4100000000, xyz (Ang): 0.8259995000  -5.7039870000  5.1019931000
Henry: MM Charge: 0.4100000000, xyz (Ang): -0.8529973000  -5.5809856000  5.1029976000
Henry: MM Charge: -0.8200000000, xyz (Ang): -8.4669974000  -7.1939930000  -8.8460226000
Henry: MM Charge: 0.4100000000, xyz (Ang): -8.2720034000  -8.1561373000  -8.5208913000
Henry: MM Charge: 0.4100000000, xyz (Ang): -8.9341251000  -6.7359536000  -7.9836520000
Setting up the DFT grid...
time to set the grid = 0.01 s
DFT grid points: 40013 (952 points/atom)
Setting up the DFT grid...
time to set the grid = 0.02 s
DFT grid points: 111922 (2664 points/atom)

                      *** Start SCF Iterations ***

 Iter     DIIS Error       Energy change      Electrons        XC Energy           Energy        Time(s)
----------------------------------------------------------------------------------------------------------
Purifying guess...Purification run on GPU (mixed precision)  using TC2 purification.
Density matrix purification finished after a total of 0 matrix multiplies
                >>> SWITCHING TO GRID 1 <<<
   1     0.3347334666   -1014.0628390493   157.9993474819  -108.5194070902   -1014.0628390493     0.74  
                >>> SWITCHING TO GRID 0 <<<
   2     0.3540777112      -0.9697921258   158.0017811388  -115.5407972193   -1015.0326311750     1.03  
   3     0.2544813242      -4.0591713628   158.0053095266  -113.4126680633   -1019.0918025378     0.96  
   4     0.0668719966      -1.1119998752   158.0056635699  -112.3734928133   -1020.2038024130     0.49  
   5     0.0146348154      -0.0772380847   158.0055018332  -112.7568421488   -1020.2810404977     0.44  
   6     0.0083140041      -0.0124675832   158.0053688166  -112.7569129298   -1020.2935080809     0.43  
   7     0.0036018625      -0.0032517115   158.0054116035  -112.7229825241   -1020.2967597924     0.42  
                >>> SWITCHING TO GRID 1 <<<
   8     0.0007979063      -0.0009754341   157.9994177100  -112.7250267639   -1020.2977352265     0.48  
   9     0.0002921816      -0.0000337665   157.9994191877  -112.7275653811   -1020.2977689930     0.51  
  10     0.0003194370      -0.0000053390   157.9994196971  -112.7274084620   -1020.2977743320     0.47  
  11     0.0000889097      -0.0000043876   157.9994208052  -112.7285463902   -1020.2977787196     0.47  
  12     0.0000207419      -0.0000005328   157.9994206393  -112.7283338225   -1020.2977792524     0.45  
----------------------------------------------------------------------------------------------------------
FINAL ENERGY: -1020.2977792524 a.u.
HOMO-LUMO GAP: 4.094 eV
CENTER OF MASS: {-0.105451, 0.008503, -0.183286} ANGS
QM  DIPOLE MOMENT: {-6.348573, 3.121372, 7.369775} (|D| = 10.215719) DEBYE
MM  DIPOLE MOMENT: {3.118707, 37.851596, 29.364080} (|D| = 48.007487) DEBYE
TOT DIPOLE MOMENT: {-3.229866, 40.972968, 36.733855} (|D| = 55.123427) DEBYE

Running Mulliken population analysis...


  Restricted CIS Parameters
--------------------------------------------
Number of occupied orbitals:            79
Number of virtual orbitals:            278
Number of molecular orbitals:          357
Number of basis functions:             357
Multiplicity of target state:      singlet

 Generating 2nd functional diffs
      Davidson Diagonalization Parameters
-----------------------------------------------
Number of roots to find:                    2
Number of guess vectors:                    2
Maximum subspace size:                     20
Number of vectors to save:                  2
Collapse vectors per root:                  2
Number of CSFs:                         21962
Maximum Davidson iterations:               20
Residual convergence:                 1.0e-04
Orthogonality tolerance:              1.0e-12
Use incremental sigma vectors:             No

Davidson memory usage:   7.22 MB

Guess Vectors:
  79 ->  80 : D -> V :     0.150452
  79 ->  81 : D -> V :     0.161845

  Root           Eigenvalue       Energy Change        Residual
-------------------------------------------------------------------
Iteration:    0   Subspace Size:    2
Root: 1:         0.12049871         0.12049871         0.03993548  
Root: 2:         0.13760703         0.13760703         0.01976253  

Iteration:    1   Subspace Size:    4
Root: 1:         0.11909450        -0.00140421         0.00962233  
Root: 2:         0.13719505        -0.00041197         0.00469767  

Iteration:    2   Subspace Size:    6
Root: 1:         0.11892809        -0.00016641         0.00395027  
Root: 2:         0.13714721        -0.00004785         0.00196898  

Iteration:    3   Subspace Size:    8
Root: 1:         0.11890774        -0.00002035         0.00198509  
Root: 2:         0.13714349        -0.00000372         0.00050981  

Iteration:    4   Subspace Size:   10
Root: 1:         0.11889819        -0.00000955         0.00130811  
Root: 2:         0.13714301        -0.00000048         0.00033484  

Iteration:    5   Subspace Size:   12
Root: 1:         0.11889492        -0.00000328         0.00065708  
Root: 2:         0.13714276        -0.00000025         0.00024006  

Iteration:    6   Subspace Size:   14
Root: 1:         0.11889447        -0.00000045         0.00020557  
Root: 2:         0.13714267        -0.00000008         0.00009495  Converged

Iteration:    7   Subspace Size:   15
Root: 1:         0.11889442        -0.00000004         0.00006718  Converged
Root: 2:         0.13714267        -0.00000001         0.00005594  Converged

Davidson converged in 7 iterations
15 sigma vectors were formed

Computing orbital relaxation for Root 1
Solving CPSCF equations
Using DIIS solver

 Iter         Residual      
------  --------------------
    1      0.978140512239
    2      1.597476159783
    3      0.148275671949
    4      0.027561951043
    5      0.005158809544
    6      0.002449507725
    7      0.000443624339
    8      0.000174124263
    9      0.000071837261

CPSCF converged


Root 1: Total Excited State Gradient (Hartree/Bohr)

 Atom         dE/dX              dE/dY              dE/dZ
------  -----------------  -----------------  -----------------
    1      -0.0033217821       0.0058928994      -0.0039094051
    2      -0.0019984217      -0.0025918669       0.0042349782
    3       0.0036128990      -0.0030549623      -0.0004294100
    4       0.0017518242       0.0026325069       0.0016968914
    5       0.0012837568       0.0114114692      -0.0010293812
    6      -0.0030714844      -0.0010235689      -0.0041098755
    7      -0.0027296993      -0.0034731593       0.0033746029
    8       0.0033849303      -0.0043364815      -0.0005717313
    9       0.0058487263      -0.0174017031       0.0158845668
   10       0.0055291565       0.0031925828      -0.0136728320
   11      -0.0108169069      -0.0066358218      -0.0009739693
   12       0.0070554280       0.0041511561      -0.0067124038
   13      -0.0224913715       0.0061203469       0.0063099782
   14      -0.0101581208      -0.0080164126       0.0081933184
   15       0.0219920305       0.0028317828      -0.0085523913
   16      -0.0047784532       0.0044152398      -0.0038122177
   17      -0.0131553716      -0.0045918084      -0.0077895075
   18      -0.0012454594      -0.0015391115      -0.0020371474
   19       0.0282116649       0.0682457812      -0.0365077881
   20      -0.0034896569      -0.0513879565       0.0657899735
   21      -0.0122462573      -0.0445871142       0.0379640002
   22       0.0049562360       0.0029962175       0.0024341011
   23       0.0025350957       0.0383697671      -0.0409188244
   24       0.0027604310       0.0035898674      -0.0034397394
   25       0.0142054983       0.0060452124       0.0427404552
   26      -0.0132179704       0.0051135559      -0.0127995769
   27       0.0187046369      -0.0596155696      -0.0337123203
   28       0.0045905738       0.0274248129      -0.0012058414
   29      -0.0018999479       0.0012194304       0.0015492454
   30      -0.0004142550       0.0019600992      -0.0025998351
   31      -0.0043578643      -0.0034624935       0.0023053019
   32       0.0021564197       0.0043400349      -0.0027203028
   33      -0.0022045670      -0.0046185876       0.0011532991
   34      -0.0024948252      -0.0036934328      -0.0032957720
   35      -0.0292666658       0.0137261906       0.0044414014
   36       0.0050766418      -0.0020221144       0.0010796441
   37       0.0081681411       0.0044200265       0.0042660146
   38       0.0015217163      -0.0022943206      -0.0012168574
   39      -0.0002952477       0.0009524147      -0.0062062821
   40      -0.0032945519       0.0049458639      -0.0005602661
   41      -0.0031720976      -0.0014491730      -0.0000991270
   42       0.0016346384      -0.0040460805      -0.0044550113

  Root   Total Energy (a.u.)   Ex. Energy (a.u.)     Ex. Energy (eV)     Ex. Energy (nm)
-----------------------------------------------------------------------------------------
     1      -1020.17888483          0.11889442          3.23528133        383.22546980
     2      -1020.16063659          0.13714267          3.73184123        332.23337467

Unrelaxed excited state dipole moments:

  Root       Dx         Dy         Dz         |D|  (Debye)
------------------------------------------------------------
     1     0.0821     2.3965    20.2936    20.4347
     2    -6.7204   -12.9204    17.2150    22.5490

Relaxed excited state dipole moments:

  Root       Dx         Dy         Dz         |D|  (Debye)
------------------------------------------------------------
     1    -2.2804     2.6086    16.0891    16.4579

Transition dipole moments:

  Root       Tx         Ty         Tz         |T| (a.u.)
----------------------------------------------------------
     1     0.1039    -0.0450     0.1050     0.1545
     2     0.0472    -0.0347    -0.0282     0.0650

Transition dipole moments between excited states:

    Transition       Tx         Ty         Tz         |T| (a.u.)
------------------------------------------------------------------
     1 ->    2    -0.1008    -0.0944     0.0624     0.1515

Velocity transition dipole moments:

  Root       Tx         Ty         Tz         |T| (a.u.)
----------------------------------------------------------
     1     0.0236    -0.0155    -0.0139     0.0315
     2     0.0064    -0.0004    -0.0043     0.0077

Magnetic transition dipole moments and rotational strengths:

  Root       Lx         Ly         Lz       R(len)     R(vel) (a.u.)
--------------------------------------------------------------------
     1     0.1964     0.0093    -0.0174    -0.0182     0.0399
     2     0.0063     0.0177    -0.0555    -0.0012     0.0020


Electric transition quadrupole moments (Cartesian):

   Root       Qxy        Qxz        Qyz        Qxx        Qyy        Qzz       norm (a.u.)
--------------------------------------------------------------------------------------------
     1    -0.2476     0.3357    -0.4523    -0.1080     0.1267     0.7151     0.9579
     2     0.1348    -0.0059     0.0499     0.0212    -0.0912     0.0812     0.1899

Root 1: Largest CI coefficients:
  79 ->  80 : D -> V :  -0.996624

Root 2: Largest CI coefficients:
  79 ->  81 : D -> V :  -0.998902

  Final Excited State Results:

  Root   Total Energy (a.u.)   Ex. Energy (eV)   Osc. (a.u.)   < S^2 >   Max CI Coeff.      Excitation
------------------------------------------------------------------------------------------------------------
     1       -1020.17888483        3.23528133       0.0019      0.0000     -0.996624     79 ->  80 : D -> V
     2       -1020.16063659        3.73184123       0.0004      0.0000     -0.998902     79 ->  81 : D -> V

numlinkatoms = 0

Gradient units are Hartree/Bohr
---------------------------------------------------
        dE/dX            dE/dY            dE/dZ
   -0.0033217821     0.0058928994    -0.0039094051
   -0.0019984217    -0.0025918669     0.0042349782
    0.0036128990    -0.0030549623    -0.0004294100
    0.0017518242     0.0026325069     0.0016968914
    0.0012837568     0.0114114692    -0.0010293812
   -0.0030714844    -0.0010235689    -0.0041098755
   -0.0027296993    -0.0034731593     0.0033746029
    0.0033849303    -0.0043364815    -0.0005717313
    0.0058487263    -0.0174017031     0.0158845668
    0.0055291565     0.0031925828    -0.0136728320
   -0.0108169069    -0.0066358218    -0.0009739693
    0.0070554280     0.0041511561    -0.0067124038
   -0.0224913715     0.0061203469     0.0063099782
   -0.0101581208    -0.0080164126     0.0081933184
    0.0219920305     0.0028317828    -0.0085523913
   -0.0047784532     0.0044152398    -0.0038122177
   -0.0131553716    -0.0045918084    -0.0077895075
   -0.0012454594    -0.0015391115    -0.0020371474
    0.0282116649     0.0682457812    -0.0365077881
   -0.0034896569    -0.0513879565     0.0657899735
   -0.0122462573    -0.0445871142     0.0379640002
    0.0049562360     0.0029962175     0.0024341011
    0.0025350957     0.0383697671    -0.0409188244
    0.0027604310     0.0035898674    -0.0034397394
    0.0142054983     0.0060452124     0.0427404552
   -0.0132179704     0.0051135559    -0.0127995769
    0.0187046369    -0.0596155696    -0.0337123203
    0.0045905738     0.0274248129    -0.0012058414
   -0.0018999479     0.0012194304     0.0015492454
   -0.0004142550     0.0019600992    -0.0025998351
   -0.0043578643    -0.0034624935     0.0023053019
    0.0021564197     0.0043400349    -0.0027203028
   -0.0022045670    -0.0046185876     0.0011532991
   -0.0024948252    -0.0036934328    -0.0032957720
   -0.0292666658     0.0137261906     0.0044414014
    0.0050766418    -0.0020221144     0.0010796441
    0.0081681411     0.0044200265     0.0042660146
    0.0015217163    -0.0022943206    -0.0012168574
   -0.0002952477     0.0009524147    -0.0062062821
   -0.0032945519     0.0049458639    -0.0005602661
   -0.0031720976    -0.0014491730    -0.0000991270
    0.0016346384    -0.0040460805    -0.0044550113

------- MM / Point charge part -------
   -0.0035287903    -0.0004303258    -0.0022838314
    0.0039445725    -0.0002174984     0.0020539578
    0.0016263582    -0.0001442643     0.0000768120
   -0.0035674386    -0.0085169749     0.0164765388
   -0.0029774275     0.0136028531    -0.0156769560
    0.0026160072    -0.0051163651    -0.0004675816
    0.0422031256     0.0062301525     0.0348155708
    0.0104202236     0.0120078795    -0.0206016011
   -0.0381642946    -0.0210567020    -0.0058085586
   -0.0051966224     0.0086806876    -0.0025293188
    0.0014784395     0.0009937712     0.0046195292
   -0.0027027348    -0.0041908004     0.0011256219
   -0.0003064241    -0.0436058511     0.0116193821
   -0.0024905073     0.0170474012     0.0072681585
    0.0065049567     0.0256751145    -0.0234731784
   -0.0015856458    -0.0006760008     0.0009088499
    0.0006421322     0.0006266352    -0.0003696818
    0.0011536482    -0.0001362340    -0.0006925534
   -0.0384538640    -0.0268492700     0.0129278794
    0.0098554073    -0.0000246953     0.0039890371
    0.0317485235     0.0281480703    -0.0159917665
    0.0047197186    -0.0283744335     0.0213152066
   -0.0021295794     0.0179692214    -0.0228497352
    0.0033284323     0.0040865736     0.0010854155
   -0.0151026908     0.0177399137    -0.0123326928
   -0.0087689932    -0.0044460601     0.0001102693
    0.0176244368    -0.0159694521     0.0085405574
    0.0077156824    -0.0022584894    -0.0019444109
   -0.0120766207    -0.0098889448    -0.0062210754
    0.0047737490     0.0170754885     0.0092900954
   -0.0151693184     0.0033609670     0.0044387511
    0.0181563619    -0.0008265671    -0.0118001366
    0.0003243150     0.0006735736     0.0026005411
    0.0129669164     0.0101791891    -0.0265054060
   -0.0019771184     0.0036362807     0.0110221449
   -0.0046222642     0.0022908796     0.0043494508
    0.0548968396     0.0377349522    -0.0188265828
   -0.0159536333     0.0034852926    -0.0067138971
   -0.0371209396    -0.0409344061     0.0171293102
    0.0009453236     0.0057238766    -0.0028565455
   -0.0002034034    -0.0037823411     0.0023206207
   -0.0040586978     0.0025934973     0.0018691554
   -0.0004153142    -0.0022036276    -0.0021402059
    0.0002512515     0.0012407030     0.0011149398
    0.0005012311     0.0006700058     0.0011072584
   -0.0008029791     0.0088654015     0.0222444656
   -0.0106069901     0.0041520173    -0.0011786954
    0.0070406430    -0.0156345375    -0.0228823084
   -0.0072674567     0.0159690886    -0.0211337001
   -0.0023172471     0.0070919384     0.0081582003
    0.0077530704    -0.0178413789     0.0107608294
   -0.0118091706    -0.0131704288     0.0113161885
    0.0185997505     0.0190126988     0.0000679863
   -0.0068281874    -0.0029185395    -0.0176271409
    0.0037682144     0.0050587710     0.0127586710
    0.0031895567     0.0029229576    -0.0030777693
   -0.0034294358    -0.0076845983    -0.0085022180
    0.0080321166    -0.0092115721     0.0013304184
    0.0033774579     0.0021821400    -0.0021985661
   -0.0086337622     0.0023720480     0.0015132698
    0.0252761519     0.0326051337    -0.0095196178
   -0.0219325516    -0.0066966406    -0.0050833452
   -0.0112718837    -0.0234971245     0.0122509151
   -0.0200061211     0.0020607001     0.0035435765
    0.0048138906     0.0057084989    -0.0014543297
    0.0105693320    -0.0080815107     0.0006960000
    0.0290994324     0.0043951641     0.0043427724
   -0.0172602557    -0.0128715291    -0.0042584629
   -0.0147712378     0.0069480922     0.0026623486
   -0.0106154706     0.0025754983     0.0058660859
    0.0016625447    -0.0036860919    -0.0031952064
    0.0090182459     0.0029810781    -0.0027004966
   -0.0176442102    -0.0051025791     0.0122164723
    0.0155235891     0.0082225803    -0.0086286926
    0.0011157469    -0.0004624114    -0.0040428039
   -0.0000177612     0.0038364443     0.0018442707
   -0.0006040889    -0.0024597071    -0.0010100810
    0.0000659865    -0.0013552736    -0.0009971223
   -0.0113276884     0.0095078729    -0.0055174918
    0.0014982830    -0.0120445649    -0.0006106997
    0.0054053471     0.0027106239     0.0142900726
    0.0034521741     0.0227621788    -0.0097101306
   -0.0039338891    -0.0167668233     0.0149173176
   -0.0000188026     0.0054537287    -0.0006001117
   -0.0260893985     0.0113687724     0.0091480167
    0.0069774501     0.0046145053     0.0181741373
    0.0102269278    -0.0130441381    -0.0194850584
    0.0008923172     0.0167411532    -0.0210131976
    0.0043804016    -0.0119003172     0.0121091764
   -0.0061321575    -0.0036195969     0.0055541410
    0.0078926651     0.0206095590     0.0142948477
   -0.0036264932    -0.0112020112    -0.0037154146
   -0.0009384899    -0.0076936652    -0.0061516901
   -0.0009063670    -0.0145277700    -0.0065165217
   -0.0198895871     0.0147159832     0.0057403620
    0.0160566274     0.0042834286    -0.0061806861
   -0.0122913253    -0.0160655113     0.0367255041
    0.0181661619     0.0136116469    -0.0310621094
   -0.0014290528    -0.0030933044    -0.0024904623
   -0.0081711865    -0.0493850851    -0.0119091402
    0.0017936418    -0.0026544825     0.0137059684
    0.0047097701     0.0546555919     0.0027358020
   -0.0012819484    -0.0012680608    -0.0084074052
    0.0004529443     0.0015325401     0.0110631745
   -0.0046463710    -0.0047236690    -0.0013300635
   -0.0196975490     0.0131066443     0.0218274434
    0.0165341863    -0.0092570229    -0.0207333547
    0.0000657869    -0.0103922512    -0.0005057743
    0.0015999231    -0.0007753484     0.0002827885
   -0.0005836479     0.0005846731     0.0000717155
   -0.0007594076     0.0001678005    -0.0003902561
    0.0103207841    -0.0111610999     0.0231517073
   -0.0127059435     0.0168249492    -0.0102121130
    0.0040920871    -0.0083850794    -0.0197357532
   -0.0222217930     0.0008252910     0.0516198693
    0.0189172154     0.0056398064    -0.0498827742
    0.0029586110     0.0105551805     0.0023661866
   -0.0001255241    -0.0007751460    -0.0018610016
    0.0001152946     0.0001085260     0.0010642080
    0.0002252453     0.0007123883     0.0010717298
    0.0169712864     0.0063762547     0.0025700165
   -0.0140211476    -0.0045014335    -0.0037817987
   -0.0049389617    -0.0048908298     0.0045251818
   -0.0056810250    -0.0105589578     0.0369711866
   -0.0007376075    -0.0027681885    -0.0266564438
    0.0068014626     0.0120829691    -0.0049255841
   -0.0294349656    -0.0062399622     0.0249935338
    0.0039387142     0.0002921926    -0.0055680312
    0.0305167506     0.0022621372    -0.0218182676
    0.0093605599     0.0063005016    -0.0057720530
   -0.0026944235    -0.0017315366     0.0050819896
    0.0027734959    -0.0013279179     0.0015263344
    0.0186205641     0.0072403417    -0.0109522383
   -0.0167000092    -0.0091924686     0.0046676648
    0.0009426937     0.0019763378     0.0027721865
   -0.0509322755    -0.0012267751     0.0032184580
    0.0132767759    -0.0073087711    -0.0087254857
    0.0401619184     0.0049265327     0.0142552767
   -0.0422824695     0.0133561550     0.0237303399
    0.0462399034    -0.0272365988    -0.0147613308
    0.0013010982     0.0115673394     0.0041122226
   -0.0110455896     0.0021030966    -0.0010538476
    0.0145917432    -0.0014187916    -0.0066918902
    0.0022449530    -0.0034271293     0.0102463579
    0.0165030135    -0.0077263639    -0.0247655886
    0.0222857905     0.0072563886     0.0217354995
   -0.0038635472     0.0043752262     0.0070703966
   -0.0096637723    -0.0022406456    -0.0164399097
    0.0010652688    -0.0041037717    -0.0066777424
    0.0072412304     0.0070613890     0.0229278201
   -0.0252721395     0.0093857790    -0.0016867528
   -0.0050235132    -0.0036430271    -0.0154787166
    0.0346589612    -0.0059134401     0.0163411693
    0.0105715088     0.0090927227    -0.0038522185
   -0.0112125752     0.0067225356     0.0167766105
    0.0035209893    -0.0131086759    -0.0177558231
    0.0388338123     0.0159294614     0.0003099856
   -0.0128150016    -0.0023797992     0.0039059682
   -0.0175587865    -0.0065082263    -0.0046572055
    0.0003534859    -0.0001969335    -0.0000579743
   -0.0002529161     0.0003427277     0.0001516936
   -0.0001391852    -0.0001353636     0.0000993470
    0.0348443035    -0.0008793921     0.0459283812
   -0.0262501298     0.0117793742    -0.0092507040
   -0.0084624407    -0.0092843462    -0.0349438531
   -0.0090226536     0.0095004925    -0.0089947177
   -0.0011764218    -0.0030631991     0.0022235751
    0.0010193448    -0.0012367789    -0.0001243468
    0.0007096676     0.0007269117    -0.0020999476
   -0.0004028126    -0.0005809277     0.0012339643
   -0.0005490670    -0.0005113369     0.0008772138
    0.0031664668    -0.0105734815     0.0025680120
   -0.0056021955     0.0096251500    -0.0122390544
    0.0007797728    -0.0006899978     0.0080469611
    0.0050344465    -0.0038486214     0.0106410590
    0.0050624207     0.0084850557     0.0066150314
   -0.0030415808    -0.0017713913    -0.0173062422
    0.0068462120     0.0357600662     0.0128655495
    0.0058491662    -0.0139335323    -0.0015980159
   -0.0171466374    -0.0073929567    -0.0151871718
    0.0067137578    -0.0141260460    -0.0219349934
   -0.0047908997     0.0227750048     0.0040542608
    0.0078281923    -0.0074534536     0.0178481654
   -0.0062778308    -0.0118809926     0.0126369269
   -0.0114333433     0.0026576989    -0.0054584206
    0.0149638687     0.0117567083    -0.0007339251
   -0.0010319281     0.0014312231     0.0017907564
    0.0006343177    -0.0007309922    -0.0013687514
    0.0002309335    -0.0007166956    -0.0008252309
    0.0102232127     0.0156042886    -0.0071780839
    0.0024419929     0.0020471616     0.0000011697
   -0.0011059317    -0.0201502214     0.0067259753
   -0.0024326988    -0.0033348486    -0.0059969855
    0.0002387010     0.0029044157     0.0020931855
    0.0014783082     0.0016771900     0.0036123898
   -0.0104379791     0.0047482318    -0.0064725985
   -0.0062597475     0.0013307107    -0.0030659305
    0.0128544078    -0.0054761199     0.0122926096
   -0.0080385295    -0.0149388229     0.0020429181
    0.0050281591     0.0168349595    -0.0008548055
   -0.0006100615     0.0061918070     0.0023356421
    0.0135970009     0.0070388842    -0.0316301959
   -0.0146851567     0.0034225113     0.0059588750
   -0.0013913749    -0.0119807246     0.0208942740
   -0.0002737213     0.0008280055    -0.0007679567
    0.0002247415    -0.0005853045     0.0002352656
    0.0001926020    -0.0003004784     0.0008182724
   -0.0019296527    -0.0019895876     0.0010550194
    0.0009968342     0.0008134895    -0.0000385801
    0.0007392818     0.0006807987    -0.0007810321
   -0.0280657711     0.0033487696     0.0029707791
    0.0096199865    -0.0125761871    -0.0035866455
    0.0110267473     0.0040309182    -0.0003444366
    0.0027667178    -0.0061755557    -0.0146477397
   -0.0001001299     0.0030997935     0.0016062386
   -0.0027722682     0.0011386130     0.0059442967
    0.0081730984    -0.0223782645    -0.0078193302
   -0.0140372037     0.0039498764     0.0010062615
    0.0105180277     0.0039088464    -0.0017012829
    0.0022213090     0.0002893848     0.0038268354
   -0.0007592402    -0.0008659064    -0.0017205040
   -0.0015886022     0.0001704318    -0.0013386323
   -0.0099578877    -0.0019152079     0.0026252727
    0.0150511083    -0.0059016285     0.0078142125
   -0.0028138201     0.0120883446    -0.0133534076
   -0.0233678731    -0.0248209649    -0.0248226426
    0.0286071559     0.0096155481     0.0327167009
   -0.0023921502     0.0157017577    -0.0021936288
   -0.0101647423     0.0164507416    -0.0392318143
   -0.0075020501    -0.0057443623     0.0189967084
    0.0205855521    -0.0125375298     0.0151236409
    0.0010745298    -0.0002183700     0.0209798413
    0.0307408065     0.0118455165    -0.0009711002
   -0.0233951582    -0.0207781664    -0.0143274275
   -0.0021597873    -0.0007632947    -0.0020527613
    0.0014846340     0.0002843413     0.0012642740
    0.0011257724     0.0004401499     0.0015356966
   -0.0027017511    -0.0084687815     0.0087837041
    0.0112579178     0.0101853003    -0.0032914494
   -0.0163953894     0.0011107368     0.0005660783
   -0.0152635634     0.0051444163     0.0051714105
    0.0000585372     0.0025496974    -0.0113326989
    0.0102771940    -0.0015349740     0.0131293433
    0.0388941238     0.0151639339    -0.0046923683
   -0.0162293067    -0.0096119567    -0.0095101614
   -0.0333910420    -0.0034308625     0.0113755206
    0.0178053558    -0.0425533455    -0.0103135549
   -0.0138679239     0.0132295510     0.0072775725
    0.0054503960     0.0329375302    -0.0005273193
    0.0001401617    -0.0006513790    -0.0002559440
   -0.0000429692     0.0006870272    -0.0000435869
   -0.0000943557    -0.0000229786     0.0003006328
    0.0064498282    -0.0210533366    -0.0474953466
    0.0012675757     0.0046264870     0.0138315670
   -0.0058042256     0.0133677726     0.0357162899
   -0.0140940248     0.0285535067     0.0065697440
    0.0304292638    -0.0164047126    -0.0220883299
   -0.0178661859    -0.0185345254     0.0163056442
    0.0154013299     0.0544055535    -0.0058090028
   -0.0152159736    -0.0143601306    -0.0045172087
    0.0023493134    -0.0393191342     0.0128948945
   -0.0530727507     0.0027199866    -0.0079091382
   -0.0009969039    -0.0047261531     0.0038301143
    0.0589647242     0.0024948174     0.0020531669
   -0.0096380312     0.0030993326    -0.0063428531
    0.0050925967     0.0040677169     0.0130483098
    0.0092055478    -0.0168737095    -0.0043917475
   -0.0103857311    -0.0161931287     0.0018864471
   -0.0019505886     0.0075114011    -0.0079268256
    0.0089853068     0.0064138811     0.0038450869
    0.0113891560     0.0027868011     0.0095167405
   -0.0083920296     0.0078174632    -0.0104631341
    0.0015326592    -0.0093962860    -0.0024113795
    0.0411039583    -0.0348051156    -0.0200150568
   -0.0075106665     0.0217874487    -0.0066515819
   -0.0331102184     0.0189634591     0.0232685228
    0.0197365648     0.0108697773     0.0300142790
   -0.0159989761    -0.0164196192    -0.0088779555
   -0.0008589580     0.0090458205    -0.0176027398
   -0.0185743857    -0.0247315852     0.0348618028
    0.0141900678     0.0197285030    -0.0253182766
    0.0003162803     0.0067647185    -0.0080264219
    0.0489158418     0.0099113895    -0.0247283241
   -0.0074016821    -0.0157668755    -0.0019048694
   -0.0360654082     0.0012024126     0.0219215581
    0.0142599900     0.0128375392    -0.0210332914
   -0.0137310502    -0.0025586500     0.0177256735
    0.0003055968    -0.0056172410     0.0000400221
   -0.0182702379    -0.0104147104    -0.0337405108
   -0.0004502255    -0.0474715427     0.0118904113
    0.0181520123     0.0589088416     0.0258367954
    0.0175879048    -0.0061083735    -0.0068835203
   -0.0049295873     0.0020286073     0.0105077022
   -0.0194648320    -0.0033752699    -0.0023368713
   -0.0010004338    -0.0115468065    -0.0104259972
   -0.0082139230     0.0010018185     0.0009345098
    0.0079591863     0.0075864875     0.0055359684
    0.0116529155    -0.0000014486     0.0079915832
   -0.0006986462    -0.0023093639    -0.0043869917
   -0.0121838528    -0.0004631009    -0.0026887265
   -0.0795773452     0.0109959965     0.0107415811
    0.0334521654     0.0017858866    -0.0018833128
    0.0082609524    -0.0127755109    -0.0058729115
    0.0009067708     0.0013058965     0.0000001672
   -0.0004655554    -0.0010382257    -0.0000835479
   -0.0004606253    -0.0005996420     0.0000011699
   -0.0001335788     0.0014246649    -0.0006671777
    0.0000137627    -0.0002741129     0.0001690505
   -0.0000216371    -0.0009851028     0.0005487329
    0.0092327974     0.0319853407    -0.0218946307
   -0.0060034399    -0.0056311154     0.0020943666
   -0.0062506310    -0.0260289071     0.0184797006
   -0.0188172450    -0.0002419502     0.0096768382
    0.0049130633     0.0033337592    -0.0163955262
    0.0066003213    -0.0035581026     0.0107286544
   -0.0392682328     0.0267198035    -0.0078976185
    0.0216523457    -0.0197217768     0.0120770105
    0.0164920648    -0.0073710216    -0.0090732034
    0.0084269088     0.0639237201     0.0003766855
    0.0189004311    -0.0382089605    -0.0168602069
   -0.0256476720    -0.0331082516     0.0110817998
   -0.0237669334     0.0025437619    -0.0116738149
    0.0027258845     0.0031403013     0.0048396987
    0.0133865032     0.0007451608     0.0042565864
    0.0249656936    -0.0009896923    -0.0053359777
   -0.0021488026     0.0068270664     0.0071996686
   -0.0233179836    -0.0062048121    -0.0011481546
   -0.0046453410     0.0056098695    -0.0054881470
   -0.0009786802    -0.0043096267     0.0046033537
    0.0087565109    -0.0035516910     0.0045078592
    0.0000990222     0.0065130883    -0.0062788088
   -0.0102518916    -0.0035801387     0.0000600472
    0.0052429310    -0.0012136381     0.0023198124
   -0.0182383243     0.0139467758    -0.0154161532
    0.0046625004     0.0012469683     0.0043081898
    0.0062629583    -0.0144629146    -0.0017758978
    0.0013106796    -0.0016868307    -0.0032554267
    0.0002865759     0.0011489409     0.0019868499
   -0.0008606008     0.0002498661     0.0012938959
    0.0176229621     0.0341736558     0.0222778600
   -0.0147608392    -0.0187295396    -0.0125231958
    0.0018310602    -0.0154497157    -0.0124885559
    0.0239695829    -0.0126841369     0.0133402538
   -0.0064990849    -0.0072798051    -0.0024810066
   -0.0130665994     0.0126765813    -0.0204482349
    0.0491077173    -0.0069935367     0.0098648328
   -0.0144487130    -0.0044610318    -0.0180955154
   -0.0402840311     0.0134262887     0.0121705071
    0.0095343408    -0.0097627344     0.0049228837
   -0.0057698909     0.0092813580     0.0061195193
   -0.0034487210     0.0011447690    -0.0086360253
    0.0223447533     0.0261224716     0.0325342306
   -0.0133513743    -0.0160394571    -0.0306679351
   -0.0016492091    -0.0084129076    -0.0029295809
   -0.0001140102     0.0236164837    -0.0233802959
    0.0095672809    -0.0073863348     0.0125087722
    0.0041102598    -0.0101057330     0.0094324189
    0.0068675820    -0.0220652434    -0.0145434625
   -0.0187135180     0.0061467191     0.0100665311
    0.0065711180     0.0115265158     0.0027450134
   -0.0077434221     0.0075440723    -0.0141333722
    0.0121335115    -0.0018288944     0.0033964696
    0.0003309319    -0.0050218078     0.0108885208
   -0.0284458947     0.0391293307     0.0759907755
    0.0466034918    -0.0060936440    -0.0527096360
   -0.0167278846    -0.0401267978    -0.0221148611
    0.0129095167    -0.0004966216     0.0073699141
   -0.0104944939    -0.0058790392    -0.0118259832
    0.0026104569     0.0040898306     0.0022202182
    0.0544399443    -0.0019783622    -0.0044528243
    0.0065523258     0.0081718308     0.0089544869
   -0.0520185854    -0.0137632027    -0.0037692625
   -0.0272440968    -0.0109721396     0.0145793847
    0.0027866004    -0.0021385458     0.0018484731
    0.0215730065     0.0150923708    -0.0171958748
   -0.0272839702     0.0070624793     0.0211496669
    0.0101096540    -0.0047868818    -0.0054160525
    0.0159900310     0.0028893167    -0.0133055020
    0.0119028057     0.0130056660     0.0125235831
   -0.0085625177    -0.0052786692    -0.0040617758
   -0.0031608261    -0.0088572430    -0.0075137781
   -0.0077785172    -0.0065709086     0.0017108867
    0.0077760664     0.0079544133    -0.0003278470
    0.0019620800     0.0035723691     0.0024127557
   -0.0134818782     0.0102679778    -0.0635343884
   -0.0027702367    -0.0168312433     0.0522283650
    0.0125291991     0.0091564697     0.0094584386
   -0.0049804668    -0.0059471041     0.0114928992
    0.0010882359     0.0040738734    -0.0063074948
   -0.0067230926     0.0102833889     0.0008635409
   -0.0017490699     0.0047429425     0.0075060481
   -0.0000887132    -0.0018301150    -0.0017100269
    0.0013721584    -0.0006441448    -0.0016467199
   -0.0059035253    -0.0064124058    -0.0339524458
   -0.0038833655    -0.0076103859     0.0020112280
   -0.0003257877     0.0059127922     0.0233909585
   -0.0021563032     0.0219456478     0.0063703813
    0.0075873680     0.0003085768    -0.0113235871
   -0.0018473775    -0.0206346188     0.0081431862
    0.0021923241     0.0051713542    -0.0024492879
   -0.0032447738     0.0005498004     0.0005848143
   -0.0022113931    -0.0031095730     0.0013953862
    0.0180033122    -0.0066706391    -0.0338679746
   -0.0086926906     0.0036805173     0.0217903942
   -0.0114493399    -0.0014073927     0.0114074901
    0.0028398955     0.0049122265     0.0038797244
   -0.0028876139    -0.0010224228    -0.0043702379
   -0.0006368792    -0.0002385104     0.0020901429
    0.0175765356     0.0134303922    -0.0095597818
   -0.0094776997    -0.0098848047     0.0083823888
   -0.0084015427    -0.0007979376     0.0020978231
    0.0083462742     0.0182526125    -0.0049055922
   -0.0012007291    -0.0041111293    -0.0014484131
    0.0031564197    -0.0169491764     0.0204114092
    0.0077212191     0.0234253197     0.0375750315
   -0.0179380566    -0.0214028214    -0.0200776646
    0.0011341751    -0.0048609497    -0.0136494968
    0.0057475583    -0.0062704071     0.0219818553
    0.0162470822    -0.0045374058     0.0021180074
   -0.0208433659     0.0139358273    -0.0223637323
    0.0119764173     0.0319109737     0.0353620750
   -0.0042076750    -0.0034376504    -0.0065307643
   -0.0091567329    -0.0292654847    -0.0292877173
   -0.0074857130     0.0090007280    -0.0066104143
    0.0044234218    -0.0144577574     0.0032312661
    0.0001838918     0.0011064158     0.0004496183
   -0.0018043566    -0.0025600252    -0.0031749118
    0.0007369651     0.0015861786     0.0006853497
    0.0010388932     0.0013928618     0.0024586993
    0.0194603369    -0.0066999975    -0.0244519777
    0.0193375477    -0.0119138727     0.0082036167
   -0.0278769849     0.0124906872     0.0193834077
   -0.0014337685    -0.0017630304     0.0011459478
    0.0009189822     0.0019726831    -0.0014985682
    0.0010883347     0.0005070334    -0.0002671852
   -0.0097256999    -0.0031765464    -0.0017465030
    0.0075211057     0.0033236817     0.0012852693
    0.0044381835     0.0024815438     0.0021539244
    0.0207091120    -0.0231845366     0.0381157052
   -0.0073973631     0.0046473871     0.0077617170
   -0.0160396973     0.0169383413    -0.0341402383
   -0.0259302209    -0.0253071846    -0.0326726927
    0.0104997755    -0.0050030987     0.0220119008
    0.0134222480     0.0244188032     0.0051033069
    0.0039264232     0.0103239663     0.0280232491
   -0.0006599293     0.0017178777    -0.0126864219
    0.0021380515    -0.0093000631    -0.0095187654
    0.0000720123    -0.0030287015     0.0070498430
    0.0082418864     0.0005960989     0.0067000231
   -0.0053834358     0.0007013570    -0.0162988141
    0.0020882767    -0.0000877888     0.0013811288
   -0.0009149837    -0.0002010531    -0.0007503051
   -0.0011792174     0.0002059401    -0.0004698621
   -0.0090625251    -0.0206546207     0.0308484193
    0.0051165760     0.0028844623    -0.0308637492
    0.0022628468     0.0167738922    -0.0024038547
    0.0001631003    -0.0015383359     0.0002275714
   -0.0003345118     0.0004290731     0.0002370904
    0.0001666422     0.0012431915    -0.0004068700
    0.0201505676     0.0049669835    -0.0128189504
   -0.0128347783    -0.0033696671    -0.0155085293
   -0.0088843348     0.0026823509     0.0299611487
    0.0000331500     0.0008885923    -0.0002065706
    0.0000385388    -0.0001060096     0.0000785733
   -0.0001029849    -0.0006239750     0.0001907577
    0.0048655054     0.0256965436    -0.0225866021
   -0.0082633556    -0.0059698678     0.0011396743
    0.0026443492    -0.0169889166     0.0218049863
    0.0318844959    -0.0156232783    -0.0098854838
   -0.0041904428     0.0022262495     0.0041672774
   -0.0267900602     0.0145452906     0.0073055081
    0.0370312565    -0.0288900244    -0.0039774524
   -0.0194186067     0.0068347898     0.0126243372
   -0.0196071877     0.0245419511    -0.0056459350
   -0.0052811537     0.0075316702    -0.0199970592
    0.0023650408    -0.0096512813     0.0102226962
    0.0061669736     0.0016907513     0.0069043654
   -0.0254095742     0.0101285521     0.0004580130
    0.0027266136    -0.0034296292    -0.0016890463
    0.0232958055    -0.0095206945     0.0006592154
   -0.0236624970    -0.0058158713    -0.0230697159
    0.0258564073     0.0073611719     0.0052771975
    0.0004549183     0.0016397299     0.0236652390
   -0.0061355223    -0.0003336224     0.0068759553
    0.0050212333    -0.0057587755    -0.0062363083
   -0.0019651430     0.0021851205    -0.0030643887
    0.0356243084    -0.0112428732    -0.0408774768
   -0.0337368399     0.0220564275     0.0317671511
   -0.0025986409    -0.0104819096     0.0063848056
    0.0306924843    -0.0301245637     0.0431385643
   -0.0069182704     0.0063193288     0.0003965520
   -0.0193382280     0.0217175506    -0.0462661430
    0.0018401309     0.0131137452    -0.0041145433
    0.0022738540     0.0038463969     0.0062520075
   -0.0044156280    -0.0052540709     0.0032739199
   -0.0075370009    -0.0175363213     0.0067709093
   -0.0074107825    -0.0092491608     0.0030965250
    0.0142279928     0.0231842450    -0.0120367058
    0.0098896544     0.0182582440    -0.0047375424
   -0.0014529033     0.0026522155    -0.0060838418
    0.0040821084    -0.0054896434     0.0044376953
    0.0162732287     0.0168652270    -0.0146658907
   -0.0148768835    -0.0005211460     0.0161026666
   -0.0014496858    -0.0120480350    -0.0001014277
    0.0050649242     0.0018746133     0.0046314801
   -0.0130727457    -0.0046690681    -0.0112887834
    0.0025518224    -0.0028127293     0.0058818752
    0.0112875241    -0.0242459305    -0.0002246953
   -0.0009791353     0.0049457531    -0.0004874777
   -0.0123243821     0.0116127055     0.0010147216
    0.0034238437     0.0148990552     0.0060994035
    0.0033537768    -0.0124786266    -0.0130039190
   -0.0112736791    -0.0033030385     0.0061603466
    0.0111425198    -0.0257958798     0.0113286700
   -0.0118297779     0.0211263926    -0.0129029730
   -0.0026125504     0.0012823475     0.0012865249
   -0.0102753013    -0.0192916815    -0.0122292817
   -0.0015450492    -0.0130926639     0.0018329015
    0.0041730177     0.0279197703     0.0025374556
    0.0041342514     0.0181917667     0.0003988956
   -0.0049467452    -0.0013068134    -0.0091443610
   -0.0086208096    -0.0116414067     0.0031043442
    0.0049831613    -0.0096556186     0.0139730116
    0.0031395769    -0.0094425726    -0.0130068333
   -0.0015163555     0.0152939796    -0.0040321585
   -0.0296306258    -0.0130079372     0.0003837646
   -0.0023789646    -0.0002590957     0.0013047253
    0.0291044770     0.0083582790    -0.0055309972
    0.0044882561    -0.0065109549     0.0055543573
    0.0015948817     0.0033173414    -0.0081842562
   -0.0056371691     0.0051599629     0.0051003840
   -0.0211664460    -0.0357520514     0.0137059232
    0.0127747528     0.0056198439    -0.0063396941
    0.0045253981     0.0309638969    -0.0069411231
   -0.0253287338    -0.0002854957     0.0011501100
   -0.0006036695     0.0022980178    -0.0090167576
    0.0216673502    -0.0021961162     0.0027359063
   -0.0326618404    -0.0202874431     0.0258183611
    0.0085647267    -0.0048482737    -0.0180700900
    0.0235649120     0.0170646591    -0.0075535515
    0.0169393750    -0.0087809678     0.0213959971
   -0.0011841155    -0.0048475684    -0.0035400299
   -0.0099156012     0.0125057187    -0.0107813942
   -0.0004471700     0.0001962263    -0.0013570922
    0.0001878896    -0.0000602160     0.0008051620
    0.0000783023     0.0000248165     0.0003424227
   -0.0218838236     0.0256057827    -0.0362334591
   -0.0013131742    -0.0087979609     0.0008606227
    0.0232183085    -0.0099984215     0.0143180361
    0.0319321442     0.0372958516    -0.0142827094
   -0.0072279314    -0.0495194948    -0.0039805710
   -0.0225626243     0.0037419716     0.0179563579
   -0.0319700504    -0.0074416511     0.0513314714
    0.0073803669     0.0088042878    -0.0061554649
    0.0220925668    -0.0013383027    -0.0356439955
    0.0143506847    -0.0094764608    -0.0087711660
    0.0065073420     0.0011860350     0.0029689088
   -0.0178691642     0.0054907296     0.0024065143
   -0.0406546160    -0.0092840948     0.0132801287
    0.0182577338     0.0114767399    -0.0366415992
    0.0174425676    -0.0029607285     0.0312804207
   -0.0229917926     0.0108041591     0.0307656537
    0.0010585300    -0.0177985707    -0.0118885619
    0.0249850316     0.0100083455    -0.0221326934
   -0.0106425217     0.0021375235     0.0469576119
    0.0126540021     0.0122152889    -0.0166191728
    0.0034800816    -0.0132425169    -0.0236597954
    0.0293092059     0.0093843840     0.0071050478
   -0.0251335930     0.0038619298    -0.0024418274
   -0.0037933202    -0.0145976145    -0.0074118181
    0.0008402030    -0.0012909102    -0.0005843656
   -0.0002903429     0.0007891952     0.0007884107
   -0.0007021864     0.0009183004    -0.0000890892
   -0.0128379272    -0.0005573021    -0.0198023617
   -0.0024697324    -0.0020242284     0.0220386013
    0.0120136723    -0.0016167976    -0.0061974121
    0.0090180040    -0.0058055134     0.0004762731
   -0.0082150403     0.0128867753     0.0100470992
    0.0056829689    -0.0106749303    -0.0070054629
    0.0017041309     0.0025422009    -0.0001026622
   -0.0007926987    -0.0011119042     0.0004079205
   -0.0011205625    -0.0012186486    -0.0002012051
   -0.0266396620    -0.0276410034    -0.0185827944
   -0.0018114804     0.0003352622     0.0034309471
    0.0137177738     0.0157141922     0.0153312022
   -0.0165916927    -0.0168066335    -0.0204913613
   -0.0022052656    -0.0033075415    -0.0081647590
    0.0159288694     0.0141488027     0.0115079485
    0.0048251762     0.0219393766    -0.0204536826
   -0.0060438459    -0.0179913979     0.0158241668
    0.0004781307     0.0011513702     0.0031339647
    0.0299682452    -0.0488245478    -0.0163515637
    0.0037454661     0.0247812704     0.0202668268
   -0.0261201072     0.0245327288    -0.0004450317
    0.0138281804     0.0090769308    -0.0156203176
   -0.0027828379     0.0009774067     0.0052752232
   -0.0057557806    -0.0045630214     0.0075692263
   -0.0162837753    -0.0143432132    -0.0108249889
   -0.0033866872    -0.0122370896     0.0009774415
    0.0114089380     0.0250554895     0.0130325920
    0.0148470764     0.0201098795    -0.0184029274
   -0.0009190276    -0.0191627310     0.0155001287
   -0.0135105026     0.0017673122     0.0014230898
    0.0241562241    -0.0298863395     0.0084906618
    0.0008370827    -0.0084351040     0.0060553844
   -0.0269985906     0.0361016189    -0.0086972941
    0.0244554810     0.0108347090     0.0168922503
   -0.0112664636     0.0099269485    -0.0063125245
   -0.0169454588    -0.0218785850    -0.0145877395
    0.0122902500    -0.0192271635     0.0053316001
   -0.0006605744     0.0005716953    -0.0062529644
   -0.0149716172     0.0113944085    -0.0015356916
   -0.0002183146     0.0000057855    -0.0003248303
    0.0000724117    -0.0001795174     0.0002366921
    0.0001744683     0.0000310934     0.0001307950
   -0.0013086048     0.0000204279    -0.0008210838
    0.0010140830    -0.0003469392     0.0003762166
    0.0007348369     0.0001639054     0.0003477899
    0.0104308187     0.0085534093     0.0255461173
   -0.0056761594     0.0059155033    -0.0264480395
   -0.0102531043    -0.0090023582    -0.0070108439
    0.0144861917    -0.0318384101    -0.0126659446
    0.0072694261     0.0088414483     0.0130844448
   -0.0164027704     0.0218063553    -0.0090221104
   -0.0147163377    -0.0077806061    -0.0050266044
    0.0030773218     0.0010929017     0.0009070786
    0.0110325505     0.0079372679     0.0051498627
   -0.0054882057    -0.0021737986     0.0153586617
   -0.0054807672     0.0064838313    -0.0042346555
    0.0045240618     0.0000393435    -0.0114509706
    0.0486950446    -0.0520575542    -0.0040162933
   -0.0233985591     0.0490324457     0.0060179897
   -0.0201201134     0.0008214596    -0.0043431930
   -0.0136236745     0.0212436038     0.0324989210
   -0.0042992985    -0.0128992647    -0.0340078777
    0.0140305046    -0.0043991404     0.0076059967
   -0.0115864874    -0.0432090016     0.0104383249
    0.0073594489     0.0386991171    -0.0058910813
    0.0021256482     0.0091172367    -0.0023475631
   -0.0332964951    -0.0146828568    -0.0288670260
    0.0391856598     0.0177145366     0.0343096131
   -0.0053927623    -0.0031236082    -0.0083859940
    0.0011583450    -0.0017659748    -0.0158101328
   -0.0039236482     0.0052834943     0.0106565865
    0.0040761158    -0.0039672014     0.0055027540
   -0.0033688600     0.0020612846    -0.0005471792
    0.0022618553    -0.0041305832    -0.0023594959
    0.0018895648    -0.0005601372    -0.0004156834
   -0.0450244057    -0.0075235033    -0.0275834880
    0.0321004093    -0.0097861332     0.0191989929
    0.0108610624     0.0150412086     0.0125034612
   -0.0047540971     0.0376328847    -0.0018696780
    0.0003470469    -0.0326556836     0.0074272514
   -0.0004997924    -0.0024709018    -0.0012705972
   -0.0016144879     0.0114175741    -0.0097415388
   -0.0062006250    -0.0042261198     0.0219997917
   -0.0041023120    -0.0024434089    -0.0009169318
    0.0082445128     0.0004849607     0.0489932506
   -0.0229844430    -0.0107160814    -0.0376626795
    0.0161237083     0.0099815139    -0.0152424201
    0.0018299221     0.0148326662     0.0003461498
   -0.0015835835    -0.0109606071    -0.0020158487
    0.0059505930    -0.0111208171     0.0077190523
   -0.0448904230     0.0126831237    -0.0007182283
    0.0335784599    -0.0061774645    -0.0005468201
    0.0028215420    -0.0059342828     0.0017883695
    0.0195541597     0.0005720667    -0.0008973987
   -0.0112090306    -0.0014254354     0.0050565491
   -0.0064934732    -0.0010575568    -0.0035537148
    0.0180657089     0.0450023919    -0.0062843235
   -0.0223795501    -0.0317496160     0.0036931747
    0.0075485108    -0.0160098714     0.0034956833
    0.0038273944    -0.0285148003     0.0029260392
   -0.0044943970     0.0159878176     0.0048955716
    0.0019307313     0.0104726089    -0.0067217362
   -0.0605541889    -0.0197711676     0.0358281092
    0.0468105269     0.0214813868    -0.0388860315
    0.0191007464    -0.0046924352     0.0062042494
    0.0160275604    -0.0055905520    -0.0166770264
   -0.0053179671     0.0013653648     0.0081495789
   -0.0051582671     0.0039005494     0.0055327002
   -0.0221451844    -0.0024766461    -0.0742372297
   -0.0006505365     0.0089776821     0.0619662214
    0.0213545432    -0.0047049544     0.0102364431
   -0.0017326233    -0.0033291939    -0.0013262446
    0.0064549730    -0.0007965398    -0.0043254628
    0.0005182595    -0.0002515244    -0.0007797345
   -0.0043171786    -0.0007914007     0.0164085923
    0.0024507377     0.0030856468    -0.0182374663
    0.0042586581    -0.0026804559    -0.0013788052
    0.0142062075     0.0029437999     0.0110178489
   -0.0028158930     0.0013885627    -0.0052450775
   -0.0052603977    -0.0006629475     0.0014122972
    0.0231574625     0.0453942616    -0.0005194962
   -0.0064863232     0.0044574620    -0.0011062685
   -0.0084049042    -0.0512206120     0.0037252151
    0.0189250492    -0.0081291622     0.0126031437
   -0.0023743306     0.0016577714     0.0002002109
   -0.0222977369     0.0095177249    -0.0210966395
    0.0053078189     0.0094416274    -0.0413384298
    0.0047222867    -0.0019637026     0.0372995173
   -0.0148522658    -0.0060529818     0.0047480218
   -0.0122778265    -0.0187880264     0.0192486849
   -0.0011340204    -0.0006249384    -0.0133373178
    0.0041279130     0.0019655320     0.0055966053
   -0.0539809034    -0.0012677092     0.0262566085
    0.0134173134     0.0171381709    -0.0003138311
    0.0407578519    -0.0091252075    -0.0274350535
    0.0054686924    -0.0066148550    -0.0611829701
   -0.0139837388     0.0087571523     0.0258254087
    0.0114607438     0.0027918378     0.0304994754
    0.0089227614     0.0092287262     0.0068100879
   -0.0046652668     0.0023774740    -0.0080509005
    0.0002398345    -0.0134251107    -0.0025712572
   -0.0108032321     0.0056510846    -0.0039298562
    0.0102445755     0.0003659413     0.0004272548
    0.0001469763    -0.0015330236     0.0031130379
   -0.0055810241     0.0046042791     0.0059674987
    0.0026045356    -0.0011188482    -0.0092379388
    0.0039266936    -0.0049838503    -0.0006761443
   -0.0083255309    -0.0064673904    -0.0060304886
    0.0052871579     0.0043767421     0.0043701829
    0.0006617722     0.0013530927     0.0002574255
    0.0167559843     0.0176787800    -0.0153784540
   -0.0116323499     0.0063520873    -0.0125014415
    0.0051278435    -0.0200119739     0.0337276288
    0.0034787035     0.0044604017    -0.0140535588
   -0.0108347746     0.0157142921    -0.0074129912
    0.0059870646    -0.0173046903     0.0216697536
   -0.0147488483    -0.0139699234    -0.0843719440
    0.0304253007    -0.0031496836     0.0592555114
   -0.0171907269     0.0215817563     0.0245917566
   -0.0023416172    -0.0060133303     0.0046889047
    0.0034559390     0.0087352789    -0.0067146012
    0.0014456211     0.0016042412    -0.0011961633
   -0.0157759224    -0.0310735997     0.0207020294
    0.0099237725     0.0172862195    -0.0189533161
   -0.0024696739     0.0127053716    -0.0032897260
    0.0110616298    -0.0049606949     0.0428386626
   -0.0090009431     0.0144085531    -0.0106218543
   -0.0049305169    -0.0051875323    -0.0300906396
   -0.0128435607    -0.0171244688    -0.0096686352
    0.0035678238     0.0067560096     0.0060318335
    0.0092056869     0.0059811968     0.0054569175
   -0.0155015087     0.0131361025    -0.0063809767
    0.0146022684     0.0001382340     0.0010438442
   -0.0051232023    -0.0008712273     0.0058895187
   -0.0003625418     0.0025435020    -0.0004922201
   -0.0001001438    -0.0015809443     0.0001540212
    0.0001613278    -0.0010505931    -0.0000365290
   -0.0007911575    -0.0228600195    -0.0051011344
   -0.0027283108     0.0176169131    -0.0125117967
    0.0043318212    -0.0011966071     0.0100368459
   -0.0036938559     0.0004592935    -0.0019661091
    0.0054780622    -0.0027442513     0.0015989092
   -0.0003932034     0.0049046551    -0.0036647262
    0.0117520882     0.0112866034     0.0218762425
   -0.0111304262    -0.0097337610    -0.0166665240
   -0.0010350635    -0.0000674323    -0.0047066702
    0.0142910653    -0.0192103357    -0.0106434879
    0.0034484238     0.0115164237     0.0061905476
   -0.0152761233     0.0068479386     0.0016255359
   -0.0033291968     0.0040468602     0.0127196971
    0.0067354685    -0.0002087245    -0.0107550780
    0.0034832713    -0.0128808479    -0.0010977876
    0.0104542770    -0.0221645879     0.0123013446
    0.0034804827    -0.0031752743     0.0056267241
   -0.0121598534     0.0240702069    -0.0153895592
   -0.0018428086    -0.0008650117    -0.0026872741
    0.0007894504     0.0005676188     0.0006987960
    0.0012545481     0.0010095258     0.0015783490
   -0.0006819386     0.0020807778     0.0001779856
    0.0007315439    -0.0024018748    -0.0003013399
    0.0002940601    -0.0008518133    -0.0001382628
   -0.0245941000     0.0144788964    -0.0009176555
    0.0275727304    -0.0058105375    -0.0003774649
    0.0003032315    -0.0063275630     0.0034178322
   -0.0000557024     0.0334844929     0.0228103223
   -0.0031553514    -0.0041496596    -0.0311536023
    0.0072547742    -0.0284946485     0.0157172663
    0.0108867095    -0.0242707569    -0.0088915788
   -0.0082471843     0.0183391730     0.0033720474
   -0.0035737692     0.0058032735     0.0032802247
   -0.0239598849    -0.0235840963     0.0325347437
   -0.0003248041     0.0039020502     0.0005141104
    0.0191572915     0.0159824421    -0.0272684222
    0.0559754446     0.0180230959    -0.0074159970
   -0.0097979911     0.0152608875     0.0042603781
   -0.0494458834    -0.0308625491     0.0041799420
   -0.0114982942    -0.0052579385    -0.0297214822
    0.0090613833     0.0092433261     0.0222236356
    0.0023302298     0.0006659291     0.0067801358
    0.0086668980     0.0394562471     0.0154271016
   -0.0212275094     0.0010125221     0.0000243795
    0.0192606175    -0.0497482802    -0.0191085240
    0.0035707397    -0.0170195162     0.0194240686
   -0.0125654112     0.0087138612     0.0008098104
    0.0070190322     0.0064856181    -0.0197438503
   -0.0182117873    -0.0230441014     0.0075832477
   -0.0016573383     0.0029140710    -0.0009896379
    0.0153134646     0.0191708861    -0.0103753553
    0.0230836571     0.0314935415     0.0316653355
    0.0195024567    -0.0276299943    -0.0044259368
   -0.0468832889    -0.0035094185    -0.0232708326
   -0.0007400110     0.0350478920    -0.0020248194
    0.0073739770    -0.0134963903     0.0048076824
   -0.0069787153    -0.0275658940    -0.0013037697
   -0.0011937288     0.0125722113    -0.0136184308
    0.0053567406     0.0085248613     0.0068586630
   -0.0063387715    -0.0199926485    -0.0006181107
   -0.0294805702    -0.0203801822     0.0079454780
    0.0278938358     0.0236026924     0.0003483245
    0.0014228937     0.0015122760    -0.0111198964
    0.0011084456    -0.0036028415     0.0004071462
   -0.0007101784     0.0017561698    -0.0009777816
   -0.0002044639     0.0009215475     0.0001910418
   -0.0024304352     0.0195548459    -0.0081840861
    0.0100391437    -0.0177514480    -0.0016728310
   -0.0058767426    -0.0062764645     0.0088306760
   -0.0324342419    -0.0215199348     0.0057040791
    0.0177887890     0.0240574805    -0.0055480725
    0.0087036784     0.0007162841     0.0009665688
    0.0279060227     0.0396433210    -0.0129879009
   -0.0181142668    -0.0328929501     0.0121399435
   -0.0099736888    -0.0139312744    -0.0017826856
   -0.0503594474     0.0493323820    -0.0174585052
    0.0063171707    -0.0087591566    -0.0083705470
    0.0478789850    -0.0418016718     0.0235082122
   -0.0006790454     0.0084948692     0.0029571392
    0.0051055510    -0.0086525801    -0.0032745644
    0.0005025863     0.0006466556     0.0014897012
    0.0063828093    -0.0181965796     0.0178319850
   -0.0105215345     0.0192138703    -0.0076365860
   -0.0019045717     0.0018350186    -0.0062150231
    0.0088668369     0.0047418179     0.0146651142
   -0.0027536926    -0.0007263606    -0.0013716421
   -0.0094238342    -0.0103799596    -0.0202109137
   -0.0058766502    -0.0072186100     0.0023216109
    0.0123024491    -0.0066463909    -0.0043997967
    0.0004982521     0.0077134757     0.0050389801
   -0.0226064015    -0.0318803887     0.0050118547
    0.0239350864     0.0234912265    -0.0092775394
   -0.0014633403     0.0067225007     0.0073357995
    0.0326644674    -0.0096161829    -0.0196053546
   -0.0037355856     0.0103194530    -0.0061611508
   -0.0233149888    -0.0029580940     0.0170635797
   -0.0058407564     0.0311554124    -0.0337649803
    0.0043355392    -0.0216399254     0.0251893030
    0.0046320727     0.0053717722     0.0093785185
   -0.0178539616     0.0145991197    -0.0260292882
    0.0199260879    -0.0002921705     0.0158841546
    0.0028662185    -0.0122053973     0.0092509471
   -0.0004881659    -0.0125118932     0.0097583498
    0.0079364072     0.0017387506    -0.0008896461
   -0.0049443046     0.0082751589    -0.0054839316
   -0.0296303025     0.0238700056     0.0299686049
    0.0150566185     0.0032422904    -0.0293678393
    0.0171456904    -0.0295671899    -0.0043544577
    0.0009308741    -0.0022378812     0.0018324838
   -0.0005114480     0.0008219894    -0.0006544046
   -0.0003494258     0.0007997007    -0.0010288744
    0.0228721524    -0.0040082155     0.0046308194
   -0.0181543852     0.0025191588    -0.0029538802
   -0.0039615916     0.0007085169    -0.0032342215
    0.0032394053     0.0021342917     0.0011205609
    0.0053330269    -0.0019988311     0.0008244110
   -0.0079405346    -0.0026235287    -0.0024637064
    0.0104221781    -0.0239992358    -0.0116077639
    0.0072631316     0.0092735698     0.0001794731
   -0.0170926496     0.0196737884     0.0094825723
    0.0040855285    -0.0031088732     0.0020373254
   -0.0038328863     0.0020907557    -0.0010323220
   -0.0017697578     0.0024807709    -0.0019357222
   -0.0013995179    -0.0346712344    -0.0037460486
   -0.0082278652    -0.0050961497    -0.0010002685
    0.0076210699     0.0369445494     0.0045093082
   -0.0584358372    -0.0137261912    -0.0067504242
    0.0466808199     0.0174036594     0.0021098398
    0.0142468240    -0.0093338845     0.0034695549
   -0.0025454513     0.0009698661     0.0008351782
    0.0008736014    -0.0005828251    -0.0005539123
    0.0012334396    -0.0004159591    -0.0003892245
    0.0484206503    -0.0187835938     0.0323835560
   -0.0096299165    -0.0002565665    -0.0334811038
   -0.0336408924     0.0198121376    -0.0010782190
    0.0125643093     0.0086769055    -0.0151322070
   -0.0118217771    -0.0164622368     0.0104741714
    0.0003681442     0.0036682733     0.0012041530
   -0.0175304492    -0.0071779710    -0.0298266753
    0.0172638884    -0.0129648063    -0.0004102182
   -0.0006391227     0.0207155335     0.0306146358
   -0.0239121794    -0.0128384931     0.0055740560
    0.0023005818     0.0152553162    -0.0018194234
    0.0142727937     0.0018359756    -0.0012447046
    0.0018661271     0.0024038226    -0.0048365973
    0.0010743158     0.0000797311     0.0067740602
   -0.0013496741    -0.0011934262     0.0018077772
    0.0467677913     0.0245072220     0.0055371122
   -0.0112539497     0.0008673388     0.0149723052
   -0.0295064569    -0.0173583576    -0.0163266644
    0.0011843604     0.0010923331     0.0004458540
   -0.0008885259    -0.0002618098    -0.0002986106
   -0.0004334865    -0.0008666484    -0.0000485559
    0.0190990862    -0.0158282374    -0.0195254026
   -0.0091812080     0.0070997689     0.0179674476
   -0.0078100487     0.0085899941     0.0003282627
    0.0048344701     0.0053241527     0.0151660163
   -0.0043288865    -0.0275504187    -0.0239859689
   -0.0032563912     0.0211773091     0.0110354381
    0.0108249613    -0.0096184790     0.0419875840
    0.0022944997     0.0021546471    -0.0327192757
   -0.0146032914     0.0067467408    -0.0049353354
   -0.0336922599     0.0161700259     0.0037747599
   -0.0095604064    -0.0024095051     0.0049560131
    0.0422644680    -0.0143419331    -0.0106590098
    0.0056059552     0.0226755871    -0.0319721057
    0.0040777387    -0.0275470616     0.0002379051
   -0.0114557879     0.0193493847     0.0302882275
   -0.0103673311    -0.0037582641    -0.0091400015
    0.0025146640    -0.0067790117     0.0042861368
    0.0065824303     0.0089255966     0.0053682855
    0.0034074623     0.0016236306    -0.0004413381
   -0.0027213470    -0.0005578695    -0.0000022720
   -0.0010795351    -0.0004923641     0.0002004808
    0.0070873707     0.0140335979     0.0059644676
   -0.0101866550    -0.0075108796    -0.0105411989
    0.0015116601    -0.0049270767     0.0012524563
   -0.0004298855     0.0013447965     0.0005382855
    0.0003667722    -0.0005499314    -0.0002458415
    0.0000709938    -0.0007385898    -0.0004552912
    0.0054807273    -0.0089168899    -0.0058999132
   -0.0079558160     0.0102368087     0.0045773773
    0.0057660828    -0.0054161199     0.0112155295
   -0.0055774931    -0.0189025595    -0.0080628203
    0.0037824262     0.0073563170     0.0052640100
    0.0095130967     0.0094349645    -0.0028473871
    0.0250708799    -0.0076977623     0.0199311874
    0.0047076669    -0.0022582713    -0.0030354927
   -0.0267149127     0.0084484511    -0.0166837197
    0.0195667999     0.0094794866     0.0283143691
   -0.0107121401    -0.0099908246     0.0048617018
   -0.0066026509    -0.0008699017    -0.0316945265
   -0.0105292299    -0.0390643070    -0.0214744679
   -0.0003551727     0.0064846630     0.0107659022
    0.0044787212     0.0293289692     0.0095462574
    0.0395020094     0.0222649987     0.0064777399
   -0.0368273997    -0.0041184289     0.0081088471
   -0.0065814661    -0.0100081816    -0.0134100949
    0.0044593506     0.0013695894     0.0025972879
   -0.0148432127     0.0069117841    -0.0060319336
    0.0111962555    -0.0055328525     0.0026246375
   -0.0338849784    -0.0024927026     0.0268786522
   -0.0004728093     0.0060416517    -0.0072775181
    0.0262979651    -0.0105306410    -0.0221168912
    0.0213126026     0.0108777514     0.0019074056
    0.0043640017    -0.0107909691    -0.0044963679
   -0.0261709560     0.0023833170     0.0004087365
    0.0101126684     0.0049435219     0.0354906796
    0.0061318772    -0.0107762519    -0.0152074218
   -0.0238501073     0.0063497441    -0.0207980291
    0.0019935820    -0.0015421894    -0.0018664406
   -0.0011977747     0.0009847723     0.0004366527
   -0.0010237955     0.0010395584     0.0019427587
    0.0187390804     0.0159257627    -0.0188187414
   -0.0125347678     0.0054503031     0.0086428389
   -0.0020257282    -0.0241440291     0.0121675838
    0.0336409912    -0.0024707266     0.0074704484
   -0.0176825449     0.0133497940    -0.0044144955
   -0.0163353912    -0.0091025142     0.0025942335
    0.0100317817    -0.0082652678     0.0434803486
   -0.0101339413    -0.0053416520    -0.0058439929
   -0.0029233188     0.0146139482    -0.0376062276
    0.0050014794    -0.0021858683    -0.0011015854
   -0.0019027359     0.0016169849     0.0012577560
   -0.0013351971     0.0006108699     0.0003723676
   -0.0003282881     0.0030781709     0.0227118646
   -0.0028823399     0.0003373166    -0.0123092254
    0.0005508312    -0.0060198846    -0.0006853617
    0.0026579328     0.0040101319     0.0006630528
   -0.0018129437    -0.0022962009     0.0008032036
   -0.0011771311    -0.0013610073    -0.0005582467
   -0.0000332418     0.0000816133    -0.0003605631
    0.0000215404    -0.0000795574     0.0000907231
    0.0001128829    -0.0000229813     0.0002135390
    0.0003215364     0.0010854486     0.0015706310
   -0.0001673176    -0.0004847593    -0.0011946736
   -0.0003952043    -0.0006675306    -0.0006417124
   -0.0116914632    -0.0442906446    -0.0113354172
    0.0202675306     0.0352608693     0.0077159934
   -0.0096574650     0.0083624298     0.0005765488
    0.0102739535    -0.0036242689     0.0009650657
   -0.0004920904     0.0105663906     0.0041697855
   -0.0078296067    -0.0006822888    -0.0043102902
    0.0058549200     0.0088863720     0.0115778671
   -0.0133055335     0.0012641011     0.0069847046
    0.0183399319    -0.0003680876    -0.0078091384
    0.0107501709     0.0119815295     0.0061099598
   -0.0186323148     0.0067906366     0.0038150646
    0.0060995198    -0.0138208839    -0.0067990921
    0.0109592655    -0.0045644194    -0.0240305647
   -0.0046829340     0.0037393626     0.0016739694
   -0.0045523851     0.0055028495     0.0214750519
    0.0120710279     0.0342131562    -0.0258804195
    0.0075893259    -0.0391088207     0.0143404165
   -0.0189222387     0.0086385829     0.0155429859
    0.0089404166    -0.0005401881    -0.0174370664
    0.0011065685     0.0124420635     0.0096178326
   -0.0117933403    -0.0098723832     0.0075172906
   -0.0224554396    -0.0021176526    -0.0336112517
    0.0158422417    -0.0010556809    -0.0003125943
    0.0105405299    -0.0002787847     0.0315241385
    0.0021807266    -0.0083242396     0.0095402323
    0.0125813684     0.0092298736    -0.0021152615
   -0.0077375298     0.0008459260    -0.0028901583
   -0.0111336625     0.0168718098    -0.0203109116
   -0.0039913871     0.0008100753    -0.0029381051
    0.0088519215    -0.0201859095     0.0233453995
   -0.0251661589     0.0415376953    -0.0291142981
    0.0218836240    -0.0249361933     0.0284614798
   -0.0001885703    -0.0205986148    -0.0012769778
   -0.0148641812     0.0024682895     0.0015848067
    0.0027938611    -0.0004406623    -0.0080559434
    0.0152333587    -0.0037590049     0.0052419366
    0.0137345516     0.0151386593    -0.0084307574
   -0.0039340819    -0.0029309926     0.0069659615
   -0.0079706084    -0.0114068336    -0.0026383309
    0.0005755113     0.0015353031     0.0039813007
   -0.0000995547    -0.0002890560    -0.0013116579
   -0.0011538597    -0.0006526018    -0.0034374682
    0.0184798577     0.0106372737     0.0173951522
   -0.0224298256    -0.0085941099    -0.0117217819
    0.0034443072    -0.0033425431    -0.0080766177
    0.0345653646     0.0055295550     0.0386152399
   -0.0282942184     0.0084648700    -0.0461378352
   -0.0039852056    -0.0040584355     0.0032898655
    0.0328492836     0.0304959716     0.0195612261
   -0.0013020835    -0.0046922308    -0.0337355973
   -0.0285884391    -0.0261460836     0.0187040886
   -0.0030808941    -0.0187443437     0.0107250828
    0.0009896183     0.0220297851    -0.0190881831
   -0.0002644623    -0.0039676080     0.0054894977
   -0.0295294659     0.0055229196     0.0044498610
    0.0050444965    -0.0103218286    -0.0018220546
    0.0240870014     0.0020171032    -0.0034679011
    0.0255722686    -0.0153634666     0.0353083341
   -0.0174085683     0.0014051082    -0.0271651370
   -0.0022656115     0.0173109289    -0.0053316602
    0.0233668165     0.0004436647    -0.0176074276
   -0.0160533812    -0.0030329059     0.0065796109
   -0.0040471726    -0.0010837308     0.0020207195
    0.0023703537     0.0032257851    -0.0100444467
    0.0052330145    -0.0085272815     0.0037688011
   -0.0091838658    -0.0001419006     0.0075976960
   -0.0046939166    -0.0541176579     0.0091479804
    0.0036694204     0.0518107633     0.0034546802
   -0.0029527727     0.0021231988    -0.0093864872
   -0.0127256737     0.0083470167    -0.0053296326
    0.0056592157    -0.0036550173     0.0059997522
    0.0094360829    -0.0024145912    -0.0018079031
    0.0287793617     0.0158589634    -0.0173505023
   -0.0078491331    -0.0042353001     0.0133833830
   -0.0267048070    -0.0136234058     0.0028374322
   -0.0046839064     0.0397984956     0.0267299718
    0.0078281951     0.0100892500    -0.0033377978
   -0.0012293238    -0.0502918997    -0.0221121615
    0.0468833373    -0.0309941317    -0.0352580699
   -0.0581929190     0.0241589095     0.0089237427
    0.0093261211    -0.0024546157     0.0260542095
    0.0128001072    -0.0003974312    -0.0377274593
   -0.0087533633     0.0004852795     0.0225380961
   -0.0072712842     0.0016974960     0.0111207703
   -0.0026719687    -0.0130594617    -0.0248797717
   -0.0023431016     0.0072110264     0.0081334415
    0.0033443236     0.0076102249     0.0074155337
   -0.0000192832     0.0000471781    -0.0004702887
    0.0001967064     0.0002545637     0.0000828145
   -0.0001813852    -0.0001775686     0.0002065893
   -0.0085903748    -0.0139796144    -0.0153973947
   -0.0074094961    -0.0030420669     0.0050859005
    0.0120445855     0.0158470150     0.0091491851
    0.0038916870    -0.0226506183    -0.0296089079
   -0.0033513195     0.0126784657     0.0183418025
    0.0022580196    -0.0029739665     0.0029230147
    0.0131996975     0.0145747574    -0.0050504619
   -0.0074695361    -0.0086966036    -0.0001323565
   -0.0028791942    -0.0150689265     0.0082916229
   -0.0627865336    -0.0214961704    -0.0108319825
    0.0152101299     0.0171333219     0.0169677945
    0.0467630787     0.0032091525    -0.0041760234
   -0.0223755008    -0.0051126257    -0.0111900370
    0.0231067589    -0.0089588064    -0.0057901871
   -0.0001583652     0.0083465427     0.0059352235
    0.0028107798     0.0003485217    -0.0012745220
   -0.0014825922     0.0000746283     0.0008807442
   -0.0012305466     0.0000596984     0.0000339274
   -0.0112461237     0.0304712064     0.0001767561
    0.0018748699    -0.0075949303    -0.0067208531
    0.0007128267    -0.0095476035     0.0062306126
    0.0362231360    -0.0024505260     0.0051940411
   -0.0192669687     0.0036182046    -0.0075632567
   -0.0184055362    -0.0016527787     0.0071303621
   -0.0089554019     0.0102773352    -0.0133586976
    0.0018626760    -0.0023131030     0.0026066924
    0.0021763748    -0.0045502815     0.0060181386
   -0.0141897700    -0.0191052314     0.0126223178
   -0.0032642474     0.0038218939     0.0043552519
    0.0172481534     0.0099795855    -0.0118644890
    0.0140580928     0.0098632332     0.0207925123
   -0.0027074816    -0.0063657867    -0.0070638409
   -0.0046356168    -0.0008054506    -0.0065452694
    0.0006441748     0.0013198735     0.0040012992
   -0.0036385869     0.0089378053    -0.0005425876
    0.0095372334    -0.0051815703     0.0005617820
   -0.0299857385    -0.0170726452     0.0433480554
   -0.0044867937     0.0111604453    -0.0052394690
    0.0388475042     0.0019064447    -0.0289922446
   -0.0024892317     0.0150220343    -0.0041483234
   -0.0101873020    -0.0160100679     0.0051515837
    0.0091626313    -0.0011610514     0.0063000338
    0.0022789779    -0.0042307976    -0.0112546279
    0.0019958973     0.0113031397     0.0091638960
   -0.0084083964    -0.0002163121     0.0152417200
   -0.0185439921     0.0148604448    -0.0175716487
    0.0317045769    -0.0014476693     0.0067591123
   -0.0122809961    -0.0126417331     0.0101546507
    0.0027095803    -0.0252274674     0.0019429039
   -0.0031060737     0.0070684190     0.0064021419
   -0.0011383197     0.0068747779    -0.0045659603
    0.0320110432     0.0459459455     0.0067291166
   -0.0028539638     0.0009159061    -0.0052464658
   -0.0260388086    -0.0508543779    -0.0059332557
   -0.0004385207    -0.0003460121     0.0036002179
   -0.0002044137     0.0003606863    -0.0021628860
    0.0004730929     0.0005902435    -0.0015771175
   -0.0187918402     0.0134541371    -0.0116692349
    0.0198187666     0.0158974875     0.0300268911
    0.0069877834    -0.0258676276    -0.0137066695
   -0.0004221861    -0.0000138256     0.0000912880
    0.0002395666    -0.0002540922    -0.0001017176
    0.0002515548     0.0002158178    -0.0000065783
   -0.0035819415     0.0004749756     0.0021744033
    0.0008310305    -0.0001360559    -0.0005227954
    0.0022055076    -0.0007922958    -0.0023495075
   -0.0122477217    -0.0055160379    -0.0141244475
    0.0083506652     0.0028788985     0.0025981350
   -0.0024231089     0.0029943402     0.0115681168
    0.0038782674    -0.0163505678    -0.0122379376
   -0.0030223365     0.0176351353     0.0070724915
   -0.0034211737    -0.0071972732     0.0103820613
    0.0047445657    -0.0012530350    -0.0312866575
   -0.0094257672    -0.0035653738    -0.0008161497
    0.0022775252     0.0038550150     0.0254969027
   -0.0258059074    -0.0183570344     0.0000572280
    0.0127898926    -0.0051274579    -0.0017061275
    0.0112291430     0.0245374519     0.0032098858
    0.0019970914    -0.0556129761     0.0300075732
   -0.0236284626     0.0337312210    -0.0173867166
    0.0223771787     0.0254988747    -0.0127780166
   -0.0194519657    -0.0352107608     0.0285912255
    0.0043627535     0.0187223506    -0.0076001882
    0.0153934445     0.0151270509    -0.0221302042
   -0.0013361033    -0.0008010589    -0.0055331886
    0.0008757261    -0.0001744540     0.0011791118
    0.0011788449    -0.0003600861     0.0030525998
   -0.0000492086    -0.0028004996     0.0004040344
   -0.0001215781     0.0013642122    -0.0007207431
    0.0002466767     0.0015513143    -0.0003061980
    0.0033845165     0.0105564443    -0.0377478946
   -0.0003779474    -0.0141363340     0.0110569499
   -0.0128888545     0.0047534798     0.0355443503
---------------------------------------------------
Net gradient: -1.115595e-07 -1.708722e-07  5.136324e-08
Net torque:    1.438253e-03  9.110539e-04 -1.263099e-03


Gradient units are Hartree/Bohr
---------------------------------------------------
        dE/dX            dE/dY            dE/dZ
   -0.0033217821     0.0058928994    -0.0039094051
   -0.0019984217    -0.0025918669     0.0042349782
    0.0036128990    -0.0030549623    -0.0004294100
    0.0017518242     0.0026325069     0.0016968914
    0.0012837568     0.0114114692    -0.0010293812
   -0.0030714844    -0.0010235689    -0.0041098755
   -0.0027296993    -0.0034731593     0.0033746029
    0.0033849303    -0.0043364815    -0.0005717313
    0.0058487263    -0.0174017031     0.0158845668
    0.0055291565     0.0031925828    -0.0136728320
   -0.0108169069    -0.0066358218    -0.0009739693
    0.0070554280     0.0041511561    -0.0067124038
   -0.0224913715     0.0061203469     0.0063099782
   -0.0101581208    -0.0080164126     0.0081933184
    0.0219920305     0.0028317828    -0.0085523913
   -0.0047784532     0.0044152398    -0.0038122177
   -0.0131553716    -0.0045918084    -0.0077895075
   -0.0012454594    -0.0015391115    -0.0020371474
    0.0282116649     0.0682457812    -0.0365077881
   -0.0034896569    -0.0513879565     0.0657899735
   -0.0122462573    -0.0445871142     0.0379640002
    0.0049562360     0.0029962175     0.0024341011
    0.0025350957     0.0383697671    -0.0409188244
    0.0027604310     0.0035898674    -0.0034397394
    0.0142054983     0.0060452124     0.0427404552
   -0.0132179704     0.0051135559    -0.0127995769
    0.0187046369    -0.0596155696    -0.0337123203
    0.0045905738     0.0274248129    -0.0012058414
   -0.0018999479     0.0012194304     0.0015492454
   -0.0004142550     0.0019600992    -0.0025998351
   -0.0043578643    -0.0034624935     0.0023053019
    0.0021564197     0.0043400349    -0.0027203028
   -0.0022045670    -0.0046185876     0.0011532991
   -0.0024948252    -0.0036934328    -0.0032957720
   -0.0292666658     0.0137261906     0.0044414014
    0.0050766418    -0.0020221144     0.0010796441
    0.0081681411     0.0044200265     0.0042660146
    0.0015217163    -0.0022943206    -0.0012168574
   -0.0002952477     0.0009524147    -0.0062062821
   -0.0032945519     0.0049458639    -0.0005602661
   -0.0031720976    -0.0014491730    -0.0000991270
    0.0016346384    -0.0040460805    -0.0044550113

------- MM / Point charge part -------
   -0.0035287903    -0.0004303258    -0.0022838314
    0.0039445725    -0.0002174984     0.0020539578
    0.0016263582    -0.0001442643     0.0000768120
   -0.0035674386    -0.0085169749     0.0164765388
   -0.0029774275     0.0136028531    -0.0156769560
    0.0026160072    -0.0051163651    -0.0004675816
    0.0422031256     0.0062301525     0.0348155708
    0.0104202236     0.0120078795    -0.0206016011
   -0.0381642946    -0.0210567020    -0.0058085586
   -0.0051966224     0.0086806876    -0.0025293188
    0.0014784395     0.0009937712     0.0046195292
   -0.0027027348    -0.0041908004     0.0011256219
   -0.0003064241    -0.0436058511     0.0116193821
   -0.0024905073     0.0170474012     0.0072681585
    0.0065049567     0.0256751145    -0.0234731784
   -0.0015856458    -0.0006760008     0.0009088499
    0.0006421322     0.0006266352    -0.0003696818
    0.0011536482    -0.0001362340    -0.0006925534
   -0.0384538640    -0.0268492700     0.0129278794
    0.0098554073    -0.0000246953     0.0039890371
    0.0317485235     0.0281480703    -0.0159917665
    0.0047197186    -0.0283744335     0.0213152066
   -0.0021295794     0.0179692214    -0.0228497352
    0.0033284323     0.0040865736     0.0010854155
   -0.0151026908     0.0177399137    -0.0123326928
   -0.0087689932    -0.0044460601     0.0001102693
    0.0176244368    -0.0159694521     0.0085405574
    0.0077156824    -0.0022584894    -0.0019444109
   -0.0120766207    -0.0098889448    -0.0062210754
    0.0047737490     0.0170754885     0.0092900954
   -0.0151693184     0.0033609670     0.0044387511
    0.0181563619    -0.0008265671    -0.0118001366
    0.0003243150     0.0006735736     0.0026005411
    0.0129669164     0.0101791891    -0.0265054060
   -0.0019771184     0.0036362807     0.0110221449
   -0.0046222642     0.0022908796     0.0043494508
    0.0548968396     0.0377349522    -0.0188265828
   -0.0159536333     0.0034852926    -0.0067138971
   -0.0371209396    -0.0409344061     0.0171293102
    0.0009453236     0.0057238766    -0.0028565455
   -0.0002034034    -0.0037823411     0.0023206207
   -0.0040586978     0.0025934973     0.0018691554
   -0.0004153142    -0.0022036276    -0.0021402059
    0.0002512515     0.0012407030     0.0011149398
    0.0005012311     0.0006700058     0.0011072584
   -0.0008029791     0.0088654015     0.0222444656
   -0.0106069901     0.0041520173    -0.0011786954
    0.0070406430    -0.0156345375    -0.0228823084
   -0.0072674567     0.0159690886    -0.0211337001
   -0.0023172471     0.0070919384     0.0081582003
    0.0077530704    -0.0178413789     0.0107608294
   -0.0118091706    -0.0131704288     0.0113161885
    0.0185997505     0.0190126988     0.0000679863
   -0.0068281874    -0.0029185395    -0.0176271409
    0.0037682144     0.0050587710     0.0127586710
    0.0031895567     0.0029229576    -0.0030777693
   -0.0034294358    -0.0076845983    -0.0085022180
    0.0080321166    -0.0092115721     0.0013304184
    0.0033774579     0.0021821400    -0.0021985661
   -0.0086337622     0.0023720480     0.0015132698
    0.0252761519     0.0326051337    -0.0095196178
   -0.0219325516    -0.0066966406    -0.0050833452
   -0.0112718837    -0.0234971245     0.0122509151
   -0.0200061211     0.0020607001     0.0035435765
    0.0048138906     0.0057084989    -0.0014543297
    0.0105693320    -0.0080815107     0.0006960000
    0.0290994324     0.0043951641     0.0043427724
   -0.0172602557    -0.0128715291    -0.0042584629
   -0.0147712378     0.0069480922     0.0026623486
   -0.0106154706     0.0025754983     0.0058660859
    0.0016625447    -0.0036860919    -0.0031952064
    0.0090182459     0.0029810781    -0.0027004966
   -0.0176442102    -0.0051025791     0.0122164723
    0.0155235891     0.0082225803    -0.0086286926
    0.0011157469    -0.0004624114    -0.0040428039
   -0.0000177612     0.0038364443     0.0018442707
   -0.0006040889    -0.0024597071    -0.0010100810
    0.0000659865    -0.0013552736    -0.0009971223
   -0.0113276884     0.0095078729    -0.0055174918
    0.0014982830    -0.0120445649    -0.0006106997
    0.0054053471     0.0027106239     0.0142900726
    0.0034521741     0.0227621788    -0.0097101306
   -0.0039338891    -0.0167668233     0.0149173176
   -0.0000188026     0.0054537287    -0.0006001117
   -0.0260893985     0.0113687724     0.0091480167
    0.0069774501     0.0046145053     0.0181741373
    0.0102269278    -0.0130441381    -0.0194850584
    0.0008923172     0.0167411532    -0.0210131976
    0.0043804016    -0.0119003172     0.0121091764
   -0.0061321575    -0.0036195969     0.0055541410
    0.0078926651     0.0206095590     0.0142948477
   -0.0036264932    -0.0112020112    -0.0037154146
   -0.0009384899    -0.0076936652    -0.0061516901
   -0.0009063670    -0.0145277700    -0.0065165217
   -0.0198895871     0.0147159832     0.0057403620
    0.0160566274     0.0042834286    -0.0061806861
   -0.0122913253    -0.0160655113     0.0367255041
    0.0181661619     0.0136116469    -0.0310621094
   -0.0014290528    -0.0030933044    -0.0024904623
   -0.0081711865    -0.0493850851    -0.0119091402
    0.0017936418    -0.0026544825     0.0137059684
    0.0047097701     0.0546555919     0.0027358020
   -0.0012819484    -0.0012680608    -0.0084074052
    0.0004529443     0.0015325401     0.0110631745
   -0.0046463710    -0.0047236690    -0.0013300635
   -0.0196975490     0.0131066443     0.0218274434
    0.0165341863    -0.0092570229    -0.0207333547
    0.0000657869    -0.0103922512    -0.0005057743
    0.0015999231    -0.0007753484     0.0002827885
   -0.0005836479     0.0005846731     0.0000717155
   -0.0007594076     0.0001678005    -0.0003902561
    0.0103207841    -0.0111610999     0.0231517073
   -0.0127059435     0.0168249492    -0.0102121130
    0.0040920871    -0.0083850794    -0.0197357532
   -0.0222217930     0.0008252910     0.0516198693
    0.0189172154     0.0056398064    -0.0498827742
    0.0029586110     0.0105551805     0.0023661866
   -0.0001255241    -0.0007751460    -0.0018610016
    0.0001152946     0.0001085260     0.0010642080
    0.0002252453     0.0007123883     0.0010717298
    0.0169712864     0.0063762547     0.0025700165
   -0.0140211476    -0.0045014335    -0.0037817987
   -0.0049389617    -0.0048908298     0.0045251818
   -0.0056810250    -0.0105589578     0.0369711866
   -0.0007376075    -0.0027681885    -0.0266564438
    0.0068014626     0.0120829691    -0.0049255841
   -0.0294349656    -0.0062399622     0.0249935338
    0.0039387142     0.0002921926    -0.0055680312
    0.0305167506     0.0022621372    -0.0218182676
    0.0093605599     0.0063005016    -0.0057720530
   -0.0026944235    -0.0017315366     0.0050819896
    0.0027734959    -0.0013279179     0.0015263344
    0.0186205641     0.0072403417    -0.0109522383
   -0.0167000092    -0.0091924686     0.0046676648
    0.0009426937     0.0019763378     0.0027721865
   -0.0509322755    -0.0012267751     0.0032184580
    0.0132767759    -0.0073087711    -0.0087254857
    0.0401619184     0.0049265327     0.0142552767
   -0.0422824695     0.0133561550     0.0237303399
    0.0462399034    -0.0272365988    -0.0147613308
    0.0013010982     0.0115673394     0.0041122226
   -0.0110455896     0.0021030966    -0.0010538476
    0.0145917432    -0.0014187916    -0.0066918902
    0.0022449530    -0.0034271293     0.0102463579
    0.0165030135    -0.0077263639    -0.0247655886
    0.0222857905     0.0072563886     0.0217354995
   -0.0038635472     0.0043752262     0.0070703966
   -0.0096637723    -0.0022406456    -0.0164399097
    0.0010652688    -0.0041037717    -0.0066777424
    0.0072412304     0.0070613890     0.0229278201
   -0.0252721395     0.0093857790    -0.0016867528
   -0.0050235132    -0.0036430271    -0.0154787166
    0.0346589612    -0.0059134401     0.0163411693
    0.0105715088     0.0090927227    -0.0038522185
   -0.0112125752     0.0067225356     0.0167766105
    0.0035209893    -0.0131086759    -0.0177558231
    0.0388338123     0.0159294614     0.0003099856
   -0.0128150016    -0.0023797992     0.0039059682
   -0.0175587865    -0.0065082263    -0.0046572055
    0.0003534859    -0.0001969335    -0.0000579743
   -0.0002529161     0.0003427277     0.0001516936
   -0.0001391852    -0.0001353636     0.0000993470
    0.0348443035    -0.0008793921     0.0459283812
   -0.0262501298     0.0117793742    -0.0092507040
   -0.0084624407    -0.0092843462    -0.0349438531
   -0.0090226536     0.0095004925    -0.0089947177
   -0.0011764218    -0.0030631991     0.0022235751
    0.0010193448    -0.0012367789    -0.0001243468
    0.0007096676     0.0007269117    -0.0020999476
   -0.0004028126    -0.0005809277     0.0012339643
   -0.0005490670    -0.0005113369     0.0008772138
    0.0031664668    -0.0105734815     0.0025680120
   -0.0056021955     0.0096251500    -0.0122390544
    0.0007797728    -0.0006899978     0.0080469611
    0.0050344465    -0.0038486214     0.0106410590
    0.0050624207     0.0084850557     0.0066150314
   -0.0030415808    -0.0017713913    -0.0173062422
    0.0068462120     0.0357600662     0.0128655495
    0.0058491662    -0.0139335323    -0.0015980159
   -0.0171466374    -0.0073929567    -0.0151871718
    0.0067137578    -0.0141260460    -0.0219349934
   -0.0047908997     0.0227750048     0.0040542608
    0.0078281923    -0.0074534536     0.0178481654
   -0.0062778308    -0.0118809926     0.0126369269
   -0.0114333433     0.0026576989    -0.0054584206
    0.0149638687     0.0117567083    -0.0007339251
   -0.0010319281     0.0014312231     0.0017907564
    0.0006343177    -0.0007309922    -0.0013687514
    0.0002309335    -0.0007166956    -0.0008252309
    0.0102232127     0.0156042886    -0.0071780839
    0.0024419929     0.0020471616     0.0000011697
   -0.0011059317    -0.0201502214     0.0067259753
   -0.0024326988    -0.0033348486    -0.0059969855
    0.0002387010     0.0029044157     0.0020931855
    0.0014783082     0.0016771900     0.0036123898
   -0.0104379791     0.0047482318    -0.0064725985
   -0.0062597475     0.0013307107    -0.0030659305
    0.0128544078    -0.0054761199     0.0122926096
   -0.0080385295    -0.0149388229     0.0020429181
    0.0050281591     0.0168349595    -0.0008548055
   -0.0006100615     0.0061918070     0.0023356421
    0.0135970009     0.0070388842    -0.0316301959
   -0.0146851567     0.0034225113     0.0059588750
   -0.0013913749    -0.0119807246     0.0208942740
   -0.0002737213     0.0008280055    -0.0007679567
    0.0002247415    -0.0005853045     0.0002352656
    0.0001926020    -0.0003004784     0.0008182724
   -0.0019296527    -0.0019895876     0.0010550194
    0.0009968342     0.0008134895    -0.0000385801
    0.0007392818     0.0006807987    -0.0007810321
   -0.0280657711     0.0033487696     0.0029707791
    0.0096199865    -0.0125761871    -0.0035866455
    0.0110267473     0.0040309182    -0.0003444366
    0.0027667178    -0.0061755557    -0.0146477397
   -0.0001001299     0.0030997935     0.0016062386
   -0.0027722682     0.0011386130     0.0059442967
    0.0081730984    -0.0223782645    -0.0078193302
   -0.0140372037     0.0039498764     0.0010062615
    0.0105180277     0.0039088464    -0.0017012829
    0.0022213090     0.0002893848     0.0038268354
   -0.0007592402    -0.0008659064    -0.0017205040
   -0.0015886022     0.0001704318    -0.0013386323
   -0.0099578877    -0.0019152079     0.0026252727
    0.0150511083    -0.0059016285     0.0078142125
   -0.0028138201     0.0120883446    -0.0133534076
   -0.0233678731    -0.0248209649    -0.0248226426
    0.0286071559     0.0096155481     0.0327167009
   -0.0023921502     0.0157017577    -0.0021936288
   -0.0101647423     0.0164507416    -0.0392318143
   -0.0075020501    -0.0057443623     0.0189967084
    0.0205855521    -0.0125375298     0.0151236409
    0.0010745298    -0.0002183700     0.0209798413
    0.0307408065     0.0118455165    -0.0009711002
   -0.0233951582    -0.0207781664    -0.0143274275
   -0.0021597873    -0.0007632947    -0.0020527613
    0.0014846340     0.0002843413     0.0012642740
    0.0011257724     0.0004401499     0.0015356966
   -0.0027017511    -0.0084687815     0.0087837041
    0.0112579178     0.0101853003    -0.0032914494
   -0.0163953894     0.0011107368     0.0005660783
   -0.0152635634     0.0051444163     0.0051714105
    0.0000585372     0.0025496974    -0.0113326989
    0.0102771940    -0.0015349740     0.0131293433
    0.0388941238     0.0151639339    -0.0046923683
   -0.0162293067    -0.0096119567    -0.0095101614
   -0.0333910420    -0.0034308625     0.0113755206
    0.0178053558    -0.0425533455    -0.0103135549
   -0.0138679239     0.0132295510     0.0072775725
    0.0054503960     0.0329375302    -0.0005273193
    0.0001401617    -0.0006513790    -0.0002559440
   -0.0000429692     0.0006870272    -0.0000435869
   -0.0000943557    -0.0000229786     0.0003006328
    0.0064498282    -0.0210533366    -0.0474953466
    0.0012675757     0.0046264870     0.0138315670
   -0.0058042256     0.0133677726     0.0357162899
   -0.0140940248     0.0285535067     0.0065697440
    0.0304292638    -0.0164047126    -0.0220883299
   -0.0178661859    -0.0185345254     0.0163056442
    0.0154013299     0.0544055535    -0.0058090028
   -0.0152159736    -0.0143601306    -0.0045172087
    0.0023493134    -0.0393191342     0.0128948945
   -0.0530727507     0.0027199866    -0.0079091382
   -0.0009969039    -0.0047261531     0.0038301143
    0.0589647242     0.0024948174     0.0020531669
   -0.0096380312     0.0030993326    -0.0063428531
    0.0050925967     0.0040677169     0.0130483098
    0.0092055478    -0.0168737095    -0.0043917475
   -0.0103857311    -0.0161931287     0.0018864471
   -0.0019505886     0.0075114011    -0.0079268256
    0.0089853068     0.0064138811     0.0038450869
    0.0113891560     0.0027868011     0.0095167405
   -0.0083920296     0.0078174632    -0.0104631341
    0.0015326592    -0.0093962860    -0.0024113795
    0.0411039583    -0.0348051156    -0.0200150568
   -0.0075106665     0.0217874487    -0.0066515819
   -0.0331102184     0.0189634591     0.0232685228
    0.0197365648     0.0108697773     0.0300142790
   -0.0159989761    -0.0164196192    -0.0088779555
   -0.0008589580     0.0090458205    -0.0176027398
   -0.0185743857    -0.0247315852     0.0348618028
    0.0141900678     0.0197285030    -0.0253182766
    0.0003162803     0.0067647185    -0.0080264219
    0.0489158418     0.0099113895    -0.0247283241
   -0.0074016821    -0.0157668755    -0.0019048694
   -0.0360654082     0.0012024126     0.0219215581
    0.0142599900     0.0128375392    -0.0210332914
   -0.0137310502    -0.0025586500     0.0177256735
    0.0003055968    -0.0056172410     0.0000400221
   -0.0182702379    -0.0104147104    -0.0337405108
   -0.0004502255    -0.0474715427     0.0118904113
    0.0181520123     0.0589088416     0.0258367954
    0.0175879048    -0.0061083735    -0.0068835203
   -0.0049295873     0.0020286073     0.0105077022
   -0.0194648320    -0.0033752699    -0.0023368713
   -0.0010004338    -0.0115468065    -0.0104259972
   -0.0082139230     0.0010018185     0.0009345098
    0.0079591863     0.0075864875     0.0055359684
    0.0116529155    -0.0000014486     0.0079915832
   -0.0006986462    -0.0023093639    -0.0043869917
   -0.0121838528    -0.0004631009    -0.0026887265
   -0.0795773452     0.0109959965     0.0107415811
    0.0334521654     0.0017858866    -0.0018833128
    0.0082609524    -0.0127755109    -0.0058729115
    0.0009067708     0.0013058965     0.0000001672
   -0.0004655554    -0.0010382257    -0.0000835479
   -0.0004606253    -0.0005996420     0.0000011699
   -0.0001335788     0.0014246649    -0.0006671777
    0.0000137627    -0.0002741129     0.0001690505
   -0.0000216371    -0.0009851028     0.0005487329
    0.0092327974     0.0319853407    -0.0218946307
   -0.0060034399    -0.0056311154     0.0020943666
   -0.0062506310    -0.0260289071     0.0184797006
   -0.0188172450    -0.0002419502     0.0096768382
    0.0049130633     0.0033337592    -0.0163955262
    0.0066003213    -0.0035581026     0.0107286544
   -0.0392682328     0.0267198035    -0.0078976185
    0.0216523457    -0.0197217768     0.0120770105
    0.0164920648    -0.0073710216    -0.0090732034
    0.0084269088     0.0639237201     0.0003766855
    0.0189004311    -0.0382089605    -0.0168602069
   -0.0256476720    -0.0331082516     0.0110817998
   -0.0237669334     0.0025437619    -0.0116738149
    0.0027258845     0.0031403013     0.0048396987
    0.0133865032     0.0007451608     0.0042565864
    0.0249656936    -0.0009896923    -0.0053359777
   -0.0021488026     0.0068270664     0.0071996686
   -0.0233179836    -0.0062048121    -0.0011481546
   -0.0046453410     0.0056098695    -0.0054881470
   -0.0009786802    -0.0043096267     0.0046033537
    0.0087565109    -0.0035516910     0.0045078592
    0.0000990222     0.0065130883    -0.0062788088
   -0.0102518916    -0.0035801387     0.0000600472
    0.0052429310    -0.0012136381     0.0023198124
   -0.0182383243     0.0139467758    -0.0154161532
    0.0046625004     0.0012469683     0.0043081898
    0.0062629583    -0.0144629146    -0.0017758978
    0.0013106796    -0.0016868307    -0.0032554267
    0.0002865759     0.0011489409     0.0019868499
   -0.0008606008     0.0002498661     0.0012938959
    0.0176229621     0.0341736558     0.0222778600
   -0.0147608392    -0.0187295396    -0.0125231958
    0.0018310602    -0.0154497157    -0.0124885559
    0.0239695829    -0.0126841369     0.0133402538
   -0.0064990849    -0.0072798051    -0.0024810066
   -0.0130665994     0.0126765813    -0.0204482349
    0.0491077173    -0.0069935367     0.0098648328
   -0.0144487130    -0.0044610318    -0.0180955154
   -0.0402840311     0.0134262887     0.0121705071
    0.0095343408    -0.0097627344     0.0049228837
   -0.0057698909     0.0092813580     0.0061195193
   -0.0034487210     0.0011447690    -0.0086360253
    0.0223447533     0.0261224716     0.0325342306
   -0.0133513743    -0.0160394571    -0.0306679351
   -0.0016492091    -0.0084129076    -0.0029295809
   -0.0001140102     0.0236164837    -0.0233802959
    0.0095672809    -0.0073863348     0.0125087722
    0.0041102598    -0.0101057330     0.0094324189
    0.0068675820    -0.0220652434    -0.0145434625
   -0.0187135180     0.0061467191     0.0100665311
    0.0065711180     0.0115265158     0.0027450134
   -0.0077434221     0.0075440723    -0.0141333722
    0.0121335115    -0.0018288944     0.0033964696
    0.0003309319    -0.0050218078     0.0108885208
   -0.0284458947     0.0391293307     0.0759907755
    0.0466034918    -0.0060936440    -0.0527096360
   -0.0167278846    -0.0401267978    -0.0221148611
    0.0129095167    -0.0004966216     0.0073699141
   -0.0104944939    -0.0058790392    -0.0118259832
    0.0026104569     0.0040898306     0.0022202182
    0.0544399443    -0.0019783622    -0.0044528243
    0.0065523258     0.0081718308     0.0089544869
   -0.0520185854    -0.0137632027    -0.0037692625
   -0.0272440968    -0.0109721396     0.0145793847
    0.0027866004    -0.0021385458     0.0018484731
    0.0215730065     0.0150923708    -0.0171958748
   -0.0272839702     0.0070624793     0.0211496669
    0.0101096540    -0.0047868818    -0.0054160525
    0.0159900310     0.0028893167    -0.0133055020
    0.0119028057     0.0130056660     0.0125235831
   -0.0085625177    -0.0052786692    -0.0040617758
   -0.0031608261    -0.0088572430    -0.0075137781
   -0.0077785172    -0.0065709086     0.0017108867
    0.0077760664     0.0079544133    -0.0003278470
    0.0019620800     0.0035723691     0.0024127557
   -0.0134818782     0.0102679778    -0.0635343884
   -0.0027702367    -0.0168312433     0.0522283650
    0.0125291991     0.0091564697     0.0094584386
   -0.0049804668    -0.0059471041     0.0114928992
    0.0010882359     0.0040738734    -0.0063074948
   -0.0067230926     0.0102833889     0.0008635409
   -0.0017490699     0.0047429425     0.0075060481
   -0.0000887132    -0.0018301150    -0.0017100269
    0.0013721584    -0.0006441448    -0.0016467199
   -0.0059035253    -0.0064124058    -0.0339524458
   -0.0038833655    -0.0076103859     0.0020112280
   -0.0003257877     0.0059127922     0.0233909585
   -0.0021563032     0.0219456478     0.0063703813
    0.0075873680     0.0003085768    -0.0113235871
   -0.0018473775    -0.0206346188     0.0081431862
    0.0021923241     0.0051713542    -0.0024492879
   -0.0032447738     0.0005498004     0.0005848143
   -0.0022113931    -0.0031095730     0.0013953862
    0.0180033122    -0.0066706391    -0.0338679746
   -0.0086926906     0.0036805173     0.0217903942
   -0.0114493399    -0.0014073927     0.0114074901
    0.0028398955     0.0049122265     0.0038797244
   -0.0028876139    -0.0010224228    -0.0043702379
   -0.0006368792    -0.0002385104     0.0020901429
    0.0175765356     0.0134303922    -0.0095597818
   -0.0094776997    -0.0098848047     0.0083823888
   -0.0084015427    -0.0007979376     0.0020978231
    0.0083462742     0.0182526125    -0.0049055922
   -0.0012007291    -0.0041111293    -0.0014484131
    0.0031564197    -0.0169491764     0.0204114092
    0.0077212191     0.0234253197     0.0375750315
   -0.0179380566    -0.0214028214    -0.0200776646
    0.0011341751    -0.0048609497    -0.0136494968
    0.0057475583    -0.0062704071     0.0219818553
    0.0162470822    -0.0045374058     0.0021180074
   -0.0208433659     0.0139358273    -0.0223637323
    0.0119764173     0.0319109737     0.0353620750
   -0.0042076750    -0.0034376504    -0.0065307643
   -0.0091567329    -0.0292654847    -0.0292877173
   -0.0074857130     0.0090007280    -0.0066104143
    0.0044234218    -0.0144577574     0.0032312661
    0.0001838918     0.0011064158     0.0004496183
   -0.0018043566    -0.0025600252    -0.0031749118
    0.0007369651     0.0015861786     0.0006853497
    0.0010388932     0.0013928618     0.0024586993
    0.0194603369    -0.0066999975    -0.0244519777
    0.0193375477    -0.0119138727     0.0082036167
   -0.0278769849     0.0124906872     0.0193834077
   -0.0014337685    -0.0017630304     0.0011459478
    0.0009189822     0.0019726831    -0.0014985682
    0.0010883347     0.0005070334    -0.0002671852
   -0.0097256999    -0.0031765464    -0.0017465030
    0.0075211057     0.0033236817     0.0012852693
    0.0044381835     0.0024815438     0.0021539244
    0.0207091120    -0.0231845366     0.0381157052
   -0.0073973631     0.0046473871     0.0077617170
   -0.0160396973     0.0169383413    -0.0341402383
   -0.0259302209    -0.0253071846    -0.0326726927
    0.0104997755    -0.0050030987     0.0220119008
    0.0134222480     0.0244188032     0.0051033069
    0.0039264232     0.0103239663     0.0280232491
   -0.0006599293     0.0017178777    -0.0126864219
    0.0021380515    -0.0093000631    -0.0095187654
    0.0000720123    -0.0030287015     0.0070498430
    0.0082418864     0.0005960989     0.0067000231
   -0.0053834358     0.0007013570    -0.0162988141
    0.0020882767    -0.0000877888     0.0013811288
   -0.0009149837    -0.0002010531    -0.0007503051
   -0.0011792174     0.0002059401    -0.0004698621
   -0.0090625251    -0.0206546207     0.0308484193
    0.0051165760     0.0028844623    -0.0308637492
    0.0022628468     0.0167738922    -0.0024038547
    0.0001631003    -0.0015383359     0.0002275714
   -0.0003345118     0.0004290731     0.0002370904
    0.0001666422     0.0012431915    -0.0004068700
    0.0201505676     0.0049669835    -0.0128189504
   -0.0128347783    -0.0033696671    -0.0155085293
   -0.0088843348     0.0026823509     0.0299611487
    0.0000331500     0.0008885923    -0.0002065706
    0.0000385388    -0.0001060096     0.0000785733
   -0.0001029849    -0.0006239750     0.0001907577
    0.0048655054     0.0256965436    -0.0225866021
   -0.0082633556    -0.0059698678     0.0011396743
    0.0026443492    -0.0169889166     0.0218049863
    0.0318844959    -0.0156232783    -0.0098854838
   -0.0041904428     0.0022262495     0.0041672774
   -0.0267900602     0.0145452906     0.0073055081
    0.0370312565    -0.0288900244    -0.0039774524
   -0.0194186067     0.0068347898     0.0126243372
   -0.0196071877     0.0245419511    -0.0056459350
   -0.0052811537     0.0075316702    -0.0199970592
    0.0023650408    -0.0096512813     0.0102226962
    0.0061669736     0.0016907513     0.0069043654
   -0.0254095742     0.0101285521     0.0004580130
    0.0027266136    -0.0034296292    -0.0016890463
    0.0232958055    -0.0095206945     0.0006592154
   -0.0236624970    -0.0058158713    -0.0230697159
    0.0258564073     0.0073611719     0.0052771975
    0.0004549183     0.0016397299     0.0236652390
   -0.0061355223    -0.0003336224     0.0068759553
    0.0050212333    -0.0057587755    -0.0062363083
   -0.0019651430     0.0021851205    -0.0030643887
    0.0356243084    -0.0112428732    -0.0408774768
   -0.0337368399     0.0220564275     0.0317671511
   -0.0025986409    -0.0104819096     0.0063848056
    0.0306924843    -0.0301245637     0.0431385643
   -0.0069182704     0.0063193288     0.0003965520
   -0.0193382280     0.0217175506    -0.0462661430
    0.0018401309     0.0131137452    -0.0041145433
    0.0022738540     0.0038463969     0.0062520075
   -0.0044156280    -0.0052540709     0.0032739199
   -0.0075370009    -0.0175363213     0.0067709093
   -0.0074107825    -0.0092491608     0.0030965250
    0.0142279928     0.0231842450    -0.0120367058
    0.0098896544     0.0182582440    -0.0047375424
   -0.0014529033     0.0026522155    -0.0060838418
    0.0040821084    -0.0054896434     0.0044376953
    0.0162732287     0.0168652270    -0.0146658907
   -0.0148768835    -0.0005211460     0.0161026666
   -0.0014496858    -0.0120480350    -0.0001014277
    0.0050649242     0.0018746133     0.0046314801
   -0.0130727457    -0.0046690681    -0.0112887834
    0.0025518224    -0.0028127293     0.0058818752
    0.0112875241    -0.0242459305    -0.0002246953
   -0.0009791353     0.0049457531    -0.0004874777
   -0.0123243821     0.0116127055     0.0010147216
    0.0034238437     0.0148990552     0.0060994035
    0.0033537768    -0.0124786266    -0.0130039190
   -0.0112736791    -0.0033030385     0.0061603466
    0.0111425198    -0.0257958798     0.0113286700
   -0.0118297779     0.0211263926    -0.0129029730
   -0.0026125504     0.0012823475     0.0012865249
   -0.0102753013    -0.0192916815    -0.0122292817
   -0.0015450492    -0.0130926639     0.0018329015
    0.0041730177     0.0279197703     0.0025374556
    0.0041342514     0.0181917667     0.0003988956
   -0.0049467452    -0.0013068134    -0.0091443610
   -0.0086208096    -0.0116414067     0.0031043442
    0.0049831613    -0.0096556186     0.0139730116
    0.0031395769    -0.0094425726    -0.0130068333
   -0.0015163555     0.0152939796    -0.0040321585
   -0.0296306258    -0.0130079372     0.0003837646
   -0.0023789646    -0.0002590957     0.0013047253
    0.0291044770     0.0083582790    -0.0055309972
    0.0044882561    -0.0065109549     0.0055543573
    0.0015948817     0.0033173414    -0.0081842562
   -0.0056371691     0.0051599629     0.0051003840
   -0.0211664460    -0.0357520514     0.0137059232
    0.0127747528     0.0056198439    -0.0063396941
    0.0045253981     0.0309638969    -0.0069411231
   -0.0253287338    -0.0002854957     0.0011501100
   -0.0006036695     0.0022980178    -0.0090167576
    0.0216673502    -0.0021961162     0.0027359063
   -0.0326618404    -0.0202874431     0.0258183611
    0.0085647267    -0.0048482737    -0.0180700900
    0.0235649120     0.0170646591    -0.0075535515
    0.0169393750    -0.0087809678     0.0213959971
   -0.0011841155    -0.0048475684    -0.0035400299
   -0.0099156012     0.0125057187    -0.0107813942
   -0.0004471700     0.0001962263    -0.0013570922
    0.0001878896    -0.0000602160     0.0008051620
    0.0000783023     0.0000248165     0.0003424227
   -0.0218838236     0.0256057827    -0.0362334591
   -0.0013131742    -0.0087979609     0.0008606227
    0.0232183085    -0.0099984215     0.0143180361
    0.0319321442     0.0372958516    -0.0142827094
   -0.0072279314    -0.0495194948    -0.0039805710
   -0.0225626243     0.0037419716     0.0179563579
   -0.0319700504    -0.0074416511     0.0513314714
    0.0073803669     0.0088042878    -0.0061554649
    0.0220925668    -0.0013383027    -0.0356439955
    0.0143506847    -0.0094764608    -0.0087711660
    0.0065073420     0.0011860350     0.0029689088
   -0.0178691642     0.0054907296     0.0024065143
   -0.0406546160    -0.0092840948     0.0132801287
    0.0182577338     0.0114767399    -0.0366415992
    0.0174425676    -0.0029607285     0.0312804207
   -0.0229917926     0.0108041591     0.0307656537
    0.0010585300    -0.0177985707    -0.0118885619
    0.0249850316     0.0100083455    -0.0221326934
   -0.0106425217     0.0021375235     0.0469576119
    0.0126540021     0.0122152889    -0.0166191728
    0.0034800816    -0.0132425169    -0.0236597954
    0.0293092059     0.0093843840     0.0071050478
   -0.0251335930     0.0038619298    -0.0024418274
   -0.0037933202    -0.0145976145    -0.0074118181
    0.0008402030    -0.0012909102    -0.0005843656
   -0.0002903429     0.0007891952     0.0007884107
   -0.0007021864     0.0009183004    -0.0000890892
   -0.0128379272    -0.0005573021    -0.0198023617
   -0.0024697324    -0.0020242284     0.0220386013
    0.0120136723    -0.0016167976    -0.0061974121
    0.0090180040    -0.0058055134     0.0004762731
   -0.0082150403     0.0128867753     0.0100470992
    0.0056829689    -0.0106749303    -0.0070054629
    0.0017041309     0.0025422009    -0.0001026622
   -0.0007926987    -0.0011119042     0.0004079205
   -0.0011205625    -0.0012186486    -0.0002012051
   -0.0266396620    -0.0276410034    -0.0185827944
   -0.0018114804     0.0003352622     0.0034309471
    0.0137177738     0.0157141922     0.0153312022
   -0.0165916927    -0.0168066335    -0.0204913613
   -0.0022052656    -0.0033075415    -0.0081647590
    0.0159288694     0.0141488027     0.0115079485
    0.0048251762     0.0219393766    -0.0204536826
   -0.0060438459    -0.0179913979     0.0158241668
    0.0004781307     0.0011513702     0.0031339647
    0.0299682452    -0.0488245478    -0.0163515637
    0.0037454661     0.0247812704     0.0202668268
   -0.0261201072     0.0245327288    -0.0004450317
    0.0138281804     0.0090769308    -0.0156203176
   -0.0027828379     0.0009774067     0.0052752232
   -0.0057557806    -0.0045630214     0.0075692263
   -0.0162837753    -0.0143432132    -0.0108249889
   -0.0033866872    -0.0122370896     0.0009774415
    0.0114089380     0.0250554895     0.0130325920
    0.0148470764     0.0201098795    -0.0184029274
   -0.0009190276    -0.0191627310     0.0155001287
   -0.0135105026     0.0017673122     0.0014230898
    0.0241562241    -0.0298863395     0.0084906618
    0.0008370827    -0.0084351040     0.0060553844
   -0.0269985906     0.0361016189    -0.0086972941
    0.0244554810     0.0108347090     0.0168922503
   -0.0112664636     0.0099269485    -0.0063125245
   -0.0169454588    -0.0218785850    -0.0145877395
    0.0122902500    -0.0192271635     0.0053316001
   -0.0006605744     0.0005716953    -0.0062529644
   -0.0149716172     0.0113944085    -0.0015356916
   -0.0002183146     0.0000057855    -0.0003248303
    0.0000724117    -0.0001795174     0.0002366921
    0.0001744683     0.0000310934     0.0001307950
   -0.0013086048     0.0000204279    -0.0008210838
    0.0010140830    -0.0003469392     0.0003762166
    0.0007348369     0.0001639054     0.0003477899
    0.0104308187     0.0085534093     0.0255461173
   -0.0056761594     0.0059155033    -0.0264480395
   -0.0102531043    -0.0090023582    -0.0070108439
    0.0144861917    -0.0318384101    -0.0126659446
    0.0072694261     0.0088414483     0.0130844448
   -0.0164027704     0.0218063553    -0.0090221104
   -0.0147163377    -0.0077806061    -0.0050266044
    0.0030773218     0.0010929017     0.0009070786
    0.0110325505     0.0079372679     0.0051498627
   -0.0054882057    -0.0021737986     0.0153586617
   -0.0054807672     0.0064838313    -0.0042346555
    0.0045240618     0.0000393435    -0.0114509706
    0.0486950446    -0.0520575542    -0.0040162933
   -0.0233985591     0.0490324457     0.0060179897
   -0.0201201134     0.0008214596    -0.0043431930
   -0.0136236745     0.0212436038     0.0324989210
   -0.0042992985    -0.0128992647    -0.0340078777
    0.0140305046    -0.0043991404     0.0076059967
   -0.0115864874    -0.0432090016     0.0104383249
    0.0073594489     0.0386991171    -0.0058910813
    0.0021256482     0.0091172367    -0.0023475631
   -0.0332964951    -0.0146828568    -0.0288670260
    0.0391856598     0.0177145366     0.0343096131
   -0.0053927623    -0.0031236082    -0.0083859940
    0.0011583450    -0.0017659748    -0.0158101328
   -0.0039236482     0.0052834943     0.0106565865
    0.0040761158    -0.0039672014     0.0055027540
   -0.0033688600     0.0020612846    -0.0005471792
    0.0022618553    -0.0041305832    -0.0023594959
    0.0018895648    -0.0005601372    -0.0004156834
   -0.0450244057    -0.0075235033    -0.0275834880
    0.0321004093    -0.0097861332     0.0191989929
    0.0108610624     0.0150412086     0.0125034612
   -0.0047540971     0.0376328847    -0.0018696780
    0.0003470469    -0.0326556836     0.0074272514
   -0.0004997924    -0.0024709018    -0.0012705972
   -0.0016144879     0.0114175741    -0.0097415388
   -0.0062006250    -0.0042261198     0.0219997917
   -0.0041023120    -0.0024434089    -0.0009169318
    0.0082445128     0.0004849607     0.0489932506
   -0.0229844430    -0.0107160814    -0.0376626795
    0.0161237083     0.0099815139    -0.0152424201
    0.0018299221     0.0148326662     0.0003461498
   -0.0015835835    -0.0109606071    -0.0020158487
    0.0059505930    -0.0111208171     0.0077190523
   -0.0448904230     0.0126831237    -0.0007182283
    0.0335784599    -0.0061774645    -0.0005468201
    0.0028215420    -0.0059342828     0.0017883695
    0.0195541597     0.0005720667    -0.0008973987
   -0.0112090306    -0.0014254354     0.0050565491
   -0.0064934732    -0.0010575568    -0.0035537148
    0.0180657089     0.0450023919    -0.0062843235
   -0.0223795501    -0.0317496160     0.0036931747
    0.0075485108    -0.0160098714     0.0034956833
    0.0038273944    -0.0285148003     0.0029260392
   -0.0044943970     0.0159878176     0.0048955716
    0.0019307313     0.0104726089    -0.0067217362
   -0.0605541889    -0.0197711676     0.0358281092
    0.0468105269     0.0214813868    -0.0388860315
    0.0191007464    -0.0046924352     0.0062042494
    0.0160275604    -0.0055905520    -0.0166770264
   -0.0053179671     0.0013653648     0.0081495789
   -0.0051582671     0.0039005494     0.0055327002
   -0.0221451844    -0.0024766461    -0.0742372297
   -0.0006505365     0.0089776821     0.0619662214
    0.0213545432    -0.0047049544     0.0102364431
   -0.0017326233    -0.0033291939    -0.0013262446
    0.0064549730    -0.0007965398    -0.0043254628
    0.0005182595    -0.0002515244    -0.0007797345
   -0.0043171786    -0.0007914007     0.0164085923
    0.0024507377     0.0030856468    -0.0182374663
    0.0042586581    -0.0026804559    -0.0013788052
    0.0142062075     0.0029437999     0.0110178489
   -0.0028158930     0.0013885627    -0.0052450775
   -0.0052603977    -0.0006629475     0.0014122972
    0.0231574625     0.0453942616    -0.0005194962
   -0.0064863232     0.0044574620    -0.0011062685
   -0.0084049042    -0.0512206120     0.0037252151
    0.0189250492    -0.0081291622     0.0126031437
   -0.0023743306     0.0016577714     0.0002002109
   -0.0222977369     0.0095177249    -0.0210966395
    0.0053078189     0.0094416274    -0.0413384298
    0.0047222867    -0.0019637026     0.0372995173
   -0.0148522658    -0.0060529818     0.0047480218
   -0.0122778265    -0.0187880264     0.0192486849
   -0.0011340204    -0.0006249384    -0.0133373178
    0.0041279130     0.0019655320     0.0055966053
   -0.0539809034    -0.0012677092     0.0262566085
    0.0134173134     0.0171381709    -0.0003138311
    0.0407578519    -0.0091252075    -0.0274350535
    0.0054686924    -0.0066148550    -0.0611829701
   -0.0139837388     0.0087571523     0.0258254087
    0.0114607438     0.0027918378     0.0304994754
    0.0089227614     0.0092287262     0.0068100879
   -0.0046652668     0.0023774740    -0.0080509005
    0.0002398345    -0.0134251107    -0.0025712572
   -0.0108032321     0.0056510846    -0.0039298562
    0.0102445755     0.0003659413     0.0004272548
    0.0001469763    -0.0015330236     0.0031130379
   -0.0055810241     0.0046042791     0.0059674987
    0.0026045356    -0.0011188482    -0.0092379388
    0.0039266936    -0.0049838503    -0.0006761443
   -0.0083255309    -0.0064673904    -0.0060304886
    0.0052871579     0.0043767421     0.0043701829
    0.0006617722     0.0013530927     0.0002574255
    0.0167559843     0.0176787800    -0.0153784540
   -0.0116323499     0.0063520873    -0.0125014415
    0.0051278435    -0.0200119739     0.0337276288
    0.0034787035     0.0044604017    -0.0140535588
   -0.0108347746     0.0157142921    -0.0074129912
    0.0059870646    -0.0173046903     0.0216697536
   -0.0147488483    -0.0139699234    -0.0843719440
    0.0304253007    -0.0031496836     0.0592555114
   -0.0171907269     0.0215817563     0.0245917566
   -0.0023416172    -0.0060133303     0.0046889047
    0.0034559390     0.0087352789    -0.0067146012
    0.0014456211     0.0016042412    -0.0011961633
   -0.0157759224    -0.0310735997     0.0207020294
    0.0099237725     0.0172862195    -0.0189533161
   -0.0024696739     0.0127053716    -0.0032897260
    0.0110616298    -0.0049606949     0.0428386626
   -0.0090009431     0.0144085531    -0.0106218543
   -0.0049305169    -0.0051875323    -0.0300906396
   -0.0128435607    -0.0171244688    -0.0096686352
    0.0035678238     0.0067560096     0.0060318335
    0.0092056869     0.0059811968     0.0054569175
   -0.0155015087     0.0131361025    -0.0063809767
    0.0146022684     0.0001382340     0.0010438442
   -0.0051232023    -0.0008712273     0.0058895187
   -0.0003625418     0.0025435020    -0.0004922201
   -0.0001001438    -0.0015809443     0.0001540212
    0.0001613278    -0.0010505931    -0.0000365290
   -0.0007911575    -0.0228600195    -0.0051011344
   -0.0027283108     0.0176169131    -0.0125117967
    0.0043318212    -0.0011966071     0.0100368459
   -0.0036938559     0.0004592935    -0.0019661091
    0.0054780622    -0.0027442513     0.0015989092
   -0.0003932034     0.0049046551    -0.0036647262
    0.0117520882     0.0112866034     0.0218762425
   -0.0111304262    -0.0097337610    -0.0166665240
   -0.0010350635    -0.0000674323    -0.0047066702
    0.0142910653    -0.0192103357    -0.0106434879
    0.0034484238     0.0115164237     0.0061905476
   -0.0152761233     0.0068479386     0.0016255359
   -0.0033291968     0.0040468602     0.0127196971
    0.0067354685    -0.0002087245    -0.0107550780
    0.0034832713    -0.0128808479    -0.0010977876
    0.0104542770    -0.0221645879     0.0123013446
    0.0034804827    -0.0031752743     0.0056267241
   -0.0121598534     0.0240702069    -0.0153895592
   -0.0018428086    -0.0008650117    -0.0026872741
    0.0007894504     0.0005676188     0.0006987960
    0.0012545481     0.0010095258     0.0015783490
   -0.0006819386     0.0020807778     0.0001779856
    0.0007315439    -0.0024018748    -0.0003013399
    0.0002940601    -0.0008518133    -0.0001382628
   -0.0245941000     0.0144788964    -0.0009176555
    0.0275727304    -0.0058105375    -0.0003774649
    0.0003032315    -0.0063275630     0.0034178322
   -0.0000557024     0.0334844929     0.0228103223
   -0.0031553514    -0.0041496596    -0.0311536023
    0.0072547742    -0.0284946485     0.0157172663
    0.0108867095    -0.0242707569    -0.0088915788
   -0.0082471843     0.0183391730     0.0033720474
   -0.0035737692     0.0058032735     0.0032802247
   -0.0239598849    -0.0235840963     0.0325347437
   -0.0003248041     0.0039020502     0.0005141104
    0.0191572915     0.0159824421    -0.0272684222
    0.0559754446     0.0180230959    -0.0074159970
   -0.0097979911     0.0152608875     0.0042603781
   -0.0494458834    -0.0308625491     0.0041799420
   -0.0114982942    -0.0052579385    -0.0297214822
    0.0090613833     0.0092433261     0.0222236356
    0.0023302298     0.0006659291     0.0067801358
    0.0086668980     0.0394562471     0.0154271016
   -0.0212275094     0.0010125221     0.0000243795
    0.0192606175    -0.0497482802    -0.0191085240
    0.0035707397    -0.0170195162     0.0194240686
   -0.0125654112     0.0087138612     0.0008098104
    0.0070190322     0.0064856181    -0.0197438503
   -0.0182117873    -0.0230441014     0.0075832477
   -0.0016573383     0.0029140710    -0.0009896379
    0.0153134646     0.0191708861    -0.0103753553
    0.0230836571     0.0314935415     0.0316653355
    0.0195024567    -0.0276299943    -0.0044259368
   -0.0468832889    -0.0035094185    -0.0232708326
   -0.0007400110     0.0350478920    -0.0020248194
    0.0073739770    -0.0134963903     0.0048076824
   -0.0069787153    -0.0275658940    -0.0013037697
   -0.0011937288     0.0125722113    -0.0136184308
    0.0053567406     0.0085248613     0.0068586630
   -0.0063387715    -0.0199926485    -0.0006181107
   -0.0294805702    -0.0203801822     0.0079454780
    0.0278938358     0.0236026924     0.0003483245
    0.0014228937     0.0015122760    -0.0111198964
    0.0011084456    -0.0036028415     0.0004071462
   -0.0007101784     0.0017561698    -0.0009777816
   -0.0002044639     0.0009215475     0.0001910418
   -0.0024304352     0.0195548459    -0.0081840861
    0.0100391437    -0.0177514480    -0.0016728310
   -0.0058767426    -0.0062764645     0.0088306760
   -0.0324342419    -0.0215199348     0.0057040791
    0.0177887890     0.0240574805    -0.0055480725
    0.0087036784     0.0007162841     0.0009665688
    0.0279060227     0.0396433210    -0.0129879009
   -0.0181142668    -0.0328929501     0.0121399435
   -0.0099736888    -0.0139312744    -0.0017826856
   -0.0503594474     0.0493323820    -0.0174585052
    0.0063171707    -0.0087591566    -0.0083705470
    0.0478789850    -0.0418016718     0.0235082122
   -0.0006790454     0.0084948692     0.0029571392
    0.0051055510    -0.0086525801    -0.0032745644
    0.0005025863     0.0006466556     0.0014897012
    0.0063828093    -0.0181965796     0.0178319850
   -0.0105215345     0.0192138703    -0.0076365860
   -0.0019045717     0.0018350186    -0.0062150231
    0.0088668369     0.0047418179     0.0146651142
   -0.0027536926    -0.0007263606    -0.0013716421
   -0.0094238342    -0.0103799596    -0.0202109137
   -0.0058766502    -0.0072186100     0.0023216109
    0.0123024491    -0.0066463909    -0.0043997967
    0.0004982521     0.0077134757     0.0050389801
   -0.0226064015    -0.0318803887     0.0050118547
    0.0239350864     0.0234912265    -0.0092775394
   -0.0014633403     0.0067225007     0.0073357995
    0.0326644674    -0.0096161829    -0.0196053546
   -0.0037355856     0.0103194530    -0.0061611508
   -0.0233149888    -0.0029580940     0.0170635797
   -0.0058407564     0.0311554124    -0.0337649803
    0.0043355392    -0.0216399254     0.0251893030
    0.0046320727     0.0053717722     0.0093785185
   -0.0178539616     0.0145991197    -0.0260292882
    0.0199260879    -0.0002921705     0.0158841546
    0.0028662185    -0.0122053973     0.0092509471
   -0.0004881659    -0.0125118932     0.0097583498
    0.0079364072     0.0017387506    -0.0008896461
   -0.0049443046     0.0082751589    -0.0054839316
   -0.0296303025     0.0238700056     0.0299686049
    0.0150566185     0.0032422904    -0.0293678393
    0.0171456904    -0.0295671899    -0.0043544577
    0.0009308741    -0.0022378812     0.0018324838
   -0.0005114480     0.0008219894    -0.0006544046
   -0.0003494258     0.0007997007    -0.0010288744
    0.0228721524    -0.0040082155     0.0046308194
   -0.0181543852     0.0025191588    -0.0029538802
   -0.0039615916     0.0007085169    -0.0032342215
    0.0032394053     0.0021342917     0.0011205609
    0.0053330269    -0.0019988311     0.0008244110
   -0.0079405346    -0.0026235287    -0.0024637064
    0.0104221781    -0.0239992358    -0.0116077639
    0.0072631316     0.0092735698     0.0001794731
   -0.0170926496     0.0196737884     0.0094825723
    0.0040855285    -0.0031088732     0.0020373254
   -0.0038328863     0.0020907557    -0.0010323220
   -0.0017697578     0.0024807709    -0.0019357222
   -0.0013995179    -0.0346712344    -0.0037460486
   -0.0082278652    -0.0050961497    -0.0010002685
    0.0076210699     0.0369445494     0.0045093082
   -0.0584358372    -0.0137261912    -0.0067504242
    0.0466808199     0.0174036594     0.0021098398
    0.0142468240    -0.0093338845     0.0034695549
   -0.0025454513     0.0009698661     0.0008351782
    0.0008736014    -0.0005828251    -0.0005539123
    0.0012334396    -0.0004159591    -0.0003892245
    0.0484206503    -0.0187835938     0.0323835560
   -0.0096299165    -0.0002565665    -0.0334811038
   -0.0336408924     0.0198121376    -0.0010782190
    0.0125643093     0.0086769055    -0.0151322070
   -0.0118217771    -0.0164622368     0.0104741714
    0.0003681442     0.0036682733     0.0012041530
   -0.0175304492    -0.0071779710    -0.0298266753
    0.0172638884    -0.0129648063    -0.0004102182
   -0.0006391227     0.0207155335     0.0306146358
   -0.0239121794    -0.0128384931     0.0055740560
    0.0023005818     0.0152553162    -0.0018194234
    0.0142727937     0.0018359756    -0.0012447046
    0.0018661271     0.0024038226    -0.0048365973
    0.0010743158     0.0000797311     0.0067740602
   -0.0013496741    -0.0011934262     0.0018077772
    0.0467677913     0.0245072220     0.0055371122
   -0.0112539497     0.0008673388     0.0149723052
   -0.0295064569    -0.0173583576    -0.0163266644
    0.0011843604     0.0010923331     0.0004458540
   -0.0008885259    -0.0002618098    -0.0002986106
   -0.0004334865    -0.0008666484    -0.0000485559
    0.0190990862    -0.0158282374    -0.0195254026
   -0.0091812080     0.0070997689     0.0179674476
   -0.0078100487     0.0085899941     0.0003282627
    0.0048344701     0.0053241527     0.0151660163
   -0.0043288865    -0.0275504187    -0.0239859689
   -0.0032563912     0.0211773091     0.0110354381
    0.0108249613    -0.0096184790     0.0419875840
    0.0022944997     0.0021546471    -0.0327192757
   -0.0146032914     0.0067467408    -0.0049353354
   -0.0336922599     0.0161700259     0.0037747599
   -0.0095604064    -0.0024095051     0.0049560131
    0.0422644680    -0.0143419331    -0.0106590098
    0.0056059552     0.0226755871    -0.0319721057
    0.0040777387    -0.0275470616     0.0002379051
   -0.0114557879     0.0193493847     0.0302882275
   -0.0103673311    -0.0037582641    -0.0091400015
    0.0025146640    -0.0067790117     0.0042861368
    0.0065824303     0.0089255966     0.0053682855
    0.0034074623     0.0016236306    -0.0004413381
   -0.0027213470    -0.0005578695    -0.0000022720
   -0.0010795351    -0.0004923641     0.0002004808
    0.0070873707     0.0140335979     0.0059644676
   -0.0101866550    -0.0075108796    -0.0105411989
    0.0015116601    -0.0049270767     0.0012524563
   -0.0004298855     0.0013447965     0.0005382855
    0.0003667722    -0.0005499314    -0.0002458415
    0.0000709938    -0.0007385898    -0.0004552912
    0.0054807273    -0.0089168899    -0.0058999132
   -0.0079558160     0.0102368087     0.0045773773
    0.0057660828    -0.0054161199     0.0112155295
   -0.0055774931    -0.0189025595    -0.0080628203
    0.0037824262     0.0073563170     0.0052640100
    0.0095130967     0.0094349645    -0.0028473871
    0.0250708799    -0.0076977623     0.0199311874
    0.0047076669    -0.0022582713    -0.0030354927
   -0.0267149127     0.0084484511    -0.0166837197
    0.0195667999     0.0094794866     0.0283143691
   -0.0107121401    -0.0099908246     0.0048617018
   -0.0066026509    -0.0008699017    -0.0316945265
   -0.0105292299    -0.0390643070    -0.0214744679
   -0.0003551727     0.0064846630     0.0107659022
    0.0044787212     0.0293289692     0.0095462574
    0.0395020094     0.0222649987     0.0064777399
   -0.0368273997    -0.0041184289     0.0081088471
   -0.0065814661    -0.0100081816    -0.0134100949
    0.0044593506     0.0013695894     0.0025972879
   -0.0148432127     0.0069117841    -0.0060319336
    0.0111962555    -0.0055328525     0.0026246375
   -0.0338849784    -0.0024927026     0.0268786522
   -0.0004728093     0.0060416517    -0.0072775181
    0.0262979651    -0.0105306410    -0.0221168912
    0.0213126026     0.0108777514     0.0019074056
    0.0043640017    -0.0107909691    -0.0044963679
   -0.0261709560     0.0023833170     0.0004087365
    0.0101126684     0.0049435219     0.0354906796
    0.0061318772    -0.0107762519    -0.0152074218
   -0.0238501073     0.0063497441    -0.0207980291
    0.0019935820    -0.0015421894    -0.0018664406
   -0.0011977747     0.0009847723     0.0004366527
   -0.0010237955     0.0010395584     0.0019427587
    0.0187390804     0.0159257627    -0.0188187414
   -0.0125347678     0.0054503031     0.0086428389
   -0.0020257282    -0.0241440291     0.0121675838
    0.0336409912    -0.0024707266     0.0074704484
   -0.0176825449     0.0133497940    -0.0044144955
   -0.0163353912    -0.0091025142     0.0025942335
    0.0100317817    -0.0082652678     0.0434803486
   -0.0101339413    -0.0053416520    -0.0058439929
   -0.0029233188     0.0146139482    -0.0376062276
    0.0050014794    -0.0021858683    -0.0011015854
   -0.0019027359     0.0016169849     0.0012577560
   -0.0013351971     0.0006108699     0.0003723676
   -0.0003282881     0.0030781709     0.0227118646
   -0.0028823399     0.0003373166    -0.0123092254
    0.0005508312    -0.0060198846    -0.0006853617
    0.0026579328     0.0040101319     0.0006630528
   -0.0018129437    -0.0022962009     0.0008032036
   -0.0011771311    -0.0013610073    -0.0005582467
   -0.0000332418     0.0000816133    -0.0003605631
    0.0000215404    -0.0000795574     0.0000907231
    0.0001128829    -0.0000229813     0.0002135390
    0.0003215364     0.0010854486     0.0015706310
   -0.0001673176    -0.0004847593    -0.0011946736
   -0.0003952043    -0.0006675306    -0.0006417124
   -0.0116914632    -0.0442906446    -0.0113354172
    0.0202675306     0.0352608693     0.0077159934
   -0.0096574650     0.0083624298     0.0005765488
    0.0102739535    -0.0036242689     0.0009650657
   -0.0004920904     0.0105663906     0.0041697855
   -0.0078296067    -0.0006822888    -0.0043102902
    0.0058549200     0.0088863720     0.0115778671
   -0.0133055335     0.0012641011     0.0069847046
    0.0183399319    -0.0003680876    -0.0078091384
    0.0107501709     0.0119815295     0.0061099598
   -0.0186323148     0.0067906366     0.0038150646
    0.0060995198    -0.0138208839    -0.0067990921
    0.0109592655    -0.0045644194    -0.0240305647
   -0.0046829340     0.0037393626     0.0016739694
   -0.0045523851     0.0055028495     0.0214750519
    0.0120710279     0.0342131562    -0.0258804195
    0.0075893259    -0.0391088207     0.0143404165
   -0.0189222387     0.0086385829     0.0155429859
    0.0089404166    -0.0005401881    -0.0174370664
    0.0011065685     0.0124420635     0.0096178326
   -0.0117933403    -0.0098723832     0.0075172906
   -0.0224554396    -0.0021176526    -0.0336112517
    0.0158422417    -0.0010556809    -0.0003125943
    0.0105405299    -0.0002787847     0.0315241385
    0.0021807266    -0.0083242396     0.0095402323
    0.0125813684     0.0092298736    -0.0021152615
   -0.0077375298     0.0008459260    -0.0028901583
   -0.0111336625     0.0168718098    -0.0203109116
   -0.0039913871     0.0008100753    -0.0029381051
    0.0088519215    -0.0201859095     0.0233453995
   -0.0251661589     0.0415376953    -0.0291142981
    0.0218836240    -0.0249361933     0.0284614798
   -0.0001885703    -0.0205986148    -0.0012769778
   -0.0148641812     0.0024682895     0.0015848067
    0.0027938611    -0.0004406623    -0.0080559434
    0.0152333587    -0.0037590049     0.0052419366
    0.0137345516     0.0151386593    -0.0084307574
   -0.0039340819    -0.0029309926     0.0069659615
   -0.0079706084    -0.0114068336    -0.0026383309
    0.0005755113     0.0015353031     0.0039813007
   -0.0000995547    -0.0002890560    -0.0013116579
   -0.0011538597    -0.0006526018    -0.0034374682
    0.0184798577     0.0106372737     0.0173951522
   -0.0224298256    -0.0085941099    -0.0117217819
    0.0034443072    -0.0033425431    -0.0080766177
    0.0345653646     0.0055295550     0.0386152399
   -0.0282942184     0.0084648700    -0.0461378352
   -0.0039852056    -0.0040584355     0.0032898655
    0.0328492836     0.0304959716     0.0195612261
   -0.0013020835    -0.0046922308    -0.0337355973
   -0.0285884391    -0.0261460836     0.0187040886
   -0.0030808941    -0.0187443437     0.0107250828
    0.0009896183     0.0220297851    -0.0190881831
   -0.0002644623    -0.0039676080     0.0054894977
   -0.0295294659     0.0055229196     0.0044498610
    0.0050444965    -0.0103218286    -0.0018220546
    0.0240870014     0.0020171032    -0.0034679011
    0.0255722686    -0.0153634666     0.0353083341
   -0.0174085683     0.0014051082    -0.0271651370
   -0.0022656115     0.0173109289    -0.0053316602
    0.0233668165     0.0004436647    -0.0176074276
   -0.0160533812    -0.0030329059     0.0065796109
   -0.0040471726    -0.0010837308     0.0020207195
    0.0023703537     0.0032257851    -0.0100444467
    0.0052330145    -0.0085272815     0.0037688011
   -0.0091838658    -0.0001419006     0.0075976960
   -0.0046939166    -0.0541176579     0.0091479804
    0.0036694204     0.0518107633     0.0034546802
   -0.0029527727     0.0021231988    -0.0093864872
   -0.0127256737     0.0083470167    -0.0053296326
    0.0056592157    -0.0036550173     0.0059997522
    0.0094360829    -0.0024145912    -0.0018079031
    0.0287793617     0.0158589634    -0.0173505023
   -0.0078491331    -0.0042353001     0.0133833830
   -0.0267048070    -0.0136234058     0.0028374322
   -0.0046839064     0.0397984956     0.0267299718
    0.0078281951     0.0100892500    -0.0033377978
   -0.0012293238    -0.0502918997    -0.0221121615
    0.0468833373    -0.0309941317    -0.0352580699
   -0.0581929190     0.0241589095     0.0089237427
    0.0093261211    -0.0024546157     0.0260542095
    0.0128001072    -0.0003974312    -0.0377274593
   -0.0087533633     0.0004852795     0.0225380961
   -0.0072712842     0.0016974960     0.0111207703
   -0.0026719687    -0.0130594617    -0.0248797717
   -0.0023431016     0.0072110264     0.0081334415
    0.0033443236     0.0076102249     0.0074155337
   -0.0000192832     0.0000471781    -0.0004702887
    0.0001967064     0.0002545637     0.0000828145
   -0.0001813852    -0.0001775686     0.0002065893
   -0.0085903748    -0.0139796144    -0.0153973947
   -0.0074094961    -0.0030420669     0.0050859005
    0.0120445855     0.0158470150     0.0091491851
    0.0038916870    -0.0226506183    -0.0296089079
   -0.0033513195     0.0126784657     0.0183418025
    0.0022580196    -0.0029739665     0.0029230147
    0.0131996975     0.0145747574    -0.0050504619
   -0.0074695361    -0.0086966036    -0.0001323565
   -0.0028791942    -0.0150689265     0.0082916229
   -0.0627865336    -0.0214961704    -0.0108319825
    0.0152101299     0.0171333219     0.0169677945
    0.0467630787     0.0032091525    -0.0041760234
   -0.0223755008    -0.0051126257    -0.0111900370
    0.0231067589    -0.0089588064    -0.0057901871
   -0.0001583652     0.0083465427     0.0059352235
    0.0028107798     0.0003485217    -0.0012745220
   -0.0014825922     0.0000746283     0.0008807442
   -0.0012305466     0.0000596984     0.0000339274
   -0.0112461237     0.0304712064     0.0001767561
    0.0018748699    -0.0075949303    -0.0067208531
    0.0007128267    -0.0095476035     0.0062306126
    0.0362231360    -0.0024505260     0.0051940411
   -0.0192669687     0.0036182046    -0.0075632567
   -0.0184055362    -0.0016527787     0.0071303621
   -0.0089554019     0.0102773352    -0.0133586976
    0.0018626760    -0.0023131030     0.0026066924
    0.0021763748    -0.0045502815     0.0060181386
   -0.0141897700    -0.0191052314     0.0126223178
   -0.0032642474     0.0038218939     0.0043552519
    0.0172481534     0.0099795855    -0.0118644890
    0.0140580928     0.0098632332     0.0207925123
   -0.0027074816    -0.0063657867    -0.0070638409
   -0.0046356168    -0.0008054506    -0.0065452694
    0.0006441748     0.0013198735     0.0040012992
   -0.0036385869     0.0089378053    -0.0005425876
    0.0095372334    -0.0051815703     0.0005617820
   -0.0299857385    -0.0170726452     0.0433480554
   -0.0044867937     0.0111604453    -0.0052394690
    0.0388475042     0.0019064447    -0.0289922446
   -0.0024892317     0.0150220343    -0.0041483234
   -0.0101873020    -0.0160100679     0.0051515837
    0.0091626313    -0.0011610514     0.0063000338
    0.0022789779    -0.0042307976    -0.0112546279
    0.0019958973     0.0113031397     0.0091638960
   -0.0084083964    -0.0002163121     0.0152417200
   -0.0185439921     0.0148604448    -0.0175716487
    0.0317045769    -0.0014476693     0.0067591123
   -0.0122809961    -0.0126417331     0.0101546507
    0.0027095803    -0.0252274674     0.0019429039
   -0.0031060737     0.0070684190     0.0064021419
   -0.0011383197     0.0068747779    -0.0045659603
    0.0320110432     0.0459459455     0.0067291166
   -0.0028539638     0.0009159061    -0.0052464658
   -0.0260388086    -0.0508543779    -0.0059332557
   -0.0004385207    -0.0003460121     0.0036002179
   -0.0002044137     0.0003606863    -0.0021628860
    0.0004730929     0.0005902435    -0.0015771175
   -0.0187918402     0.0134541371    -0.0116692349
    0.0198187666     0.0158974875     0.0300268911
    0.0069877834    -0.0258676276    -0.0137066695
   -0.0004221861    -0.0000138256     0.0000912880
    0.0002395666    -0.0002540922    -0.0001017176
    0.0002515548     0.0002158178    -0.0000065783
   -0.0035819415     0.0004749756     0.0021744033
    0.0008310305    -0.0001360559    -0.0005227954
    0.0022055076    -0.0007922958    -0.0023495075
   -0.0122477217    -0.0055160379    -0.0141244475
    0.0083506652     0.0028788985     0.0025981350
   -0.0024231089     0.0029943402     0.0115681168
    0.0038782674    -0.0163505678    -0.0122379376
   -0.0030223365     0.0176351353     0.0070724915
   -0.0034211737    -0.0071972732     0.0103820613
    0.0047445657    -0.0012530350    -0.0312866575
   -0.0094257672    -0.0035653738    -0.0008161497
    0.0022775252     0.0038550150     0.0254969027
   -0.0258059074    -0.0183570344     0.0000572280
    0.0127898926    -0.0051274579    -0.0017061275
    0.0112291430     0.0245374519     0.0032098858
    0.0019970914    -0.0556129761     0.0300075732
   -0.0236284626     0.0337312210    -0.0173867166
    0.0223771787     0.0254988747    -0.0127780166
   -0.0194519657    -0.0352107608     0.0285912255
    0.0043627535     0.0187223506    -0.0076001882
    0.0153934445     0.0151270509    -0.0221302042
   -0.0013361033    -0.0008010589    -0.0055331886
    0.0008757261    -0.0001744540     0.0011791118
    0.0011788449    -0.0003600861     0.0030525998
   -0.0000492086    -0.0028004996     0.0004040344
   -0.0001215781     0.0013642122    -0.0007207431
    0.0002466767     0.0015513143    -0.0003061980
    0.0033845165     0.0105564443    -0.0377478946
   -0.0003779474    -0.0141363340     0.0110569499
   -0.0128888545     0.0047534798     0.0355443503
---------------------------------------------------
Net gradient: -1.115595e-07 -1.708722e-07  5.136324e-08
Net torque:    1.438253e-03  9.110539e-04 -1.263099e-03

